filename,label,path
337389025_160634809843934_2776605974383488014_n_cropped_jpg.rf.105688bb459d512e24edf0e25c26d80c.jpg,failure,downloads/5/train/337389025_160634809843934_2776605974383488014_n_cropped_jpg.rf.105688bb459d512e24edf0e25c26d80c.jpg
failure (32).jpg,failure,downloads/4/train/failure/failure (32).jpg
bed_not_stick_91_jpg.rf.1fdfe41e6c3e4113a333a60c9d48e65f.jpg,failure,downloads/5/valid/bed_not_stick_91_jpg.rf.1fdfe41e6c3e4113a333a60c9d48e65f.jpg
failure (2).jpg,failure,downloads/4/train/failure/failure (2).jpg
84eeit0oehg31_jpg.rf.63ca5c5431010af24562f4563aa5c7ec.jpg,failure,downloads/2/test/84eeit0oehg31_jpg.rf.63ca5c5431010af24562f4563aa5c7ec.jpg
82_jpg.jpg,failure,downloads/1/valid/82_jpg.rf.2f7f2caab599a569d5a73c67f045bcc0.jpg
_69324630_squiggles_jpg.rf.6d811fd67d93277d2062ad2b9826d074.jpg,failure,downloads/5/train/_69324630_squiggles_jpg.rf.6d811fd67d93277d2062ad2b9826d074.jpg
voxelab-aquila-3d-printer-body-6-1024x576.jpg,failure,downloads/3/spaghetti/voxelab-aquila-3d-printer-body-6-1024x576.jpg
g_jpg.jpg,failure,downloads/1/test/g_jpg.rf.4a3e5ea85a9b1a3bd60d2b1ca3f3da3b.jpg
DSC02151-JPG-3be35b50b2324f9b7f86b82be85ae3c5_JPG.rf.6dd72bd3b352298f0bf14370a0b9b6ab.jpg,failure,downloads/2/train/DSC02151-JPG-3be35b50b2324f9b7f86b82be85ae3c5_JPG.rf.6dd72bd3b352298f0bf14370a0b9b6ab.jpg
3D-printed-gremlins-796x448_c_jpg.rf.294db0aeca5dc4a0a2a2054f9caf9f3a.jpg,failure,downloads/5/train/3D-printed-gremlins-796x448_c_jpg.rf.294db0aeca5dc4a0a2a2054f9caf9f3a.jpg
failure (65).jpg,failure,downloads/4/train/failure/failure (65).jpg
IMG_0925_jpg.rf.537a2f0ac4360cdb1e7af93746d4e19b.jpg,failure,downloads/2/train/IMG_0925_jpg.rf.537a2f0ac4360cdb1e7af93746d4e19b.jpg
58_jpg.rf.622a2d56807b08d865e4a6126a5eeb72.jpg,failure,downloads/5/train/58_jpg.rf.622a2d56807b08d865e4a6126a5eeb72.jpg
failure (73).jpg,failure,downloads/4/train/failure/failure (73).jpg
IMG_20190315_182828_resized_20190315_062942052-jpg-8a88576191faf0f1d6f2cf3958e55e78_jpg.rf.0fcc1ae53b0cbc66afa7dc701a36a903.jpg,failure,downloads/2/train/IMG_20190315_182828_resized_20190315_062942052-jpg-8a88576191faf0f1d6f2cf3958e55e78_jpg.rf.0fcc1ae53b0cbc66afa7dc701a36a903.jpg
59_jpg.jpg,failure,downloads/1/valid/59_jpg.rf.dc0662d59a23388130440ec37073c364.jpg
49_jpg.jpg,failure,downloads/1/valid/49_jpg.rf.a2d4a2a12683b0be131dcb8f3966957e.jpg
failed-prints-2_jpg.rf.3ccf3940205c737db649125155fa4d32.jpg,failure,downloads/2/train/failed-prints-2_jpg.rf.3ccf3940205c737db649125155fa4d32.jpg
imag-140-_jpg.jpg,failure,downloads/1/train/imag-140-_jpg.rf.fdd56e41acd0727fc05f4bbef51aecad.jpg
20190327_114026-jpg-18c23791fba1c175cace02695cc10b46_jpg.rf.130b78d0ae084aeb5b324fc43787562e.jpg,failure,downloads/2/train/20190327_114026-jpg-18c23791fba1c175cace02695cc10b46_jpg.rf.130b78d0ae084aeb5b324fc43787562e.jpg
3D_Printing_FAIL_png.jpg,failure,downloads/1/train/3D_Printing_FAIL_png.rf.5f92937a7efa6f96a349745dc2925404.jpg
102_jpg.jpg,failure,downloads/1/valid/102_jpg.rf.157d5615c67f713599c6f2f1dcb8ca48.jpg
112_jpg.jpg,failure,downloads/1/valid/112_jpg.rf.314631ce22a78cfb3533c2c3f62b12d4.jpg
failure (24).jpg,failure,downloads/4/train/failure/failure (24).jpg
index_jpg.rf.64295bdc65a8c927727cb787a1220302.jpg,failure,downloads/2/train/index_jpg.rf.64295bdc65a8c927727cb787a1220302.jpg
Capture-d-ecran--347-_jpg.rf.37c31647d4780128305575a214da5017.jpg,failure,downloads/2/train/Capture-d-ecran--347-_jpg.rf.37c31647d4780128305575a214da5017.jpg
failedprint2_img_5eb0af2d67ead_jpg.jpg,failure,downloads/1/test/failedprint2_img_5eb0af2d67ead_jpg.rf.4554271273b05139ac9d2b9cb08ccf61.jpg
cracks_57_jpg.rf.0ddb2bfd0913ac630d97a2f41d3fdd78.jpg,failure,downloads/5/valid/cracks_57_jpg.rf.0ddb2bfd0913ac630d97a2f41d3fdd78.jpg
i_jpg.rf.9064af9e915cacb8d2fecdf8b057902c.jpg,failure,downloads/5/test/i_jpg.rf.9064af9e915cacb8d2fecdf8b057902c.jpg
14_jpg.jpg,failure,downloads/1/valid/14_jpg.rf.ea2a0683d1dfff78e707d88caf23f73b.jpg
imag-136-_jpg.jpg,failure,downloads/1/train/imag-136-_jpg.rf.fcb3ba705b6e3e5d0cd90dc7e9c873ab.jpg
6hprdawknt341_jpg.jpg,failure,downloads/1/train/6hprdawknt341_jpg.rf.f78f6ddf4e922a8b7ced593cfd947bfc.jpg
imag-137-_jpg.jpg,failure,downloads/1/train/imag-137-_jpg.rf.3e683324a7b290c53dce30b556d6de5b.jpg
failure (161).jpg,failure,downloads/4/test/failure/failure (161).jpg
8267846360_9a97ae0e3a_k_jpg.jpg,failure,downloads/1/train/8267846360_9a97ae0e3a_k_jpg.rf.5a7c6b8420a02729967bf9be8216e03d.jpg
d762d60aecc932573660d84932716e96_jpg.rf.3139f1ac47b4271bac74717b6843a0dc.jpg,failure,downloads/2/train/d762d60aecc932573660d84932716e96_jpg.rf.3139f1ac47b4271bac74717b6843a0dc.jpg
imag-13-_jpg.rf.010dc3ce62ea06d89979bcfb12a8fbcf.jpg,failure,downloads/5/train/imag-13-_jpg.rf.010dc3ce62ea06d89979bcfb12a8fbcf.jpg
DYWKrIBVQAAORHW_jpg.rf.bf1deb93e4a850cc0fd29a36bc6c4fd2.jpg,failure,downloads/2/train/DYWKrIBVQAAORHW_jpg.rf.bf1deb93e4a850cc0fd29a36bc6c4fd2.jpg
Capture-d-ecran--580-_jpg.rf.536a3776d40f4ec00fd13fd42e2727cf.jpg,failure,downloads/2/test/Capture-d-ecran--580-_jpg.rf.536a3776d40f4ec00fd13fd42e2727cf.jpg
failure (136).jpg,failure,downloads/4/valid/failure/failure (136).jpg
cracks_4_jpg.rf.5abfd73c776591f9895caeef24b8f01c.jpg,failure,downloads/5/train/cracks_4_jpg.rf.5abfd73c776591f9895caeef24b8f01c.jpg
132_jpg.rf.24137a7e981a83dc66e9565520002740.jpg,failure,downloads/5/train/132_jpg.rf.24137a7e981a83dc66e9565520002740.jpg
tumblr_o5xoa63Rmh1thio9do1_1280.jpg,failure,downloads/3/spaghetti/tumblr_o5xoa63Rmh1thio9do1_1280.jpg
_69324630_squiggles_jpg.jpg,failure,downloads/1/train/_69324630_squiggles_jpg.rf.0c64794e591e088515cf9e4180504548.jpg
failure (120).jpg,failure,downloads/4/valid/failure/failure (120).jpg
Capture-d-ecran--647-_jpg.rf.2c742f3a929228849c0af5ccc6cd68ba.jpg,failure,downloads/2/train/Capture-d-ecran--647-_jpg.rf.2c742f3a929228849c0af5ccc6cd68ba.jpg
Capture-d-ecran--375-_jpg.rf.4cc0af09da3fe58579778251c544377c.jpg,failure,downloads/2/test/Capture-d-ecran--375-_jpg.rf.4cc0af09da3fe58579778251c544377c.jpg
failure (49).jpg,failure,downloads/4/train/failure/failure (49).jpg
66_jpg.jpg,failure,downloads/1/valid/66_jpg.rf.7aad57bc88670cf18dbbd59136056df7.jpg
7_jpg.jpg,failure,downloads/1/valid/7_jpg.rf.96965a8fbd70b5590f4d1e63081d2d56.jpg
76_jpg.jpg,failure,downloads/1/valid/76_jpg.rf.42033c82f7355d4a7d9f8ffec2ceb964.jpg
Screen_Shot_2018-03-23_at_6-18-24_PM_large_png.rf.ac16a5a852ac70bec0009dd25ee93122.jpg,failure,downloads/5/train/Screen_Shot_2018-03-23_at_6-18-24_PM_large_png.rf.ac16a5a852ac70bec0009dd25ee93122.jpg
89_jpg.rf.01cc75b5fa187a65f5a5b63c35d818ce.jpg,failure,downloads/5/train/89_jpg.rf.01cc75b5fa187a65f5a5b63c35d818ce.jpg
Capture-d-ecran--320-_jpg.rf.14087bb1104108569c1812ffce16020d.jpg,failure,downloads/2/train/Capture-d-ecran--320-_jpg.rf.14087bb1104108569c1812ffce16020d.jpg
40_jpg.jpg,failure,downloads/1/valid/40_jpg.rf.b090b098ac2ec42787fc629e9d71ac4f.jpg
50_jpg.jpg,failure,downloads/1/valid/50_jpg.rf.5d2aa07aa84e16369d257986f575b1b9.jpg
a3.jpg,failure,downloads/3/spaghetti/a3.jpg
img63_jpg.jpg,failure,downloads/1/valid/img63_jpg.rf.9eca126ba3a9e84f4655e7d61989b3d3.jpg
4uxth1yl7ah21_jpg.rf.79194cf1d41e7836fc9d85b2d375c4b0.jpg,failure,downloads/2/train/4uxth1yl7ah21_jpg.rf.79194cf1d41e7836fc9d85b2d375c4b0.jpg
cracks_96_jpg.jpg,failure,downloads/1/train/cracks_96_jpg.rf.43a11546a179f23ca641d73aea48a002.jpg
failure (157).jpg,failure,downloads/4/test/failure/failure (157).jpg
failure (69).jpg,failure,downloads/4/train/failure/failure (69).jpg
Capture-d-ecran--538-_jpg.rf.14e5fce960a15a7fcdcdb311c34179c2.jpg,failure,downloads/2/train/Capture-d-ecran--538-_jpg.rf.14e5fce960a15a7fcdcdb311c34179c2.jpg
failure (86).jpg,failure,downloads/4/train/failure/failure (86).jpg
1e0889f0d3cb71fe1a1dc15a23bcda8cf78d4241_jpg.jpg,failure,downloads/1/train/1e0889f0d3cb71fe1a1dc15a23bcda8cf78d4241_jpg.rf.f8882125a2e6ed4e2b42ce3b550ed53b.jpg
20180528_212845_jpg.jpg,failure,downloads/1/train/20180528_212845_jpg.rf.50dc9ad4cb1f06de0f444bd1e6a97595.jpg
1_uWD6NUewKoDvmyWSHg3OIw.png,failure,downloads/3/spaghetti/1_uWD6NUewKoDvmyWSHg3OIw.png
spag-640_png.jpg,failure,downloads/1/train/spag-640_png.rf.d3bab3ca8225e7c26055df44348a1609.jpg
failure (141).jpg,failure,downloads/4/valid/failure/failure (141).jpg
e29d7afc12e4d54fae4b5b08b9858f11-failedprint2_img_5eb0af2d67ead_jpg.rf.7fa24b30a6515658104992089d5036a9.jpg,failure,downloads/2/train/e29d7afc12e4d54fae4b5b08b9858f11-failedprint2_img_5eb0af2d67ead_jpg.rf.7fa24b30a6515658104992089d5036a9.jpg
Capture-d-ecran--611-_jpg.rf.0ddfd3073ffd7925c7cea2486fb32ff1.jpg,failure,downloads/2/train/Capture-d-ecran--611-_jpg.rf.0ddfd3073ffd7925c7cea2486fb32ff1.jpg
6hprdawknt341.jpg,failure,downloads/3/spaghetti/6hprdawknt341.jpg
failure (90).jpg,failure,downloads/4/train/failure/failure (90).jpg
failure (116).jpg,failure,downloads/4/valid/failure/failure (116).jpg
cv8id8asdfc41_jpg.rf.9ac3eb08e40d7097ac53b183605f6bdc.jpg,failure,downloads/2/train/cv8id8asdfc41_jpg.rf.9ac3eb08e40d7097ac53b183605f6bdc.jpg
FH5JEQSIHF6MY0Q_jpg.jpg,failure,downloads/1/train/FH5JEQSIHF6MY0Q_jpg.rf.49e42fa60160da80f997b28f2f9f1823.jpg
failure (28).jpg,failure,downloads/4/train/failure/failure (28).jpg
C3FHBKAXAAAE7CY_jpg.jpg,failure,downloads/1/train/C3FHBKAXAAAE7CY_jpg.rf.40f08eff4cd1974e5c6093f0dc3eae1d.jpg
Capture-d-ecran--574-_jpg.rf.0d85ed273dba033d7087823e6bd91ee5.jpg,failure,downloads/2/train/Capture-d-ecran--574-_jpg.rf.0d85ed273dba033d7087823e6bd91ee5.jpg
22_jpg.jpg,failure,downloads/1/test/22_jpg.rf.585ba8f920d9e59b14e7396ed435b5bf.jpg
imag-14-_jpg.jpg,failure,downloads/1/train/imag-14-_jpg.rf.3ef1e5d9a861cfbb344d2a6eedaac6f7.jpg
32_jpg.jpg,failure,downloads/1/valid/32_jpg.rf.e0ceeb55378f06aa4e3281849abfc672.jpg
vRQMKNk.png,failure,downloads/3/spaghetti/vRQMKNk.png
130_jpg.rf.64aa44bdf9efab03def3b7b91c7b783f.jpg,failure,downloads/5/train/130_jpg.rf.64aa44bdf9efab03def3b7b91c7b783f.jpg
C1UZKDsW8AAZ54B.jpg,failure,downloads/3/spaghetti/C1UZKDsW8AAZ54B.jpg
124_jpg.jpg,failure,downloads/1/valid/124_jpg.rf.3553feade039b47d31960507975e18c6.jpg
mistakes_cover-600x353_jpg.jpg,failure,downloads/1/train/mistakes_cover-600x353_jpg.rf.114ef4de5581feec55a345ca1c5430d5.jpg
spaghetti.jpg,failure,downloads/3/spaghetti/spaghetti.jpg
134_jpg.jpg,failure,downloads/1/test/134_jpg.rf.e28e9b4e6958fc47bce48ef2e6e354ef.jpg
failure (53).jpg,failure,downloads/4/train/failure/failure (53).jpg
WhatsApp-Image-2023-03-21-at-01-40-27_cropped_jpg.jpg,failure,downloads/1/train/WhatsApp-Image-2023-03-21-at-01-40-27_cropped_jpg.rf.9172af91df710e742ab44b258899c5fd.jpg
imag-174-_jpg.jpg,failure,downloads/1/train/imag-174-_jpg.rf.2b0bb9f554251849153d105c8727ec5a.jpg
maxresdefault-2-_jpg.jpg,failure,downloads/1/train/maxresdefault-2-_jpg.rf.3bdce43829735ad3484f77ced65e308c.jpg
failure (12).jpg,failure,downloads/4/train/failure/failure (12).jpg
146_jpg.jpg,failure,downloads/1/valid/146_jpg.rf.4c8cfdca043f7a09a29446d3b4cf8735.jpg
i.jpg,failure,downloads/3/spaghetti/i.jpg
failure (45).jpg,failure,downloads/4/train/failure/failure (45).jpg
tsd-rwg42985-via-youtube-200923.jpg,failure,downloads/3/spaghetti/tsd-rwg42985-via-youtube-200923.jpg
images-7-_jpg.jpg,failure,downloads/1/train/images-7-_jpg.rf.7fa4c3cf8786cf6f00f979506ac17f97.jpg
failure (44).jpg,failure,downloads/4/train/failure/failure (44).jpg
failed-toothbrush_jpg.rf.0749250524ed5323bc83adb74aecda04.jpg,failure,downloads/2/train/failed-toothbrush_jpg.rf.0749250524ed5323bc83adb74aecda04.jpg
FM637CFIHF6MY36_jpg.rf.06fffdaa88c2a3abe7d392032d438d37.jpg,failure,downloads/2/train/FM637CFIHF6MY36_jpg.rf.06fffdaa88c2a3abe7d392032d438d37.jpg
failure (13).jpg,failure,downloads/4/train/failure/failure (13).jpg
51_jpg.jpg,failure,downloads/1/valid/51_jpg.rf.a036af57948b66677e5748ca15f6ca04.jpg
41_jpg.jpg,failure,downloads/1/valid/41_jpg.rf.2d0c888ffed8aa3ed625651e4b7b9b59.jpg
Failed-3D-Print_png.jpg,failure,downloads/1/train/Failed-3D-Print_png.rf.8b13d747971753c93669c02a13e94c69.jpg
benchy_fail_20201005_010753_jpg.rf.21ab0502cfd39d923cc687d106b120a7.jpg,failure,downloads/2/train/benchy_fail_20201005_010753_jpg.rf.21ab0502cfd39d923cc687d106b120a7.jpg
gfdim8oam0e51_jpg.rf.1a107061df0d0f4d52e22303f9007bb6.jpg,failure,downloads/2/train/gfdim8oam0e51_jpg.rf.1a107061df0d0f4d52e22303f9007bb6.jpg
Capture-d-ecran--258-_jpg.rf.41ac8a823537a324919233077ef5a2f4.jpg,failure,downloads/2/train/Capture-d-ecran--258-_jpg.rf.41ac8a823537a324919233077ef5a2f4.jpg
33_jpg.jpg,failure,downloads/1/valid/33_jpg.rf.60199eba790106e54de3e1857bea89b3.jpg
23_jpg.jpg,failure,downloads/1/valid/23_jpg.rf.2258900b1b965c573c7a1c99cdc85c4b.jpg
failure (52).jpg,failure,downloads/4/train/failure/failure (52).jpg
Snmek-obrazovky-2022-04-01-213704_jpg.jpg,failure,downloads/1/test/Snmek-obrazovky-2022-04-01-213704_jpg.rf.37332e9294245a05ffea02eaea624330.jpg
Beautiful_Failures_-41.jpg,failure,downloads/3/spaghetti/Beautiful_Failures_-41.jpg
o_jpg.jpg,failure,downloads/1/train/o_jpg.rf.5dda05b319c0bca99bc66401326f37c2.jpg
failure (29).jpg,failure,downloads/4/train/failure/failure (29).jpg
20180528_212845_jpg.rf.3f67f5a8309553095a52e8ffb19631d7.jpg,failure,downloads/5/train/20180528_212845_jpg.rf.3f67f5a8309553095a52e8ffb19631d7.jpg
Capture-d-ecran--367-_jpg.rf.32575758c18a145e0fb1267ed8aefda6.jpg,failure,downloads/2/train/Capture-d-ecran--367-_jpg.rf.32575758c18a145e0fb1267ed8aefda6.jpg
failure (117).jpg,failure,downloads/4/valid/failure/failure (117).jpg
unnamed_png.rf.95af9a2dd814a0bb571f51128e9f0f35.jpg,failure,downloads/5/train/unnamed_png.rf.95af9a2dd814a0bb571f51128e9f0f35.jpg
Capture-d-ecran--575-_jpg.rf.27ee5886ca809606eb84ea80412b61d7.jpg,failure,downloads/2/train/Capture-d-ecran--575-_jpg.rf.27ee5886ca809606eb84ea80412b61d7.jpg
error_jpg.jpg,failure,downloads/1/train/error_jpg.rf.401f3600f8fd41df8c7dc44c529af427.jpg
failure (91).jpg,failure,downloads/4/train/failure/failure (91).jpg
Capture-d-ecran--334-_jpg.rf.55731de6e40b08d1eda4fce32690f6df.jpg,failure,downloads/2/test/Capture-d-ecran--334-_jpg.rf.55731de6e40b08d1eda4fce32690f6df.jpg
failure (140).jpg,failure,downloads/4/valid/failure/failure (140).jpg
_69324806_legs_jpg.jpg,failure,downloads/1/train/_69324806_legs_jpg.rf.6b3a290e3b4943db7576fee871dd6444.jpg
135_jpg.jpg,failure,downloads/1/test/135_jpg.rf.3fed3018ae17cb86b77cc6731b2449c1.jpg
125_jpg.jpg,failure,downloads/1/valid/125_jpg.rf.2f60ed8ddd573d5aff54ef15a5ff52b0.jpg
failure (68).jpg,failure,downloads/4/train/failure/failure (68).jpg
147_jpg.jpg,failure,downloads/1/valid/147_jpg.rf.37a341632f1db98760186d283a4dc584.jpg
337677283_227984763122287_5386236488572119121_n_jpg.rf.0b5a48c3bca4c3831074c70bee53e88c.jpg,failure,downloads/5/train/337677283_227984763122287_5386236488572119121_n_jpg.rf.0b5a48c3bca4c3831074c70bee53e88c.jpg
failure (87).jpg,failure,downloads/4/train/failure/failure (87).jpg
failure (156).jpg,failure,downloads/4/test/failure/failure (156).jpg
3Doptimizer-cover_jpg.rf.7118211f6e0c8e002c959722db613a9f.jpg,failure,downloads/2/test/3Doptimizer-cover_jpg.rf.7118211f6e0c8e002c959722db613a9f.jpg
20-epic-3d-printing-fails_jpg.jpg,failure,downloads/1/train/20-epic-3d-printing-fails_jpg.rf.f6c1ca541cbb1786582b2f3ddcedb30d.jpg
20181015_125226-jpg-e50c46c9551d8d81dad2be1cc0ab3b2f_jpg.rf.6dfdc7419a19476f705cccc85008a701.jpg,failure,downloads/2/train/20181015_125226-jpg-e50c46c9551d8d81dad2be1cc0ab3b2f_jpg.rf.6dfdc7419a19476f705cccc85008a701.jpg
printfail_jpg.jpg,failure,downloads/1/test/printfail_jpg.rf.fb39ddd9a0257315f57e78b43beb08fa.jpg
failure (101).jpg,failure,downloads/4/train/failure/failure (101).jpg
istockphoto-507545376-612x612.jpg,failure,downloads/3/spaghetti/istockphoto-507545376-612x612.jpg
s2_jpg.jpg,failure,downloads/1/test/s2_jpg.rf.b99f5aef47a4dd9a62e872c1189fea3f.jpg
failure (48).jpg,failure,downloads/4/train/failure/failure (48).jpg
imag-136-_jpg.rf.053342635e83fcbbac690fb3958766a2.jpg,failure,downloads/5/train/imag-136-_jpg.rf.053342635e83fcbbac690fb3958766a2.jpg
93_jpg.jpg,failure,downloads/1/valid/93_jpg.rf.c30c70567ce6d895afbf3689ba060cec.jpg
lk0wysh0fgr41_jpg.rf.220516290660af8c707a37e2162a07db.jpg,failure,downloads/2/train/lk0wysh0fgr41_jpg.rf.220516290660af8c707a37e2162a07db.jpg
83_jpg.jpg,failure,downloads/1/valid/83_jpg.rf.dbcc518308599b6306d2192986262f8b.jpg
failure (121).JPG,failure,downloads/4/valid/failure/failure (121).JPG
hm3f9nr6xiaa1_jpg.jpg,failure,downloads/1/train/hm3f9nr6xiaa1_jpg.rf.f4132055c1ef4d604cef19c53ac08f68.jpg
8F9cMfJ_jpg.rf.2e55eaeffbfa39a949c27fd6465c9dcd.jpg,failure,downloads/2/train/8F9cMfJ_jpg.rf.2e55eaeffbfa39a949c27fd6465c9dcd.jpg
1H1ekr9_jpg.rf.c5b4853ef4f8a2e8c7aa29dfa9ca3f3f.jpg,failure,downloads/2/train/1H1ekr9_jpg.rf.c5b4853ef4f8a2e8c7aa29dfa9ca3f3f.jpg
113_jpg.jpg,failure,downloads/1/valid/113_jpg.rf.a91bd25fda5df40bbb5bc0c03df0482c.jpg
failure (137).jpg,failure,downloads/4/valid/failure/failure (137).jpg
103_jpg.jpg,failure,downloads/1/test/103_jpg.rf.2eee282aefe2fc337b635f517c86fa35.jpg
Screen-Shot-2021-06-29-at-3-10-33-PM_png.jpg,failure,downloads/1/train/Screen-Shot-2021-06-29-at-3-10-33-PM_png.rf.43506fd0f563645a0572b49dafe1642c.jpg
FM637CFIHF6MY36.jpg,failure,downloads/3/spaghetti/FM637CFIHF6MY36.jpg
48_jpg.jpg,failure,downloads/1/valid/48_jpg.rf.df36e2b42da8f6960f58a89c869419b8.jpg
failure (160).jpg,failure,downloads/4/test/failure/failure (160).jpg
58_jpg.jpg,failure,downloads/1/valid/58_jpg.rf.abe09fcd6860f6bf6c550db92df6b6d6.jpg
s_jpg.jpg,failure,downloads/1/train/s_jpg.rf.6fe3a36ab1beaea4cdc369ed7807d318.jpg
2-20-4-_jpg.jpg,failure,downloads/1/train/2-20-4-_jpg.rf.5674db2490a148e2ae69b06cd18ff859.jpg
failure (25).jpg,failure,downloads/4/train/failure/failure (25).jpg
mistakes_cover-600x353.jpg,failure,downloads/3/spaghetti/mistakes_cover-600x353.jpg
15_jpg.jpg,failure,downloads/1/valid/15_jpg.rf.a844f109aa189fd4e9a764e992525f2b.jpg
failure (72).jpg,failure,downloads/4/train/failure/failure (72).jpg
4qs80vo82v431_jpg.rf.25d440beb523cd6f94e5dd9cb27b75e8.jpg,failure,downloads/2/test/4qs80vo82v431_jpg.rf.25d440beb523cd6f94e5dd9cb27b75e8.jpg
Examples-of-complete-3D-printing-failures_png.jpg,failure,downloads/1/train/Examples-of-complete-3D-printing-failures_png.rf.36f98e3cb76c34dbee152650a8d569e0.jpg
Capture-d-ecran--682-_jpg.rf.1915e45f646f70a94a94a7eed4b682d2.jpg,failure,downloads/2/train/Capture-d-ecran--682-_jpg.rf.1915e45f646f70a94a94a7eed4b682d2.jpg
336527928_6096597747092855_3944648601710228715_n_jpg.jpg,failure,downloads/1/train/336527928_6096597747092855_3944648601710228715_n_jpg.rf.45eeb7f946402313aac146d2947579cc.jpg
failure (64).jpg,failure,downloads/4/train/failure/failure (64).jpg
77_jpg.jpg,failure,downloads/1/valid/77_jpg.rf.3bf8404410a46d6022f0bad3f581b6f1.jpg
6_jpg.jpg,failure,downloads/1/valid/6_jpg.rf.bc307dd6976559c3a236ed946b47eb08.jpg
3D_Printing_FAIL.png,failure,downloads/3/spaghetti/3D_Printing_FAIL.png
failure (33).jpg,failure,downloads/4/train/failure/failure (33).jpg
a84378fdda9ddd47f21daf1978cd9c50.png,failure,downloads/3/spaghetti/a84378fdda9ddd47f21daf1978cd9c50.png
o.jpg,failure,downloads/3/spaghetti/o.jpg
failure (3).jpg,failure,downloads/4/train/failure/failure (3).jpg
failure (106).jpg,failure,downloads/4/train/failure/failure (106).jpg
21_jpg.jpg,failure,downloads/1/test/21_jpg.rf.d8aa23bed647105f1add77571d64dea9.jpg
31_jpg.jpg,failure,downloads/1/valid/31_jpg.rf.39e94706d8d71e70d887dadb966e8402.jpg
failure (38).jpg,failure,downloads/4/train/failure/failure (38).jpg
failure (8).jpg,failure,downloads/4/train/failure/failure (8).jpg
fallingsupports-1-768x768_jpg.jpg,failure,downloads/1/train/fallingsupports-1-768x768_jpg.rf.56a5a3561bfbd94210aa535a35039637.jpg
failure (151).jpg,failure,downloads/4/test/failure/failure (151).jpg
images-1-_jpg.jpg,failure,downloads/1/train/images-1-_jpg.rf.622d629b54648cec657774d00d2a0885.jpg
ig-kevincaron-petg_fail-300x300.jpg,failure,downloads/3/spaghetti/ig-kevincaron-petg_fail-300x300.jpg
Capture-d-ecran--284-_jpg.rf.cc407a3bc3f023285af911d406ccb82b.jpg,failure,downloads/2/test/Capture-d-ecran--284-_jpg.rf.cc407a3bc3f023285af911d406ccb82b.jpg
98_jpg.jpg,failure,downloads/1/valid/98_jpg.rf.1657c67f7cb5936816a1df7f1ad1097f.jpg
failure (80).jpg,failure,downloads/4/train/failure/failure (80).jpg
88_jpg.jpg,failure,downloads/1/valid/88_jpg.rf.216855f5b7fdc2b69fed81c564424767.jpg
failure (147).jpg,failure,downloads/4/test/failure/failure (147).jpg
bedadherence-fail_1_watermark_1000x759.jpg,failure,downloads/3/spaghetti/bedadherence-fail_1_watermark_1000x759.jpg
failure (79).jpg,failure,downloads/4/train/failure/failure (79).jpg
108_jpg.jpg,failure,downloads/1/test/108_jpg.rf.3a72b5ec9316fa4fd7ce94607e19dbdb.jpg
failure (96).jpg,failure,downloads/4/train/failure/failure (96).jpg
3D-printed-vase-fail-spaghetti-prototyping-hive-800x800_jpg.jpg,failure,downloads/1/test/3D-printed-vase-fail-spaghetti-prototyping-hive-800x800_jpg.rf.799b16a1e2942a4a3d24fcdd54eb461f.jpg
failure (110).jpg,failure,downloads/4/train/failure/failure (110).jpg
43_jpg.jpg,failure,downloads/1/test/43_jpg.rf.dbb02a3122675172d4c2d3d5b33a2017.jpg
53_jpg.jpg,failure,downloads/1/valid/53_jpg.rf.1030f9c376ac27e0018c64961c3d6333.jpg
jrff1s7javz21_jpg.rf.1d67ce0bc5f8585327a900a312de63eb.jpg,failure,downloads/2/train/jrff1s7javz21_jpg.rf.1d67ce0bc5f8585327a900a312de63eb.jpg
imag-137-_jpg.rf.28a28c719b4df06451819e6878126cbd.jpg,failure,downloads/5/train/imag-137-_jpg.rf.28a28c719b4df06451819e6878126cbd.jpg
imag-14-_jpg.rf.00e16a2775ed1b94d471ee8685d93a4e.jpg,failure,downloads/5/train/imag-14-_jpg.rf.00e16a2775ed1b94d471ee8685d93a4e.jpg
Capture-d-ecran--653-_jpg.rf.4301142f1bcee21a3169ccb2c6b3809f.jpg,failure,downloads/2/train/Capture-d-ecran--653-_jpg.rf.4301142f1bcee21a3169ccb2c6b3809f.jpg
file.jpg,failure,downloads/3/spaghetti/file.jpg
23603570754_dcaefb87a8_z-300x222.jpg,failure,downloads/3/spaghetti/23603570754_dcaefb87a8_z-300x222.jpg
failure (55).jpg,failure,downloads/4/train/failure/failure (55).jpg
Failed-3D-Print.png,failure,downloads/3/spaghetti/Failed-3D-Print.png
_jpg.jpg,failure,downloads/1/train/_jpg.rf.8fb7475e930ec13b3fa07d15bf23ce3e.jpg
cb7afa69396b8da7b092bcea0337193654a8ae99e3597e58851c8ba742c716e7_1.jpg,failure,downloads/3/spaghetti/cb7afa69396b8da7b092bcea0337193654a8ae99e3597e58851c8ba742c716e7_1.jpg
hgobj6m6lpha1_cropped_jpg.jpg,failure,downloads/1/train/hgobj6m6lpha1_cropped_jpg.rf.f2848f85c2713f09027710f9f99bbce0.jpg
11bf6290851b168b1222be87413e992c_jpg.rf.7f881d3127040b30f73357235eab1350.jpg,failure,downloads/2/train/11bf6290851b168b1222be87413e992c_jpg.rf.7f881d3127040b30f73357235eab1350.jpg
Capture-d-ecran--313-_jpg.rf.322cb3f75a2018f5f1a94580f2bc59e0.jpg,failure,downloads/2/train/Capture-d-ecran--313-_jpg.rf.322cb3f75a2018f5f1a94580f2bc59e0.jpg
Failed-3D-Print_png.rf.a459ed221f57e4d35df1981deec3769b.jpg,failure,downloads/5/test/Failed-3D-Print_png.rf.a459ed221f57e4d35df1981deec3769b.jpg
Capture-d-ecran--571-_jpg.rf.531b6b49c1d309e13b5b68c1ca8ec126.jpg,failure,downloads/2/train/Capture-d-ecran--571-_jpg.rf.531b6b49c1d309e13b5b68c1ca8ec126.jpg
imag-126-_jpg.jpg,failure,downloads/1/train/imag-126-_jpg.rf.f67b8bd68d2f630ce8654f095dc0bb31.jpg
failure (14).jpg,failure,downloads/4/train/failure/failure (14).jpg
127_jpg.jpg,failure,downloads/1/valid/127_jpg.rf.bdd10b42ded469c91127bf86f8febcc3.jpg
rooster-malfunction-1.jpg,failure,downloads/3/spaghetti/rooster-malfunction-1.jpg
failure (43).jpg,failure,downloads/4/train/failure/failure (43).jpg
a3_jpg.jpg,failure,downloads/1/train/a3_jpg.rf.4d83c999ddbe0dfcdab038b1b5655606.jpg
failure (4).jpg,failure,downloads/4/train/failure/failure (4).jpg
failure (34).jpg,failure,downloads/4/train/failure/failure (34).jpg
101_jpg.jpg,failure,downloads/1/valid/101_jpg.rf.1601d50bc52e4365d3053be4cbc3a215.jpg
111_jpg.jpg,failure,downloads/1/test/111_jpg.rf.138933f8c30542717b98a1736aac7054.jpg
7f8cd9c5c260893ba5730d7dfdb5d263.jpg,failure,downloads/3/spaghetti/7f8cd9c5c260893ba5730d7dfdb5d263.jpg
failure (63).jpg,failure,downloads/4/train/failure/failure (63).jpg
3D-Printing-Tips_4_9_2015.png,failure,downloads/3/spaghetti/3D-Printing-Tips_4_9_2015.png
Capture-d-ecran--604-_jpg.rf.3c42aab594a81a4bc892b90241d45aeb.jpg,failure,downloads/2/train/Capture-d-ecran--604-_jpg.rf.3c42aab594a81a4bc892b90241d45aeb.jpg
images (7).jpg,failure,downloads/3/spaghetti/images (7).jpg
failure (75).JPG,failure,downloads/4/train/failure/failure (75).JPG
38_jpg.jpg,failure,downloads/1/valid/38_jpg.rf.8fbe987d7f5c7b1f919eeddd0de1854d.jpg
imag-130-_jpg.rf.0e71e8e8136ff49e5b1a2b2bfcbee55a.jpg,failure,downloads/5/test/imag-130-_jpg.rf.0e71e8e8136ff49e5b1a2b2bfcbee55a.jpg
28_jpg.jpg,failure,downloads/1/test/28_jpg.rf.d85bcaad2bd9a791acd19eed59ed9d29.jpg
Capture-d-ecran--612-_jpg.rf.24179eed71e418c76ce86835c6184960.jpg,failure,downloads/2/train/Capture-d-ecran--612-_jpg.rf.24179eed71e418c76ce86835c6184960.jpg
a4ea5965333076758445fe3fc9812f11_jpg.rf.bad23638965c1d6be0ca639e4d7a79e1.jpg,failure,downloads/2/train/a4ea5965333076758445fe3fc9812f11_jpg.rf.bad23638965c1d6be0ca639e4d7a79e1.jpg
failure (22).jpg,failure,downloads/4/train/failure/failure (22).jpg
vRQMKNk_png.rf.00b1357b252980da5312b5b3891c32d3.jpg,failure,downloads/5/train/vRQMKNk_png.rf.00b1357b252980da5312b5b3891c32d3.jpg
Capture-d-ecran--599-_jpg.rf.25e10e0cb596f23dcbac14fad7be0846.jpg,failure,downloads/2/train/Capture-d-ecran--599-_jpg.rf.25e10e0cb596f23dcbac14fad7be0846.jpg
20210409_172720-jpg-8ae01c51a22d76203fe9c8e52b3dd0c0_jpg.rf.13b9bea3ff56eedc6f18006caa1cec44.jpg,failure,downloads/2/train/20210409_172720-jpg-8ae01c51a22d76203fe9c8e52b3dd0c0_jpg.rf.13b9bea3ff56eedc6f18006caa1cec44.jpg
81_jpg.jpg,failure,downloads/1/test/81_jpg.rf.1deac0e03f1865c0ac2f83aa68a5b0e9.jpg
91_jpg.jpg,failure,downloads/1/valid/91_jpg.rf.4be3b7bada6666de89f8d1c1c8c44911.jpg
failed-3d-print-260nw-778660537.jpg,failure,downloads/3/spaghetti/failed-3d-print-260nw-778660537.jpg
65_jpg.jpg,failure,downloads/1/test/65_jpg.rf.abccbae47e74e35ef5f2080a7ccd8944.jpg
4_jpg.jpg,failure,downloads/1/test/4_jpg.rf.ad52e893d8f35d9610d59a1dbba55fa7.jpg
75_jpg.jpg,failure,downloads/1/test/75_jpg.rf.e9f35e9592a1f63f15017b69cb0a2c8e.jpg
3d-printing-mistakes-problems_jpg.rf.2443ba36848f5d3e0634a875cd35e37b.jpg,failure,downloads/2/valid/3d-printing-mistakes-problems_jpg.rf.2443ba36848f5d3e0634a875cd35e37b.jpg
h910aqz8f0p51_jpg.rf.0bfc66c4c8cf3f89d00681ff3e050ea3.jpg,failure,downloads/2/train/h910aqz8f0p51_jpg.rf.0bfc66c4c8cf3f89d00681ff3e050ea3.jpg
failure (59).jpg,failure,downloads/4/train/failure/failure (59).jpg
337677283_227984763122287_5386236488572119121_n_jpg.jpg,failure,downloads/1/train/337677283_227984763122287_5386236488572119121_n_jpg.rf.4df79b44f2ce3551e631477f1a7c654d.jpg
Capture-d-ecran--418-_jpg.rf.0917fca404734234dc4220891300b1db.jpg,failure,downloads/2/train/Capture-d-ecran--418-_jpg.rf.0917fca404734234dc4220891300b1db.jpg
failure (130).jpg,failure,downloads/4/valid/failure/failure (130).jpg
failure (18).jpg,failure,downloads/4/train/failure/failure (18).jpg
Capture-d-ecran--636-_jpg.rf.0d02faa4bc0c870bd3335a5946bfd241.jpg,failure,downloads/2/train/Capture-d-ecran--636-_jpg.rf.0d02faa4bc0c870bd3335a5946bfd241.jpg
7f8cd9c5c260893ba5730d7dfdb5d263_jpg.jpg,failure,downloads/1/test/7f8cd9c5c260893ba5730d7dfdb5d263_jpg.rf.4ec95cd900b0923d33a3b28b63948579.jpg
failure (126).jpg,failure,downloads/4/valid/failure/failure (126).jpg
aaaa.jpg,failure,downloads/3/spaghetti/aaaa.jpg
17_jpg.jpg,failure,downloads/1/test/17_jpg.rf.b43ce32308589446bfb2beed940b998f.jpg
spag-640.png,failure,downloads/3/spaghetti/spag-640.png
12_png.rf.4f11ae1451dd81be547fd8f3f8f5eea0.jpg,failure,downloads/5/train/12_png.rf.4f11ae1451dd81be547fd8f3f8f5eea0.jpg
149918_fea6b7ad1f911b19fff8646791e3edc9.jpg,failure,downloads/3/spaghetti/149918_fea6b7ad1f911b19fff8646791e3edc9.jpg
failure (127).jpg,failure,downloads/4/valid/failure/failure (127).jpg
a_jpg.rf.166f6846a11d30233f189c8b369fc7f0.jpg,failure,downloads/5/train/a_jpg.rf.166f6846a11d30233f189c8b369fc7f0.jpg
110_jpg.jpg,failure,downloads/1/valid/110_jpg.rf.282627b526b8c84f91f1292c1190a126.jpg
failure (19).jpg,failure,downloads/4/train/failure/failure (19).jpg
a294acc1307c1b9e3bd961efe235c4cb_png.rf.3da2407d973fa21535c18f23bf73f802.jpg,failure,downloads/5/train/a294acc1307c1b9e3bd961efe235c4cb_png.rf.3da2407d973fa21535c18f23bf73f802.jpg
100_jpg.jpg,failure,downloads/1/test/100_jpg.rf.1e77be4e75395f81dae525c3afe13731.jpg
Capture-d-ecran--353-_jpg.rf.06405b3f4ddcd50f2a25dee9c89cfd2d.jpg,failure,downloads/2/train/Capture-d-ecran--353-_jpg.rf.06405b3f4ddcd50f2a25dee9c89cfd2d.jpg
failure (131).jpg,failure,downloads/4/valid/failure/failure (131).jpg
90_jpg.jpg,failure,downloads/1/valid/90_jpg.rf.def4997e2e17156c401a0173f9a3631d.jpg
80_jpg.jpg,failure,downloads/1/valid/80_jpg.rf.472fab338c35dd45cae5caadbc3e97e6.jpg
maxresdefault (1).jpg,failure,downloads/3/spaghetti/maxresdefault (1).jpg
Screen-Shot-2021-06-29-at-3.10.33-PM.png,failure,downloads/3/spaghetti/Screen-Shot-2021-06-29-at-3.10.33-PM.png
29_jpg.jpg,failure,downloads/1/valid/29_jpg.rf.b41934316860fcc21d4fbd0819a87600.jpg
39_jpg.jpg,failure,downloads/1/valid/39_jpg.rf.d3b5bb319564933cc3c187dd1918ad9d.jpg
failure (166).jpg,failure,downloads/4/test/failure/failure (166).jpg
imag-147-_jpg.jpg,failure,downloads/1/train/imag-147-_jpg.rf.f6ec0eecb85af85b180feba21e7fdf1d.jpg
failure (58).jpg,failure,downloads/4/train/failure/failure (58).jpg
5795690693_3b69ab8658_z_jpg.rf.10b38a6ceb48d752985ae8880f506f94.jpg,failure,downloads/2/train/5795690693_3b69ab8658_z_jpg.rf.10b38a6ceb48d752985ae8880f506f94.jpg
failure (23).jpg,failure,downloads/4/train/failure/failure (23).jpg
3d-printing-mistakes-problems.jpg,failure,downloads/3/spaghetti/3d-printing-mistakes-problems.jpg
3D-printed-vase-fail-spaghetti-prototyping-hive-800x800_jpg.rf.8cd58ec26d588fbe57b0abb791315172.jpg,failure,downloads/5/train/3D-printed-vase-fail-spaghetti-prototyping-hive-800x800_jpg.rf.8cd58ec26d588fbe57b0abb791315172.jpg
jX8GnXD_jpg.rf.1897f5097642385aa4aca6f51f8b11f5.jpg,failure,downloads/2/train/jX8GnXD_jpg.rf.1897f5097642385aa4aca6f51f8b11f5.jpg
Capture-d-ecran--532-_jpg.rf.e2b584907deba2013c6e6cc1db7520cb.jpg,failure,downloads/2/test/Capture-d-ecran--532-_jpg.rf.e2b584907deba2013c6e6cc1db7520cb.jpg
lhnjE3N.jpg,failure,downloads/3/spaghetti/lhnjE3N.jpg
Capture-d-ecran--573-_jpg.rf.a7c4a52341e3e21e1815bcfb003cc508.jpg,failure,downloads/2/train/Capture-d-ecran--573-_jpg.rf.a7c4a52341e3e21e1815bcfb003cc508.jpg
74_jpg.jpg,failure,downloads/1/valid/74_jpg.rf.3c19c006929493b4fb7cf232b651cd83.jpg
Snmek obrazovky 2022-04-01 213704.jpg,failure,downloads/3/spaghetti/Snmek obrazovky 2022-04-01 213704.jpg
Capture-d-ecran--516-_jpg.rf.725204f2503a8f71e06bd7d7e9b1a743.jpg,failure,downloads/2/train/Capture-d-ecran--516-_jpg.rf.725204f2503a8f71e06bd7d7e9b1a743.jpg
64_jpg.jpg,failure,downloads/1/valid/64_jpg.rf.0591806c1ed98b75df635b6e1d3426d2.jpg
imag-130-_jpg.jpg,failure,downloads/1/train/imag-130-_jpg.rf.3f11c249709f3832b231d76671835e14.jpg
failure (74).jpg,failure,downloads/4/train/failure/failure (74).jpg
3D-printed-gremlins-796x448_c_jpg.jpg,failure,downloads/1/train/3D-printed-gremlins-796x448_c_jpg.rf.71af74a049d0b66bda845ec00e968952.jpg
imag-133-_jpg.rf.0463b104f7c27447e4098bfc896e27d4.jpg,failure,downloads/5/train/imag-133-_jpg.rf.0463b104f7c27447e4098bfc896e27d4.jpg
16_jpg.jpg,failure,downloads/1/valid/16_jpg.rf.f7cecb8125259290d6542287570acf02.jpg
failure (62).jpg,failure,downloads/4/train/failure/failure (62).jpg
7d008b92c327efb8703acf1f5f619def_jpg.rf.3f9ede81b73cf6f534f05a3e753343bc.jpg,failure,downloads/2/train/7d008b92c327efb8703acf1f5f619def_jpg.rf.3f9ede81b73cf6f534f05a3e753343bc.jpg
failure (5).jpg,failure,downloads/4/train/failure/failure (5).jpg
failure (35).jpg,failure,downloads/4/train/failure/failure (35).jpg
_69324630_squiggles.jpg,failure,downloads/3/spaghetti/_69324630_squiggles.jpg
imag-174-_jpg.rf.781a659605aaaeec04de6243bd0a12b3.jpg,failure,downloads/5/train/imag-174-_jpg.rf.781a659605aaaeec04de6243bd0a12b3.jpg
Capture-d-ecran--357-_jpg.rf.2ca6e73c10b5819ca1e59380ea8e3281.jpg,failure,downloads/2/train/Capture-d-ecran--357-_jpg.rf.2ca6e73c10b5819ca1e59380ea8e3281.jpg
failure (42).jpg,failure,downloads/4/train/failure/failure (42).jpg
X1-iMNIQr-jjoNt4ILXBQ508mJV2_YVm_-sBoeN4XSA.jpg,failure,downloads/3/spaghetti/X1-iMNIQr-jjoNt4ILXBQ508mJV2_YVm_-sBoeN4XSA.jpg
89_jpg.jpg,failure,downloads/1/valid/89_jpg.rf.0f60b87c3446d81c1f47d0dca444707a.jpg
99_jpg.jpg,failure,downloads/1/valid/99_jpg.rf.60bbb5c97f5ccd2473d280db91577014.jpg
IMGP3375_jpg.jpg,failure,downloads/1/test/IMGP3375_jpg.rf.5b4a9021e61e1914c87e36e1dfad3c52.jpg
Capture-d-ecran--630-_jpg.rf.dd22086ad16c01d22032351ef505acea.jpg,failure,downloads/2/train/Capture-d-ecran--630-_jpg.rf.dd22086ad16c01d22032351ef505acea.jpg
30_jpg.jpg,failure,downloads/1/valid/30_jpg.rf.927161d2d1a966fedaed283345bae794.jpg
20_jpg.jpg,failure,downloads/1/valid/20_jpg.rf.3d5b51bb5781824bd2d1ce54710b1f79.jpg
failure (15).jpg,failure,downloads/4/train/failure/failure (15).jpg
20181015_180623-jpg-fca8876944fcdc8d90ba2963f8c99f8f_jpg.rf.1d9b32e67042654c3f6c279c03f45204.jpg,failure,downloads/2/train/20181015_180623-jpg-fca8876944fcdc8d90ba2963f8c99f8f_jpg.rf.1d9b32e67042654c3f6c279c03f45204.jpg
plastic-explosions-are-common-and-can-get-quite-ha-pinterest-200229_download.jpg,failure,downloads/3/spaghetti/plastic-explosions-are-common-and-can-get-quite-ha-pinterest-200229_download.jpg
52_jpg.jpg,failure,downloads/1/valid/52_jpg.rf.fddcc1397a5909ec13c4b058b8fa9c85.jpg
imag-13-_jpg.jpg,failure,downloads/1/train/imag-13-_jpg.rf.fdf5906c8761e03b6011631768c0a9f3.jpg
images-10-_jpg.jpg,failure,downloads/1/train/images-10-_jpg.rf.f2efb0c4f282c12f32d285ba21ed3cbc.jpg
112_jpg.rf.21044d57b9353c7b29a0738898cff691.jpg,failure,downloads/5/train/112_jpg.rf.21044d57b9353c7b29a0738898cff691.jpg
failure (54).jpg,failure,downloads/4/train/failure/failure (54).jpg
109_jpg.jpg,failure,downloads/1/valid/109_jpg.rf.c834820de02ce96ded13779135b3c505.jpg
119_jpg.jpg,failure,downloads/1/valid/119_jpg.rf.f2845359c4223524b012dfc283e6ca8d.jpg
143_jpg.rf.1331342838891726c288fdc43a68b85f.jpg,failure,downloads/5/train/143_jpg.rf.1331342838891726c288fdc43a68b85f.jpg
failure (111).jpg,failure,downloads/4/train/failure/failure (111).jpg
_69320092_rich1.jpg,failure,downloads/3/spaghetti/_69320092_rich1.jpg
failure (78).jpg,failure,downloads/4/train/failure/failure (78).jpg
lhnjE3N_jpg.jpg,failure,downloads/1/train/lhnjE3N_jpg.rf.4b39c311cd883c4a9cbc45657db44ed0.jpg
failure (97).jpg,failure,downloads/4/train/failure/failure (97).jpg
337389025_160634809843934_2776605974383488014_n_cropped_jpg.jpg,failure,downloads/1/train/337389025_160634809843934_2776605974383488014_n_cropped_jpg.rf.f35c42fae1b4d1475eb244d9766fcfe9.jpg
hm3f9nr6xiaa1_jpg.rf.0a31b4b73d9c89d6dc11c171d5c3297f.jpg,failure,downloads/5/train/hm3f9nr6xiaa1_jpg.rf.0a31b4b73d9c89d6dc11c171d5c3297f.jpg
failure (146).jpg,failure,downloads/4/valid/failure/failure (146).jpg
144_jpg.jpg,failure,downloads/1/test/144_jpg.rf.a49636484263b2593d86a1a1a417449c.jpg
Capture-d-ecran--536-_jpg.rf.7803fca354069e3e226ca1519108da46.jpg,failure,downloads/2/train/Capture-d-ecran--536-_jpg.rf.7803fca354069e3e226ca1519108da46.jpg
image-asset_img_5eb08bcaea8e1_jpg.jpg,failure,downloads/1/test/image-asset_img_5eb08bcaea8e1_jpg.rf.63e094d19dcdaaadb571d92fea7abdd8.jpg
136_jpg.jpg,failure,downloads/1/test/136_jpg.rf.91cd70f70c29a82c2d6bd2697b7219fe.jpg
failure (81).jpg,failure,downloads/4/train/failure/failure (81).jpg
126_jpg.jpg,failure,downloads/1/valid/126_jpg.rf.15797f2837cae3880073722c7c9b14fe.jpg
failure (150).jpg,failure,downloads/4/test/failure/failure (150).jpg
failure (39).jpg,failure,downloads/4/train/failure/failure (39).jpg
failure (9).jpg,failure,downloads/4/train/failure/failure (9).jpg
lhj74xocs4pa1_jpg.jpg,failure,downloads/1/train/lhj74xocs4pa1_jpg.rf.812f9212a43e3f327002e61a2869ec2c.jpg
failure (107).jpg,failure,downloads/4/train/failure/failure (107).jpg
IMG_20200217_231433-1-1024x672_jpg.rf.374b047f00dc08bc966dd432605632eb.jpg,failure,downloads/2/train/IMG_20200217_231433-1-1024x672_jpg.rf.374b047f00dc08bc966dd432605632eb.jpg
failure (41).jpg,failure,downloads/4/train/failure/failure (41).jpg
19672643310_bca7fe1ed6_k-1024x576_jpg.rf.4069c90e543f84004936a3566a4fc0c8.jpg,failure,downloads/2/train/19672643310_bca7fe1ed6_k-1024x576_jpg.rf.4069c90e543f84004936a3566a4fc0c8.jpg
336046561_757973075844621_8112975291665890616_n_cropped_jpg.jpg,failure,downloads/1/train/336046561_757973075844621_8112975291665890616_n_cropped_jpg.rf.39f8548d39393dd85833079aacbb6705.jpg
cracks_65_jpg.jpg,failure,downloads/1/train/cracks_65_jpg.rf.44842ca78ac74fa2b5e10a6e5790465b.jpg
failure (16).jpg,failure,downloads/4/train/failure/failure (16).jpg
hswpodf6xwg51_jpg.rf.5afc420292603ee33b5a4669695a49de.jpg,failure,downloads/2/train/hswpodf6xwg51_jpg.rf.5afc420292603ee33b5a4669695a49de.jpg
151_jpg.jpg,failure,downloads/1/valid/151_jpg.rf.1cbd3a78a52f58141b3fd7749d24f48a.jpg
failure (128).jpg,failure,downloads/4/valid/failure/failure (128).jpg
Capture-d-ecran--300-_jpg.rf.34363d2525a2bf1df5db972eaec5d9d2.jpg,failure,downloads/2/train/Capture-d-ecran--300-_jpg.rf.34363d2525a2bf1df5db972eaec5d9d2.jpg
8136822496_3134392b22_z_medium.jpg,failure,downloads/3/spaghetti/8136822496_3134392b22_z_medium.jpg
123_jpg.jpg,failure,downloads/1/valid/123_jpg.rf.cd42ab609c5c96a8bc2a45cbc8e92e1d.jpg
failed-3d-print-260nw-778660537_jpg.jpg,failure,downloads/1/train/failed-3d-print-260nw-778660537_jpg.rf.3fa6df699264a1926a4214df7eaf5069.jpg
failure (57).jpg,failure,downloads/4/train/failure/failure (57).jpg
file_jpg.jpg,failure,downloads/1/train/file_jpg.rf.7592ccb378e94006f5da2be61a45c30a.jpg
filament-diameter-before-after_jpg.jpg,failure,downloads/1/test/filament-diameter-before-after_jpg.rf.27d4e0b055bd87ffa6d099ae55baf705.jpg
Capture-d-ecran--645-_jpg.rf.3ca26bacdf2259beacb65543313f3de6.jpg,failure,downloads/2/train/Capture-d-ecran--645-_jpg.rf.3ca26bacdf2259beacb65543313f3de6.jpg
9_jpg.jpg,failure,downloads/1/valid/9_jpg.rf.418024856b0ef42828a416bf96548f21.jpg
a294acc1307c1b9e3bd961efe235c4cb_png.jpg,failure,downloads/1/test/a294acc1307c1b9e3bd961efe235c4cb_png.rf.ce4c541fe1f7adb7cce8a1fea399a7f0.jpg
68_jpg.jpg,failure,downloads/1/valid/68_jpg.rf.987090fe4b18679211921aa28c5ade34.jpg
7rgzz590z8t11_jpg.rf.3f5435534e0655aead90c6cc54093762.jpg,failure,downloads/2/test/7rgzz590z8t11_jpg.rf.3f5435534e0655aead90c6cc54093762.jpg
Capture-d-ecran--598-_jpg.rf.27f6d1a57bfeb354f49b3cfd8ab34117.jpg,failure,downloads/2/train/Capture-d-ecran--598-_jpg.rf.27f6d1a57bfeb354f49b3cfd8ab34117.jpg
Capture-d-ecran--613-_jpg.rf.66b6e5434287f5897d87f796204ef397.jpg,failure,downloads/2/train/Capture-d-ecran--613-_jpg.rf.66b6e5434287f5897d87f796204ef397.jpg
failure (112).jpg,failure,downloads/4/train/failure/failure (112).jpg
imag-129-_jpg.jpg,failure,downloads/1/train/imag-129-_jpg.rf.fe4eeb33d160659dc73597b0b851631b.jpg
failure (94).jpg,failure,downloads/4/train/failure/failure (94).jpg
1_uWD6NUewKoDvmyWSHg3OIw_png.rf.894e27739373cf5d44a8b19051efa331.jpg,failure,downloads/5/train/1_uWD6NUewKoDvmyWSHg3OIw_png.rf.894e27739373cf5d44a8b19051efa331.jpg
119_jpg.rf.2037277510e58a4e5f33766f2e974ae8.jpg,failure,downloads/5/test/119_jpg.rf.2037277510e58a4e5f33766f2e974ae8.jpg
772a27e26920431770e781dda062398b-image-asset_img_5eb0af2d092e0_jpg.rf.2b6eb16648db343a2766f749b6435333.jpg,failure,downloads/2/train/772a27e26920431770e781dda062398b-image-asset_img_5eb0af2d092e0_jpg.rf.2b6eb16648db343a2766f749b6435333.jpg
25_jpg.jpg,failure,downloads/1/valid/25_jpg.rf.8c0a50581bef2a7647ef31e0e1f650e9.jpg
35_jpg.jpg,failure,downloads/1/valid/35_jpg.rf.5ca34ac92b3de466808a3e740e68ec92.jpg
failure (145).jpg,failure,downloads/4/valid/failure/failure (145).jpg
failure (82).jpg,failure,downloads/4/train/failure/failure (82).jpg
47_jpg.jpg,failure,downloads/1/valid/47_jpg.rf.de249b9fa100ea93f69b8ff5d39921d9.jpg
34887nsusfs51_jpg.rf.900c20f96d74119df377f6beecc62ad6.jpg,failure,downloads/2/train/34887nsusfs51_jpg.rf.900c20f96d74119df377f6beecc62ad6.jpg
3D-printed-gremlins-796x448_c.jpg,failure,downloads/3/spaghetti/3D-printed-gremlins-796x448_c.jpg
images (9).jpg,failure,downloads/3/spaghetti/images (9).jpg
cracks_38_jpg.jpg,failure,downloads/1/train/cracks_38_jpg.rf.4dfb6e89dd0b2be95e809914849520d3.jpg
failure (153).jpg,failure,downloads/4/test/failure/failure (153).jpg
134_jpg.rf.72e8539dbe6d4978fee27a402099bbbf.jpg,failure,downloads/5/train/134_jpg.rf.72e8539dbe6d4978fee27a402099bbbf.jpg
335536666_595308922205838_3070250205042394525_n_cropped_jpg.jpg,failure,downloads/1/train/335536666_595308922205838_3070250205042394525_n_cropped_jpg.rf.1a2ca7b8041ca8098b034ac3248e2222.jpg
3317811b7a5636eaa23d34e018bffe5b2afc6e51_jpg.rf.13e8a25b5872db3605ea86e161660de0.jpg,failure,downloads/2/train/3317811b7a5636eaa23d34e018bffe5b2afc6e51_jpg.rf.13e8a25b5872db3605ea86e161660de0.jpg
failure (104).jpg,failure,downloads/4/train/failure/failure (104).jpg
aaa.jpg,failure,downloads/3/spaghetti/aaa.jpg
aea353b13e8addbc12bc17ca0e93547d.jpg,failure,downloads/3/spaghetti/aea353b13e8addbc12bc17ca0e93547d.jpg
Capture-d-ecran--622-_jpg.rf.0ea58fc98cb70f27014fe7a33a9a20a3.jpg,failure,downloads/2/train/Capture-d-ecran--622-_jpg.rf.0ea58fc98cb70f27014fe7a33a9a20a3.jpg
printfail.jpg,failure,downloads/3/spaghetti/printfail.jpg
images-5-_jpg.jpg,failure,downloads/1/train/images-5-_jpg.rf.a5a14a45b414de62a8c4f8dfd944d161.jpg
prmjf1yvlt811_jpg.rf.a5b1e496eebae1c344c345e9d11f397b.jpg,failure,downloads/2/train/prmjf1yvlt811_jpg.rf.a5b1e496eebae1c344c345e9d11f397b.jpg
8136822496_3134392b22_z_medium_jpg.jpg,failure,downloads/1/train/8136822496_3134392b22_z_medium_jpg.rf.5f1e7f1494c9da1d7d8d787a3fc5b99d.jpg
1554794075909-img_20190409_010054_jpg.rf.086a6388db7082d9b9fb8510e57d9bd0.jpg,failure,downloads/2/train/1554794075909-img_20190409_010054_jpg.rf.086a6388db7082d9b9fb8510e57d9bd0.jpg
images-4-_jpg.jpg,failure,downloads/1/test/images-4-_jpg.rf.873b7d55433110d4f5a2ff1b2c4dcec8.jpg
failure (124).jpg,failure,downloads/4/valid/failure/failure (124).jpg
101_jpg.rf.6c59f4805e3c139ad10e11fd0b3d69ed.jpg,failure,downloads/5/train/101_jpg.rf.6c59f4805e3c139ad10e11fd0b3d69ed.jpg
61_jpg.jpg,failure,downloads/1/test/61_jpg.rf.ab2492a83a02d8d583ea5206ab63f268.jpg
71_jpg.jpg,failure,downloads/1/test/71_jpg.rf.40c99cc5674514a0bfae50f0b75d8d01.jpg
1e0889f0d3cb71fe1a1dc15a23bcda8cf78d4241.jpg,failure,downloads/3/spaghetti/1e0889f0d3cb71fe1a1dc15a23bcda8cf78d4241.jpg
Capture-d-ecran--631-_jpg.rf.3227f04ab721d1b115ae0ff0bbb9c9e2.jpg,failure,downloads/2/train/Capture-d-ecran--631-_jpg.rf.3227f04ab721d1b115ae0ff0bbb9c9e2.jpg
IMG_20190315_182806_resized_20190315_062928890-jpg-fd764c2075f3f0ba27e2cfa9fe838dc4_jpg.rf.023221d4029174e5138264f2ecce4a88.jpg,failure,downloads/2/train/IMG_20190315_182806_resized_20190315_062928890-jpg-fd764c2075f3f0ba27e2cfa9fe838dc4_jpg.rf.023221d4029174e5138264f2ecce4a88.jpg
13_jpg.jpg,failure,downloads/1/valid/13_jpg.rf.66e783926d64e844dd3be135f2feadc8.jpg
failure (132).jpg,failure,downloads/4/valid/failure/failure (132).jpg
113_jpg.rf.534b2cc5f888503ac3e80085404683bc.jpg,failure,downloads/5/train/113_jpg.rf.534b2cc5f888503ac3e80085404683bc.jpg
Capture-d-ecran--638-_jpg.rf.1c927a2b61b0b183cb4e508073f1687f.jpg,failure,downloads/2/train/Capture-d-ecran--638-_jpg.rf.1c927a2b61b0b183cb4e508073f1687f.jpg
maxresdefault (2).jpg,failure,downloads/3/spaghetti/maxresdefault (2).jpg
failure (165).jpg,failure,downloads/4/test/failure/failure (165).jpg
Capture-d-ecran--255-_jpg.rf.1123b971b9643622d666c608eb4587b3.jpg,failure,downloads/2/train/Capture-d-ecran--255-_jpg.rf.1123b971b9643622d666c608eb4587b3.jpg
Capture-d-ecran--283-_jpg.rf.0080fced921b3bd905c046056a0d4f3b.jpg,failure,downloads/2/train/Capture-d-ecran--283-_jpg.rf.0080fced921b3bd905c046056a0d4f3b.jpg
148_jpg.jpg,failure,downloads/1/valid/148_jpg.rf.290b8ed49e08506106bd0b5af2cbede5.jpg
failedprint2_img_5eb0af2d67ead.jpg,failure,downloads/3/spaghetti/failedprint2_img_5eb0af2d67ead.jpg
iO4sbDW.jpeg,failure,downloads/3/spaghetti/iO4sbDW.jpeg
imag-129-_jpg.rf.06d7593d217a3650ed99c221e07498a1.jpg,failure,downloads/5/train/imag-129-_jpg.rf.06d7593d217a3650ed99c221e07498a1.jpg
677faab0b8934bf4e4c4354d104e9594_jpg.rf.fbf4eadf2c72736c5ce34e70f94ebbf0.jpg,failure,downloads/2/test/677faab0b8934bf4e4c4354d104e9594_jpg.rf.fbf4eadf2c72736c5ce34e70f94ebbf0.jpg
oNTU2QC_jpg.rf.068b7df50954ab42d3e79544d2926a1d.jpg,failure,downloads/2/train/oNTU2QC_jpg.rf.068b7df50954ab42d3e79544d2926a1d.jpg
failure (20).jpg,failure,downloads/4/train/failure/failure (20).jpg
3D_Printing_FAIL_png.rf.fed64fdc356d1c4a293f11a49fcd9d7c.jpg,failure,downloads/5/test/3D_Printing_FAIL_png.rf.fed64fdc356d1c4a293f11a49fcd9d7c.jpg
105_jpg.jpg,failure,downloads/1/valid/105_jpg.rf.d2f4b2096858129cadf2c054f0c38a4d.jpg
Capture-d-ecran--619-_jpg.rf.d9b7318d9be0d0bc6041d7b4208c0a77.jpg,failure,downloads/2/train/Capture-d-ecran--619-_jpg.rf.d9b7318d9be0d0bc6041d7b4208c0a77.jpg
failure (149).jpg,failure,downloads/4/test/failure/failure (149).jpg
failure (98).jpg,failure,downloads/4/train/failure/failure (98).jpg
failure (77).jpg,failure,downloads/4/train/failure/failure (77).jpg
images (5).jpg,failure,downloads/3/spaghetti/images (5).jpg
Capture-d-ecran--625-_jpg.rf.1fbcec26e4480546d37b88af50dd767e.jpg,failure,downloads/2/train/Capture-d-ecran--625-_jpg.rf.1fbcec26e4480546d37b88af50dd767e.jpg
85_jpg.jpg,failure,downloads/1/valid/85_jpg.rf.ca0837b302f3c298d1a42c7c13f2c1bd.jpg
95_jpg.jpg,failure,downloads/1/valid/95_jpg.rf.0e08bc684436560e581d2d4f9368defc.jpg
6us6dlv72ny01_jpg.rf.3e7ea87996902d3cce008009c4413eec.jpg,failure,downloads/2/test/6us6dlv72ny01_jpg.rf.3e7ea87996902d3cce008009c4413eec.jpg
spaghetti-monster-3D-print.jpg,failure,downloads/3/spaghetti/spaghetti-monster-3D-print.jpg
failure (61).jpg,failure,downloads/4/train/failure/failure (61).jpg
error.jpg,failure,downloads/3/spaghetti/error.jpg
Capture-d-ecran--618-_jpg.rf.b793d22a06fd58087dc77778168f2415.jpg,failure,downloads/2/train/Capture-d-ecran--618-_jpg.rf.b793d22a06fd58087dc77778168f2415.jpg
failure (108).jpg,failure,downloads/4/train/failure/failure (108).jpg
3D-Printing-Tips_4_9_2015_png.rf.22cc7a020ba3d77d82f5f5e67ccb94d6.jpg,failure,downloads/5/train/3D-Printing-Tips_4_9_2015_png.rf.22cc7a020ba3d77d82f5f5e67ccb94d6.jpg
failure (36).jpg,failure,downloads/4/train/failure/failure (36).jpg
Capture-d-ecran--662-_jpg.rf.8744cd7d0a91fac76fee80765e625c03.jpg,failure,downloads/2/train/Capture-d-ecran--662-_jpg.rf.8744cd7d0a91fac76fee80765e625c03.jpg
failure (6).jpg,failure,downloads/4/train/failure/failure (6).jpg
failure (37).jpg,failure,downloads/4/train/failure/failure (37).jpg
failure (7).jpg,failure,downloads/4/train/failure/failure (7).jpg
Capture-d-ecran--318-_jpg.rf.97c118735fb2efce3f3f08a731eaf187.jpg,failure,downloads/2/train/Capture-d-ecran--318-_jpg.rf.97c118735fb2efce3f3f08a731eaf187.jpg
1_jpg.jpg,failure,downloads/1/test/1_jpg.rf.58bb77a608cdd3ec4cee7c3f864ef870.jpg
70_jpg.jpg,failure,downloads/1/valid/70_jpg.rf.43a5e7fa8d8d56dcd330bd68dfd166ff.jpg
FH5JEQSIHF6MY0Q_jpg.rf.0cdef89eba50f5044f6863ab36cec92d.jpg,failure,downloads/5/train/FH5JEQSIHF6MY0Q_jpg.rf.0cdef89eba50f5044f6863ab36cec92d.jpg
60_jpg.jpg,failure,downloads/1/test/60_jpg.rf.17ed0cdcaf301e752577241c5573e353.jpg
rooster-malfunction-1_jpg.rf.06be89247a512d96a1a611142cde8e5c.jpg,failure,downloads/5/train/rooster-malfunction-1_jpg.rf.06be89247a512d96a1a611142cde8e5c.jpg
HFtC39I_png.jpg,failure,downloads/1/train/HFtC39I_png.rf.880b2b31f293cf6d5a8fea46810c1c8c.jpg
failure (109).jpg,failure,downloads/4/train/failure/failure (109).jpg
_69324806_legs.jpg,failure,downloads/3/spaghetti/_69324806_legs.jpg
Capture-d-ecran--309-_jpg.rf.3733cdd7ec93e96a48cd8e48d8df78b7.jpg,failure,downloads/2/train/Capture-d-ecran--309-_jpg.rf.3733cdd7ec93e96a48cd8e48d8df78b7.jpg
failure (60).jpg,failure,downloads/4/train/failure/failure (60).jpg
images (4).jpg,failure,downloads/3/spaghetti/images (4).jpg
MzU6IdTJ1uhdbyTzHKX3sni9cdLybmIaEMTQdg_CYu8_jpg.rf.1e767f4f36042dfbcc4981ebfd6a8cda.jpg,failure,downloads/2/train/MzU6IdTJ1uhdbyTzHKX3sni9cdLybmIaEMTQdg_CYu8_jpg.rf.1e767f4f36042dfbcc4981ebfd6a8cda.jpg
failure (99).jpg,failure,downloads/4/train/failure/failure (99).jpg
failure (76).jpg,failure,downloads/4/train/failure/failure (76).jpg
149_jpg.jpg,failure,downloads/1/test/149_jpg.rf.56b541f6cedddf3eb337cefe499a3b95.jpg
a294acc1307c1b9e3bd961efe235c4cb.png,failure,downloads/3/spaghetti/a294acc1307c1b9e3bd961efe235c4cb.png
failure (148).jpg,failure,downloads/4/test/failure/failure (148).jpg
3d-printer-printing-failure-260nw-1321469462_jpg.rf.040de607e8a83209d2e40a793d288ab2.jpg,failure,downloads/2/train/3d-printer-printing-failure-260nw-1321469462_jpg.rf.040de607e8a83209d2e40a793d288ab2.jpg
12_jpg.jpg,failure,downloads/1/valid/12_jpg.rf.d8285f1dc4e8d905a42871cdd6f225bc.jpg
failure (21).jpg,failure,downloads/4/train/failure/failure (21).jpg
Capture-d-ecran--374-_jpg.rf.4f56e6bf823a5b489d0b0dcb0b0c4181.jpg,failure,downloads/2/test/Capture-d-ecran--374-_jpg.rf.4f56e6bf823a5b489d0b0dcb0b0c4181.jpg
cracks_99_jpg.jpg,failure,downloads/1/valid/cracks_99_jpg.rf.eb35722abcd0e7bba9685a34beca96fd.jpg
104_jpg.jpg,failure,downloads/1/valid/104_jpg.rf.3daf938049266a52131cce1ba49129d2.jpg
338004600_6013475658741777_1374450238045333677_n_jpg.jpg,failure,downloads/1/train/338004600_6013475658741777_1374450238045333677_n_jpg.rf.50c1e87c903d82f73a4247cbbd9974e6.jpg
IMG_0275-1024x768_jpg.rf.124378dc0caf37ffced9cb611dfe87f5.jpg,failure,downloads/2/train/IMG_0275-1024x768_jpg.rf.124378dc0caf37ffced9cb611dfe87f5.jpg
failure (164).jpg,failure,downloads/4/test/failure/failure (164).jpg
Capture-d-ecran--356-_jpg.rf.3a1789cde04839139736e952557300ce.jpg,failure,downloads/2/train/Capture-d-ecran--356-_jpg.rf.3a1789cde04839139736e952557300ce.jpg
unnamed.png,failure,downloads/3/spaghetti/unnamed.png
failure (133).jpg,failure,downloads/4/valid/failure/failure (133).jpg
IMG_20180213_103820491-1-648x486.jpg,failure,downloads/3/spaghetti/IMG_20180213_103820491-1-648x486.jpg
tumblr_moc63xtOl31sukl1qo1_1280.jpg,failure,downloads/3/spaghetti/tumblr_moc63xtOl31sukl1qo1_1280.jpg
6bdxbqup3g421_jpg.rf.d46c972c07a2545068197e007499e799.jpg,failure,downloads/2/train/6bdxbqup3g421_jpg.rf.d46c972c07a2545068197e007499e799.jpg
23603570754_dcaefb87a8_z-300x222_jpg.jpg,failure,downloads/1/train/23603570754_dcaefb87a8_z-300x222_jpg.rf.73dc295702577bdd627ab608a412fd63.jpg
maxresdefault-1-_jpg.jpg,failure,downloads/1/train/maxresdefault-1-_jpg.rf.d8d7cd8d5e9e5535774ef63ad182e32b.jpg
3D-printed-vase-fail-spaghetti-prototyping-hive-800x800.jpg,failure,downloads/3/spaghetti/3D-printed-vase-fail-spaghetti-prototyping-hive-800x800.jpg
failure (125).jpg,failure,downloads/4/valid/failure/failure (125).jpg
94_jpg.jpg,failure,downloads/1/valid/94_jpg.rf.d389823e0dc1f485dbd3ac5e37bd0434.jpg
144_jpg.rf.2894ef933cf8822d47bc6b424b2137f7.jpg,failure,downloads/5/valid/144_jpg.rf.2894ef933cf8822d47bc6b424b2137f7.jpg
84_jpg.jpg,failure,downloads/1/valid/84_jpg.rf.9e096ac2c88b8a3313ad8a53a325a1fd.jpg
a_jpg.jpg,failure,downloads/1/test/a_jpg.rf.dea4d5033617f443f4011fe8d56d5726.jpg
116_jpg.rf.0ab9dbc44211525c17f9c39850ab791d.jpg,failure,downloads/5/train/116_jpg.rf.0ab9dbc44211525c17f9c39850ab791d.jpg
failure (105).jpg,failure,downloads/4/train/failure/failure (105).jpg
194669839_10158405515653246_6637481495525062090_n_cropped_jpg.jpg,failure,downloads/1/train/194669839_10158405515653246_6637481495525062090_n_cropped_jpg.rf.667c24f17f244b7034a08a13b8b6c59f.jpg
150_jpg.jpg,failure,downloads/1/test/150_jpg.rf.4296434c732c282c05beb4144e07b176.jpg
140_jpg.jpg,failure,downloads/1/test/140_jpg.rf.76151e6ba2f8d6a80562ac7cacfa6a58.jpg
79276de2ab7bb4376bf66d974ef6289c_jpg.rf.1c7209991ff3b51ead42c2709ce33f36.jpg,failure,downloads/2/train/79276de2ab7bb4376bf66d974ef6289c_jpg.rf.1c7209991ff3b51ead42c2709ce33f36.jpg
images (8).jpg,failure,downloads/3/spaghetti/images (8).jpg
b0zyawvkkt461_jpg.rf.01e6098597eb0f98e17548149ed2d985.jpg,failure,downloads/2/train/b0zyawvkkt461_jpg.rf.01e6098597eb0f98e17548149ed2d985.jpg
failure (152).jpg,failure,downloads/4/test/failure/failure (152).jpg
3_png.rf.0c70be09bfb6f6dc3e3c06c4948c1d30.jpg,failure,downloads/5/train/3_png.rf.0c70be09bfb6f6dc3e3c06c4948c1d30.jpg
failure (83).jpg,failure,downloads/4/train/failure/failure (83).jpg
149918_fea6b7ad1f911b19fff8646791e3edc9_jpg.jpg,failure,downloads/1/train/149918_fea6b7ad1f911b19fff8646791e3edc9_jpg.rf.8a7d802611b26dc9ac0d0b16ed3cabf8.jpg
imag-142-_jpg.jpg,failure,downloads/1/train/imag-142-_jpg.rf.f334118174d712ba415e289e1fef2f46.jpg
failure (144).jpg,failure,downloads/4/valid/failure/failure (144).jpg
PXL_20210304_123630223_jpg.rf.45216fb21f9a8d1b22fca8a29d9d1bc3.jpg,failure,downloads/2/train/PXL_20210304_123630223_jpg.rf.45216fb21f9a8d1b22fca8a29d9d1bc3.jpg
failure (95).jpg,failure,downloads/4/train/failure/failure (95).jpg
69_jpg.jpg,failure,downloads/1/test/69_jpg.rf.5225d8bcc962f15c729a141146607c2d.jpg
8_jpg.jpg,failure,downloads/1/test/8_jpg.rf.b9501601f3b50a27877dac386775d703.jpg
failed-print-3D-printing.jpg,failure,downloads/3/spaghetti/failed-print-3D-printing.jpg
Capture-d-ecran--442-_jpg.rf.6e7ee7ceeb0ed2469987f0f7e34ec058.jpg,failure,downloads/2/train/Capture-d-ecran--442-_jpg.rf.6e7ee7ceeb0ed2469987f0f7e34ec058.jpg
failure (113).jpg,failure,downloads/4/train/failure/failure (113).jpg
3d_jpg.jpg,failure,downloads/1/test/3d_jpg.rf.fcc46c301e24bd195309f6cc0a170f9a.jpg
132_jpg.jpg,failure,downloads/1/valid/132_jpg.rf.77f943528e1afdbe261d625b6e41c863.jpg
122_jpg.jpg,failure,downloads/1/valid/122_jpg.rf.10e05890a2db496ad3192032e101e55e.jpg
1695403125007_png.rf.27192255b983ea0a2dca5f8c12ccb929.jpg,failure,downloads/5/train/1695403125007_png.rf.27192255b983ea0a2dca5f8c12ccb929.jpg
imag-135-_jpg.jpg,failure,downloads/1/train/imag-135-_jpg.rf.f8eb72d82d873398d0bbdda7e3dd14cd.jpg
FPZQEJJJIOU532Z_jpg.rf.6b4d68cfee420f9b184c9fba7e70ac8e.jpg,failure,downloads/2/train/FPZQEJJJIOU532Z_jpg.rf.6b4d68cfee420f9b184c9fba7e70ac8e.jpg
imag-134-_jpg.jpg,failure,downloads/1/train/imag-134-_jpg.rf.f34554800db21ee2d2985570b1c16b8c.jpg
HFtC39I.png,failure,downloads/3/spaghetti/HFtC39I.png
failure (56).jpg,failure,downloads/4/train/failure/failure (56).jpg
34_jpg.jpg,failure,downloads/1/test/34_jpg.rf.27b9fb5b7f4046cdb8660f3d0c400912.jpg
g7gbnn0z0xb21_jpg.rf.0b3c4dd3878dc30730b978c08fafaefd.jpg,failure,downloads/2/train/g7gbnn0z0xb21_jpg.rf.0b3c4dd3878dc30730b978c08fafaefd.jpg
24_jpg.jpg,failure,downloads/1/test/24_jpg.rf.238f5afa5e080fc728ef578424265411.jpg
rvhsavkly3p81_jpg.jpg,failure,downloads/1/train/rvhsavkly3p81_jpg.rf.40ea4f92714dc604dd4fcd6ee55da8d9.jpg
Capture-d-ecran--285-_jpg.rf.346c386849dab5d5761da31428d0af3f.jpg,failure,downloads/2/train/Capture-d-ecran--285-_jpg.rf.346c386849dab5d5761da31428d0af3f.jpg
failure (129).jpg,failure,downloads/4/valid/failure/failure (129).jpg
failure (17).jpg,failure,downloads/4/train/failure/failure (17).jpg
Capture-d-ecran--601-_jpg.rf.3bef470fc02e9b101b96ef773605f4b4.jpg,failure,downloads/2/test/Capture-d-ecran--601-_jpg.rf.3bef470fc02e9b101b96ef773605f4b4.jpg
56_jpg.jpg,failure,downloads/1/test/56_jpg.rf.54a00547ebd88ddbce0dca8ffe865838.jpg
46_jpg.jpg,failure,downloads/1/test/46_jpg.rf.514732bcb93cf28e15e6cd85dab57d10.jpg
335070755_717372683426620_9187802208267785837_n_cropped_jpg.jpg,failure,downloads/1/train/335070755_717372683426620_9187802208267785837_n_cropped_jpg.rf.4c7ffddcc53f4ac4d65106c591bf9c33.jpg
3D-Printing-Tips_4_9_2015_png.jpg,failure,downloads/1/train/3D-Printing-Tips_4_9_2015_png.rf.793311b15414a9e19dd802a5ac99e4f0.jpg
Capture-d-ecran--328-_jpg.rf.0fcbcf4888ab2b8b0b871f025d119e92.jpg,failure,downloads/2/train/Capture-d-ecran--328-_jpg.rf.0fcbcf4888ab2b8b0b871f025d119e92.jpg
Capture-d-ecran--304-_jpg.rf.94d7bc7f84d65d3f6c01143634d1bd29.jpg,failure,downloads/2/train/Capture-d-ecran--304-_jpg.rf.94d7bc7f84d65d3f6c01143634d1bd29.jpg
failure (40).jpg,failure,downloads/4/train/failure/failure (40).jpg
Capture-d-ecran--454-_jpg.rf.40536178d6bbadb63e4873a14fba7ccd.jpg,failure,downloads/2/train/Capture-d-ecran--454-_jpg.rf.40536178d6bbadb63e4873a14fba7ccd.jpg
7088OT_01_18.jpg,failure,downloads/3/spaghetti/7088OT_01_18.jpg
Capture-d-ecran--654-_jpg.rf.7f3ab25739dccea619f1f7a79b19ecc6.jpg,failure,downloads/2/train/Capture-d-ecran--654-_jpg.rf.7f3ab25739dccea619f1f7a79b19ecc6.jpg
Capture-d-ecran--345-_jpg.rf.05fd9d4a76e8756c2afc639d86d4f1bc.jpg,failure,downloads/2/train/Capture-d-ecran--345-_jpg.rf.05fd9d4a76e8756c2afc639d86d4f1bc.jpg
imag-126-_jpg.rf.202c88f4d8f259d5f7f6597c86434710.jpg,failure,downloads/5/train/imag-126-_jpg.rf.202c88f4d8f259d5f7f6597c86434710.jpg
failure (122).jpg,failure,downloads/4/valid/failure/failure (122).jpg
10_jpg.jpg,failure,downloads/1/valid/10_jpg.rf.24632dff68a066a3c4cdad59a4549150.jpg
82025c09dec45930b34343718660d3d7c60579fd_jpg.rf.1117e940f9a393193febddf89c898cea.jpg,failure,downloads/2/train/82025c09dec45930b34343718660d3d7c60579fd_jpg.rf.1117e940f9a393193febddf89c898cea.jpg
failure (134).jpg,failure,downloads/4/valid/failure/failure (134).jpg
62_jpg.jpg,failure,downloads/1/valid/62_jpg.rf.b9585e71b3f78e7527d44642980be5d3.jpg
20-epic-3d-printing-fails.jpg,failure,downloads/3/spaghetti/20-epic-3d-printing-fails.jpg
72_jpg.jpg,failure,downloads/1/valid/72_jpg.rf.88ec9c27c133a149f869d7c0894626cd.jpg
3_jpg.jpg,failure,downloads/1/valid/3_jpg.rf.8bba541232fc4cf8dbb45379c7a4fa4a.jpg
mr3rbrb20qna1_jpg.jpg,failure,downloads/1/train/mr3rbrb20qna1_jpg.rf.4ec65f57a74d757eb4f5f23aa5fc7456.jpg
Capture-d-ecran--363-_jpg.rf.187b72c588c39ac1eb203604108151a1.jpg,failure,downloads/2/train/Capture-d-ecran--363-_jpg.rf.187b72c588c39ac1eb203604108151a1.jpg
FH5JEQSIHF6MY0Q.jpg,failure,downloads/3/spaghetti/FH5JEQSIHF6MY0Q.jpg
failure (163).jpg,failure,downloads/4/test/failure/failure (163).jpg
imag-135-_jpg.rf.24c2ace022114db6474fb31df4d8a6f8.jpg,failure,downloads/5/valid/imag-135-_jpg.rf.24c2ace022114db6474fb31df4d8a6f8.jpg
139_jpg.jpg,failure,downloads/1/valid/139_jpg.rf.377f350ab37fc74a011f3c6f5b8cf894.jpg
qlj3mjszp2s51_jpg.jpg,failure,downloads/1/train/qlj3mjszp2s51_jpg.rf.467d773ba2b03518dcae65cecccae839.jpg
129_jpg.jpg,failure,downloads/1/test/129_jpg.rf.a1d0406ff77a410d4ab35aa23f0c8d13.jpg
Capture-d-ecran--311-_jpg.rf.1d6a3757479bbcfbf09216e4e3cd736b.jpg,failure,downloads/2/test/Capture-d-ecran--311-_jpg.rf.1d6a3757479bbcfbf09216e4e3cd736b.jpg
Capture-d-ecran--626-_jpg.rf.1dbe6ec4007bb80dad7715fa43f58420.jpg,failure,downloads/2/train/Capture-d-ecran--626-_jpg.rf.1dbe6ec4007bb80dad7715fa43f58420.jpg
1_uWD6NUewKoDvmyWSHg3OIw_png.jpg,failure,downloads/1/train/1_uWD6NUewKoDvmyWSHg3OIw_png.rf.37b5a584a7fc8c957558d55d104bbac3.jpg
BQJc2OvV2AHOsWtLlewVIBSCohsgjZK2aK1Gf5ek_sQ_jpg.jpg,failure,downloads/1/test/BQJc2OvV2AHOsWtLlewVIBSCohsgjZK2aK1Gf5ek_sQ_jpg.rf.60cdc9ea810d054331c8d674a2af546c.jpg
failure (118).jpg,failure,downloads/4/valid/failure/failure (118).jpg
images-2-_jpg.rf.3b4b568c00267aad2db0a5ca11021727.jpg,failure,downloads/5/train/images-2-_jpg.rf.3b4b568c00267aad2db0a5ca11021727.jpg
68ldi0mb09u91_cropped_jpg.jpg,failure,downloads/1/train/68ldi0mb09u91_cropped_jpg.rf.0587d3c92b4e91b0a9370f49234c0073.jpg
failure (26).jpg,failure,downloads/4/train/failure/failure (26).jpg
f7i3xai4ztx91_cropped_jpg.jpg,failure,downloads/1/train/f7i3xai4ztx91_cropped_jpg.rf.9e94492c4d6c492d270b5543bec18a13.jpg
Capture-d-ecran--457-_jpg.rf.2f720d10bcb092805e22f19b28ddc276.jpg,failure,downloads/2/train/Capture-d-ecran--457-_jpg.rf.2f720d10bcb092805e22f19b28ddc276.jpg
failed-print-head4er-900x506_jpg.jpg,failure,downloads/1/test/failed-print-head4er-900x506_jpg.rf.a49e1a4cb4e491ddb3e7ce96ecc02af7.jpg
Capture-d-ecran--632-_jpg.rf.285d26fa7b4c05d37d04fa37559e2453.jpg,failure,downloads/2/train/Capture-d-ecran--632-_jpg.rf.285d26fa7b4c05d37d04fa37559e2453.jpg
86_jpg.jpg,failure,downloads/1/valid/86_jpg.rf.e3263b9cfc8b31e9a6c6de8a7abf8502.jpg
IMG_20180213_103820491-1-648x486_jpg.jpg,failure,downloads/1/train/IMG_20180213_103820491-1-648x486_jpg.rf.43c72f6bd59decf7c99cb0449e1031e4.jpg
96_jpg.jpg,failure,downloads/1/valid/96_jpg.rf.a1fbbe578f90177b7c14b67ee631a627.jpg
failure (71).jpg,failure,downloads/4/train/failure/failure (71).jpg
images (3).jpg,failure,downloads/3/spaghetti/images (3).jpg
failure (159).jpg,failure,downloads/4/test/failure/failure (159).jpg
Capture-d-ecran--534-_jpg.rf.3da62594b42489e69267ac5f651ea1b4.jpg,failure,downloads/2/train/Capture-d-ecran--534-_jpg.rf.3da62594b42489e69267ac5f651ea1b4.jpg
failure (88).jpg,failure,downloads/4/train/failure/failure (88).jpg
failure (67).jpg,failure,downloads/4/train/failure/failure (67).jpg
116_jpg.jpg,failure,downloads/1/test/116_jpg.rf.a019f3b49c6e2f6deb4edfbf479f861f.jpg
cracks_5_jpg.jpg,failure,downloads/1/train/cracks_5_jpg.rf.6fda54cbab9eadfc269d14302d328851.jpg
SPoUHe4.jpg,failure,downloads/3/spaghetti/SPoUHe4.jpg
failure (30).jpg,failure,downloads/4/train/failure/failure (30).jpg
C3FHBKAXAAAE7CY.jpg,failure,downloads/3/spaghetti/C3FHBKAXAAAE7CY.jpg
f1017e1e83f3e7c55df5cade7c2353ba_jpg.rf.144e0839f1eb36f38f8273f0656180ce.jpg,failure,downloads/2/train/f1017e1e83f3e7c55df5cade7c2353ba_jpg.rf.144e0839f1eb36f38f8273f0656180ce.jpg
failure (47).jpg,failure,downloads/4/train/failure/failure (47).jpg
a.jpg,failure,downloads/3/spaghetti/a.jpg
failure (10).jpg,failure,downloads/4/train/failure/failure (10).jpg
iO4sbDW_jpeg.jpg,failure,downloads/1/train/iO4sbDW_jpeg.rf.65fbba2c9fe0968f34e1092040ee23c6.jpg
2001lvzmzbg21.jpg,failure,downloads/3/spaghetti/2001lvzmzbg21.jpg
120_jpg.jpg,failure,downloads/1/valid/120_jpg.rf.9c1279d82f59107527e79a28abded369.jpg
130_jpg.jpg,failure,downloads/1/valid/130_jpg.rf.386f36962786039129a97a219fdfeb43.jpg
Capture-d-ecran--364-_jpg.rf.f4dac8872b54d23e4f90aa4e4a8f3f64.jpg,failure,downloads/2/test/Capture-d-ecran--364-_jpg.rf.f4dac8872b54d23e4f90aa4e4a8f3f64.jpg
Examples-of-complete-3D-printing-failures_png.rf.037c55c6d55ce2fcbedd7721d1e8877c.jpg,failure,downloads/5/train/Examples-of-complete-3D-printing-failures_png.rf.037c55c6d55ce2fcbedd7721d1e8877c.jpg
failure (138).jpg,failure,downloads/4/valid/failure/failure (138).jpg
FM637CFIHF6MY36_jpg.jpg,failure,downloads/1/test/FM637CFIHF6MY36_jpg.rf.99d16b0962e879493290fddf86990bb5.jpg
failure (51).jpg,failure,downloads/4/train/failure/failure (51).jpg
imag-144-_jpg.jpg,failure,downloads/1/train/imag-144-_jpg.rf.5b1d526afa2a9dcdb6a9f993522d24d6.jpg
19_jpg.jpg,failure,downloads/1/valid/19_jpg.rf.2f78ec61d99987c69c31e5a808f7aa44.jpg
imag-125-_jpg.rf.0141abdf9edd6cab06e7d5365cbd171d.jpg,failure,downloads/5/test/imag-125-_jpg.rf.0141abdf9edd6cab06e7d5365cbd171d.jpg
cracks_92_jpg.jpg,failure,downloads/1/valid/cracks_92_jpg.rf.f551d7dd3eff6cb3dfded0e540dfa7dd.jpg
failure (114).jpg,failure,downloads/4/train/failure/failure (114).jpg
952db5a1f04aa00cb5b68fb7d5fcf8d6.jpg,failure,downloads/3/spaghetti/952db5a1f04aa00cb5b68fb7d5fcf8d6.jpg
failure (92).jpg,failure,downloads/4/train/failure/failure (92).jpg
44_jpg.jpg,failure,downloads/1/test/44_jpg.rf.a52f1f4be0c90d52431fe8cd97600037.jpg
54_jpg.jpg,failure,downloads/1/valid/54_jpg.rf.b04bdf435b00dcc71d66ba5f53393ad8.jpg
failure (143).jpg,failure,downloads/4/valid/failure/failure (143).jpg
26_jpg.jpg,failure,downloads/1/valid/26_jpg.rf.7fcf91ecf3f7f69771526c514edad441.jpg
imag-140-_jpg.rf.0d8635799f9c35d5f1ade8ddecd2128d.jpg,failure,downloads/5/train/imag-140-_jpg.rf.0d8635799f9c35d5f1ade8ddecd2128d.jpg
HFtC39I_png.rf.033b46255bf57d58142c6e21b4aa80a5.jpg,failure,downloads/5/train/HFtC39I_png.rf.033b46255bf57d58142c6e21b4aa80a5.jpg
failure (155).jpg,failure,downloads/4/test/failure/failure (155).jpg
failure (102).jpg,failure,downloads/4/train/failure/failure (102).jpg
131_jpg.jpg,failure,downloads/1/valid/131_jpg.rf.c1d091d0dbdcd7df0cbdbe36b348d44c.jpg
121_jpg.jpg,failure,downloads/1/test/121_jpg.rf.fd980148ada5ca0c9ce35044a3e9fe81.jpg
c59ecaa0025e3a267bb0c5b8e4688ffe_tankwarping_dobby_png.rf.eb7b7ea7cf3889b38769fe3c9f755bc2.jpg,failure,downloads/5/test/c59ecaa0025e3a267bb0c5b8e4688ffe_tankwarping_dobby_png.rf.eb7b7ea7cf3889b38769fe3c9f755bc2.jpg
failure (103).jpg,failure,downloads/4/train/failure/failure (103).jpg
failsupport-300x300_jpg.jpg,failure,downloads/1/train/failsupport-300x300_jpg.rf.8454a6c96bedc7b309118458414ce7a9.jpg
failure (154).jpg,failure,downloads/4/test/failure/failure (154).jpg
81_jpg.rf.14490ce1fb1f1792c7ee95a00077e608.jpg,failure,downloads/5/train/81_jpg.rf.14490ce1fb1f1792c7ee95a00077e608.jpg
failure (85).jpg,failure,downloads/4/train/failure/failure (85).jpg
Capture-d-ecran--624-_jpg.rf.b3f2df36a0b59525d0f8df00c6e63198.jpg,failure,downloads/2/test/Capture-d-ecran--624-_jpg.rf.b3f2df36a0b59525d0f8df00c6e63198.jpg
ig-kevincaron-petg_fail-300x300_jpg.jpg,failure,downloads/1/train/ig-kevincaron-petg_fail-300x300_jpg.rf.5677d466811bee657230c3937535eef4.jpg
20190620nest_jpg.rf.1414cf95192d48d6d6b9f6542c9aa24d.jpg,failure,downloads/2/train/20190620nest_jpg.rf.1414cf95192d48d6d6b9f6542c9aa24d.jpg
cracks_67_jpg.jpg,failure,downloads/1/train/cracks_67_jpg.rf.0ad245069fb8d9cfd0ce9ff4d419ada9.jpg
images-8-_jpg.jpg,failure,downloads/1/test/images-8-_jpg.rf.be1a9a83156f9b2b9bbc065019260f33.jpg
failure (142).jpg,failure,downloads/4/valid/failure/failure (142).jpg
images-9-_jpg.jpg,failure,downloads/1/train/images-9-_jpg.rf.65ab7d58f77752afed12c4ea1dba71c7.jpg
Robosrpout-1_jpg.jpg,failure,downloads/1/test/Robosrpout-1_jpg.rf.c579464b4b70927dd067e727e4acfa5a.jpg
failure (93).jpg,failure,downloads/4/train/failure/failure (93).jpg
18_jpg.jpg,failure,downloads/1/test/18_jpg.rf.cf42a35c129a21c2b1d18151c1012481.jpg
failure (115).jpg,failure,downloads/4/valid/failure/failure (115).jpg
Capture-d-ecran--642-_jpg.rf.067bcba0ba6aa8905d64dd9324b18fe3.jpg,failure,downloads/2/train/Capture-d-ecran--642-_jpg.rf.067bcba0ba6aa8905d64dd9324b18fe3.jpg
143_jpg.jpg,failure,downloads/1/valid/143_jpg.rf.9d1bffc878727b1f623482377abd6e2e.jpg
Capture-d-ecran--502-_jpg.rf.212eb4a538fbb0241fd22c63bf16d80e.jpg,failure,downloads/2/train/Capture-d-ecran--502-_jpg.rf.212eb4a538fbb0241fd22c63bf16d80e.jpg
failed-print-3D-printing_jpg.jpg,failure,downloads/1/train/failed-print-3D-printing_jpg.rf.6364de9847a32b50cd444d25ebdfd127.jpg
vwgqkzx1yuk11_jpg.rf.2ed2fb5800bde5546249467b73f9e302.jpg,failure,downloads/2/valid/vwgqkzx1yuk11_jpg.rf.2ed2fb5800bde5546249467b73f9e302.jpg
failed-print-head4er-900x506.jpg,failure,downloads/3/spaghetti/failed-print-head4er-900x506.jpg
55_jpg.jpg,failure,downloads/1/valid/55_jpg.rf.1c451b6ada91f74f2a261fb8b4b95c95.jpg
maxresdefault_jpg.rf.0c5d526589e0906bb049c6a0b0c13dfa.jpg,failure,downloads/5/train/maxresdefault_jpg.rf.0c5d526589e0906bb049c6a0b0c13dfa.jpg
failure (50).jpg,failure,downloads/4/train/failure/failure (50).jpg
45_jpg.jpg,failure,downloads/1/test/45_jpg.rf.ebd4692aa204bde08524ad16a14d067b.jpg
failure (139).jpg,failure,downloads/4/valid/failure/failure (139).jpg
fail3_jpg.jpg,failure,downloads/1/test/fail3_jpg.rf.b9418d14df18cf40194bd60c4f3c9aaa.jpg
Beautiful_Failures_-41_jpg.jpg,failure,downloads/1/train/Beautiful_Failures_-41_jpg.rf.2ab9f8782c0db997b1cbeeeb3c1e5696.jpg
Examples-of-complete-3D-printing-failures.png,failure,downloads/3/spaghetti/Examples-of-complete-3D-printing-failures.png
BQJc2OvV2AHOsWtLlewVIBSCohsgjZK2aK1Gf5ek_sQ.jpg,failure,downloads/3/spaghetti/BQJc2OvV2AHOsWtLlewVIBSCohsgjZK2aK1Gf5ek_sQ.jpg
100_jpg.rf.013d0bb7f072be16edc8f538ee802421.jpg,failure,downloads/5/train/100_jpg.rf.013d0bb7f072be16edc8f538ee802421.jpg
failure (11).jpg,failure,downloads/4/train/failure/failure (11).jpg
8267846360_9a97ae0e3a_k.jpg,failure,downloads/3/spaghetti/8267846360_9a97ae0e3a_k.jpg
Capture-d-ecran--606-_jpg.rf.30fd5129d01affcc7d97c4bf2f27d317.jpg,failure,downloads/2/train/Capture-d-ecran--606-_jpg.rf.30fd5129d01affcc7d97c4bf2f27d317.jpg
Percher_3DPrintFail_jpg.jpg,failure,downloads/1/train/Percher_3DPrintFail_jpg.rf.a341590019ae60e12e13962a4997c193.jpg
3d-printing-mistakes-problems_jpg.jpg,failure,downloads/1/test/3d-printing-mistakes-problems_jpg.rf.ff77f2864a414f205cd401971411b1de.jpg
failsupport-300x300.jpg,failure,downloads/3/spaghetti/failsupport-300x300.jpg
37_jpg.jpg,failure,downloads/1/test/37_jpg.rf.f3e6378f37fa36710883f400245024be.jpg
image-asset_img_5eb08bcaea8e1.jpg,failure,downloads/3/spaghetti/image-asset_img_5eb08bcaea8e1.jpg
27_jpg.jpg,failure,downloads/1/valid/27_jpg.rf.47f54bea3c397e05b41466f2bc30e30a.jpg
plastic-explosions-are-common-and-can-get-quite-ha-pinterest-200229_download_jpg.jpg,failure,downloads/1/train/plastic-explosions-are-common-and-can-get-quite-ha-pinterest-200229_download_jpg.rf.8b3db621fd01ad5b6799a11663d71a95.jpg
failure (46).jpg,failure,downloads/4/train/failure/failure (46).jpg
goq68oyddrw91_cropped_jpg.jpg,failure,downloads/1/train/goq68oyddrw91_cropped_jpg.rf.42d81832c65042a9f5887dd9b6ac7e40.jpg
g.jpg,failure,downloads/3/spaghetti/g.jpg
failure (1).jpg,failure,downloads/4/train/failure/failure (1).jpg
failure (31).jpg,failure,downloads/4/train/failure/failure (31).jpg
952db5a1f04aa00cb5b68fb7d5fcf8d6_jpg.jpg,failure,downloads/1/train/952db5a1f04aa00cb5b68fb7d5fcf8d6_jpg.rf.4ef6bbc8f6d2e23753397b0e85ebbeea.jpg
1.jpg,failure,downloads/3/spaghetti/1.jpg
fail3.jpg,failure,downloads/3/spaghetti/fail3.jpg
11_jpg.jpg,failure,downloads/1/valid/11_jpg.rf.6340b4fb6e96cb91d32e7dbff28773fa.jpg
cracks_96_jpg.rf.833ad0c451c47d8c30b54667a368fa0b.jpg,failure,downloads/5/train/cracks_96_jpg.rf.833ad0c451c47d8c30b54667a368fa0b.jpg
cracks_70_jpg.rf.3008f46fd051c3aa0ab58fd30a26bc83.jpg,failure,downloads/5/train/cracks_70_jpg.rf.3008f46fd051c3aa0ab58fd30a26bc83.jpg
failure (89).jpg,failure,downloads/4/train/failure/failure (89).jpg
failure (66).jpg,failure,downloads/4/train/failure/failure (66).jpg
images (2).jpg,failure,downloads/3/spaghetti/images (2).jpg
images-2-_jpg.jpg,failure,downloads/1/test/images-2-_jpg.rf.77d78e9aa4be57cd87e821f8d224afdc.jpg
imys8n7q6or11_jpg.rf.79921db1ed8d3e69a6968e2a0cf15279.jpg,failure,downloads/2/train/imys8n7q6or11_jpg.rf.79921db1ed8d3e69a6968e2a0cf15279.jpg
failure (158).jpg,failure,downloads/4/test/failure/failure (158).jpg
images-3-_jpg.jpg,failure,downloads/1/test/images-3-_jpg.rf.7bedd9afec2ccfd2aef100a29cc0018f.jpg
128_jpg.jpg,failure,downloads/1/valid/128_jpg.rf.aba8971ee0fee3d565b02c94ab372b84.jpg
7088OT_01_18_jpg.jpg,failure,downloads/1/train/7088OT_01_18_jpg.rf.69fb074521bc699a0fb054b81570d7d7.jpg
failure (70).jpg,failure,downloads/4/train/failure/failure (70).jpg
2_jpg.jpg,failure,downloads/1/valid/2_jpg.rf.b31e487b5ce7061ca81d869ee2cecd39.jpg
73_jpg.jpg,failure,downloads/1/valid/73_jpg.rf.ce5fa67f0e6d5f66647a07551f18aad6.jpg
_69320092_rich1_jpg.jpg,failure,downloads/1/train/_69320092_rich1_jpg.rf.92ee20b873d91f256c72431797f7913c.jpg
failure (27).jpg,failure,downloads/4/train/failure/failure (27).jpg
cTtW0B3_jpg.rf.5f611954d98537fde908de256d93471e.jpg,failure,downloads/2/train/cTtW0B3_jpg.rf.5f611954d98537fde908de256d93471e.jpg
fb164a89-c861-42a3-ab02-c1900fd638e2_cropped_jpg.jpg,failure,downloads/1/train/fb164a89-c861-42a3-ab02-c1900fd638e2_cropped_jpg.rf.5fd3b8589376af951d5d4ecc3f85fa63.jpg
images (10).jpg,failure,downloads/3/spaghetti/images (10).jpg
failure (119).jpg,failure,downloads/4/valid/failure/failure (119).jpg
failure (162).jpg,failure,downloads/4/test/failure/failure (162).jpg
97_jpg.jpg,failure,downloads/1/valid/97_jpg.rf.8c41b95416eeb17278247f257d5b65e0.jpg
20180528_212845.jpg,failure,downloads/3/spaghetti/20180528_212845.jpg
SPoUHe4_jpg.jpg,failure,downloads/1/test/SPoUHe4_jpg.rf.0c0aac6293f367a828adfbdd1afa9fed.jpg
failure (135).jpg,failure,downloads/4/valid/failure/failure (135).jpg
IMGP3375.jpg,failure,downloads/3/spaghetti/IMGP3375.jpg
iO4sbDW_jpeg.rf.566a138b65f4a77290fa4f9d090e31bd.jpg,failure,downloads/5/train/iO4sbDW_jpeg.rf.566a138b65f4a77290fa4f9d090e31bd.jpg
qlj3mjszp2s51.jpg,failure,downloads/3/spaghetti/qlj3mjszp2s51.jpg
imag-125-_jpg.jpg,failure,downloads/1/train/imag-125-_jpg.rf.f896a2481249938de2d9f95e8af72592.jpg
a84378fdda9ddd47f21daf1978cd9c50_png.rf.4e6344a8ddd2ab8075313d5dae29b29e.jpg,failure,downloads/5/valid/a84378fdda9ddd47f21daf1978cd9c50_png.rf.4e6344a8ddd2ab8075313d5dae29b29e.jpg
failure (123).jpg,failure,downloads/4/valid/failure/failure (123).jpg
fallingsupports-1-768x768.jpg,failure,downloads/3/spaghetti/fallingsupports-1-768x768.jpg
images_jpg.rf.2e239b09d03c55dbf6edd38140f441ca.jpg,failure,downloads/5/train/images_jpg.rf.2e239b09d03c55dbf6edd38140f441ca.jpg
117_jpg.jpg,failure,downloads/1/valid/117_jpg.rf.732cf11c2541a91ac6e41d7b2d9ab369.jpg
107_jpg.jpg,failure,downloads/1/test/107_jpg.rf.a85570e6b14ff596300aa0efa11a3bd6.jpg
0074_tg_jpeg.jpg,success,downloads/1/valid/0074_tg_jpeg.rf.36a5b35cd9d27233b73aa199184b1eaf.jpg
Snmek obrazovky 2022-04-01 220751.jpg,success,downloads/3/OK/Snmek obrazovky 2022-04-01 220751.jpg
0451_null_dataset_jpeg.jpg,success,downloads/1/train/0451_null_dataset_jpeg.rf.14002b44a84694eb52016efb4bfa75c2.jpg
success (117).jpg,success,downloads/4/valid/success/success (117).jpg
0183_null_dataset_jpeg.rf.008407ce95235fff3d69ebcb0dd79362.jpg,success,downloads/5/train/0183_null_dataset_jpeg.rf.008407ce95235fff3d69ebcb0dd79362.jpg
960x0_jpg.jpg,success,downloads/1/train/960x0_jpg.rf.90bbcd0441061edb191b064994d9aa60.jpg
0089_tg_jpeg.jpg,success,downloads/1/train/0089_tg_jpeg.rf.8e94238d9721a3c2391cae57bc33142e.jpg
0204_tg_jpeg.rf.192bf6b23a793c32441febf9869ee145.jpg,success,downloads/5/train/0204_tg_jpeg.rf.192bf6b23a793c32441febf9869ee145.jpg
0545_null_dataset_jpeg.rf.6d575b71ec506199a15c2e32705f9c70.jpg,success,downloads/5/train/0545_null_dataset_jpeg.rf.6d575b71ec506199a15c2e32705f9c70.jpg
success (140).jpg,success,downloads/4/valid/success/success (140).jpg
0230_null_dataset_jpeg.rf.a2f66abcb99d0e2d4a7ee9a080b6cb86.jpg,success,downloads/5/train/0230_null_dataset_jpeg.rf.a2f66abcb99d0e2d4a7ee9a080b6cb86.jpg
images (1).jpg,success,downloads/3/OK/images (1).jpg
0065_tg_jpeg.rf.914b7fb260a147272fd128e62bf86358.jpg,success,downloads/5/train/0065_tg_jpeg.rf.914b7fb260a147272fd128e62bf86358.jpg
0317_null_dataset_jpeg.jpg,success,downloads/1/train/0317_null_dataset_jpeg.rf.f375ec6469b4ce7fb615e71a6d08b8e1.jpg
0191_null_dataset_jpeg.rf.328b9970026031ca82fa9c4e2f4e6d1b.jpg,success,downloads/5/train/0191_null_dataset_jpeg.rf.328b9970026031ca82fa9c4e2f4e6d1b.jpg
0154_null_dataset_jpeg.rf.264324fe4c8be76ef02b2dccb26ad8c2.jpg,success,downloads/5/train/0154_null_dataset_jpeg.rf.264324fe4c8be76ef02b2dccb26ad8c2.jpg
Snmek obrazovky 2022-04-01 222218.jpg,success,downloads/3/OK/Snmek obrazovky 2022-04-01 222218.jpg
0034_tg_jpeg.rf.5d6bb788fb048ef609fc56cb837b87a4.jpg,success,downloads/5/train/0034_tg_jpeg.rf.5d6bb788fb048ef609fc56cb837b87a4.jpg
success (156).jpg,success,downloads/4/test/success/success (156).jpg
0212_tg_jpeg.rf.8f518080473346b9de9260bf5038e19c.jpg,success,downloads/5/train/0212_tg_jpeg.rf.8f518080473346b9de9260bf5038e19c.jpg
Snmek obrazovky 2022-04-01 215339.jpg,success,downloads/3/OK/Snmek obrazovky 2022-04-01 215339.jpg
3d-printer---hand.jpg,success,downloads/3/OK/3d-printer---hand.jpg
Snmek obrazovky 2022-04-01 122934.jpg,success,downloads/3/OK/Snmek obrazovky 2022-04-01 122934.jpg
success (101).jpg,success,downloads/4/train/success/success (101).jpg
0301_tg_jpeg.jpg,success,downloads/1/valid/0301_tg_jpeg.rf.5f2657af95f0ec91782dde0d479f6490.jpg
5cf59a0abb206b766710d395cf7f02db_jpg.rf.2b5ba721f14103f6e63a3b31ffc63f33.jpg,success,downloads/5/train/5cf59a0abb206b766710d395cf7f02db_jpg.rf.2b5ba721f14103f6e63a3b31ffc63f33.jpg
file-20190320-93060-1q0qsy2_jpg.jpg,success,downloads/1/train/file-20190320-93060-1q0qsy2_jpg.rf.fdebef70ab78cace13ef0af7087bbec7.jpg
0447_null_dataset_jpeg.jpg,success,downloads/1/train/0447_null_dataset_jpeg.rf.52f46e6459ef9cc8d3c5c0c2c1776dce.jpg
0263_tg_jpeg.jpg,success,downloads/1/train/0263_tg_jpeg.rf.6d8df90b217a732a441fdc9cb433bb12.jpg
3D-printing-is-revolutionizing-education_jpg.jpg,success,downloads/1/train/3D-printing-is-revolutionizing-education_jpg.rf.fc6315b4ba1be10e09d512541c1312e1.jpg
0429_null_dataset_jpeg.jpg,success,downloads/1/train/0429_null_dataset_jpeg.rf.7900e9f5359478ec20385cc45691fbc9.jpg
0222_tg_jpeg.rf.31c4bdf2bc0f8a8f08b32a75817fceb4.jpg,success,downloads/5/valid/0222_tg_jpeg.rf.31c4bdf2bc0f8a8f08b32a75817fceb4.jpg
0405_null_dataset_jpeg.jpg,success,downloads/1/valid/0405_null_dataset_jpeg.rf.ae577ac334538cd7a5b9975aa4f956af.jpg
0205_null_dataset_jpeg.rf.49fca1094b8739b5d998302822f0d335.jpg,success,downloads/5/train/0205_null_dataset_jpeg.rf.49fca1094b8739b5d998302822f0d335.jpg
0036_tg_jpeg.jpg,success,downloads/1/train/0036_tg_jpeg.rf.3bfd672539fea75dda7b97abf825d153.jpg
0416_null_dataset_jpeg.rf.4db3610a9381271de5b2bcd5a514cf78.jpg,success,downloads/5/train/0416_null_dataset_jpeg.rf.4db3610a9381271de5b2bcd5a514cf78.jpg
0238_null_dataset_jpeg.jpg,success,downloads/1/train/0238_null_dataset_jpeg.rf.465b0dc894b5bcf466abb662dddf734a.jpg
3D-dPrinting_jpg.rf.8981e9c26ba389d8bef46889f9b9f376.jpg,success,downloads/5/train/3D-dPrinting_jpg.rf.8981e9c26ba389d8bef46889f9b9f376.jpg
0141_null_dataset_jpeg.rf.28302018254e0be8f18fb27e401efbe0.jpg,success,downloads/5/valid/0141_null_dataset_jpeg.rf.28302018254e0be8f18fb27e401efbe0.jpg
3D-printer-photos-2020-2x1-lowres9405-1024x512-1_jpg.jpg,success,downloads/1/train/3D-printer-photos-2020-2x1-lowres9405-1024x512-1_jpg.rf.517545393f029b3bffe8f91f87630b2b.jpg
success (72).jpg,success,downloads/4/train/success/success (72).jpg
0282_tg_jpeg.jpg,success,downloads/1/train/0282_tg_jpeg.rf.fd18bce941d32eb26833c83ebf5caca6.jpg
0321_null_dataset_jpeg.rf.53dd2c2ca64d2d1c836cae8322d976f4.jpg,success,downloads/5/train/0321_null_dataset_jpeg.rf.53dd2c2ca64d2d1c836cae8322d976f4.jpg
0427_null_dataset_jpeg.rf.1c573ec2ea723e861e7e3ce36b05d20c.jpg,success,downloads/5/train/0427_null_dataset_jpeg.rf.1c573ec2ea723e861e7e3ce36b05d20c.jpg
3D-Printing-Is-Changing-the-Global-Manufacturing-Landscape.jpg,success,downloads/3/OK/3D-Printing-Is-Changing-the-Global-Manufacturing-Landscape.jpg
0297_null_dataset_jpeg.rf.64fb964e54f02e95e8bde838ab2ebfd4.jpg,success,downloads/5/test/0297_null_dataset_jpeg.rf.64fb964e54f02e95e8bde838ab2ebfd4.jpg
0070_tg_jpeg.rf.0ac34ff670c006efc684001ae918bbcf.jpg,success,downloads/5/train/0070_tg_jpeg.rf.0ac34ff670c006efc684001ae918bbcf.jpg
0355_null_dataset_jpeg.jpg,success,downloads/1/train/0355_null_dataset_jpeg.rf.42cab2a5b7a91290a4577bd4976199f7.jpg
success (25).jpg,success,downloads/4/train/success/success (25).jpg
0251_tg_jpeg.rf.c92516eb6077c81cd817f8f77c6877c0.jpg,success,downloads/5/test/0251_tg_jpeg.rf.c92516eb6077c81cd817f8f77c6877c0.jpg
0124_tg_jpeg.jpg,success,downloads/1/train/0124_tg_jpeg.rf.f4ff390519618e967eca8829944e83f1.jpg
Snmek obrazovky 2022-04-01 212245.jpg,success,downloads/3/OK/Snmek obrazovky 2022-04-01 212245.jpg
file-20190320-93060-1q0qsy2.jpg,success,downloads/3/OK/file-20190320-93060-1q0qsy2.jpg
0510_null_dataset_jpeg.jpg,success,downloads/1/train/0510_null_dataset_jpeg.rf.16244bb6cc07e3450f71144bdccb1ada.jpg
0343_null_dataset_jpeg.jpg,success,downloads/1/train/0343_null_dataset_jpeg.rf.6fc2602116e7250eaf2de52006b05cec.jpg
success (33).jpg,success,downloads/4/train/success/success (33).jpg
0251_tg_jpeg.jpg,success,downloads/1/train/0251_tg_jpeg.rf.64e719d9ff0e3e91a2b8f3cbb6700536.jpg
0381_null_dataset_jpeg.rf.6ab08ae48344e9d055f7eef1f3d6d617.jpg,success,downloads/5/valid/0381_null_dataset_jpeg.rf.6ab08ae48344e9d055f7eef1f3d6d617.jpg
0187_tg_jpeg.jpg,success,downloads/1/valid/0187_tg_jpeg.rf.a17998a71bc83491c27cd73b67d0bc77.jpg
0251_null_dataset_jpeg.rf.e0472562c2d64b0a1d12898ce4ab2cd3.jpg,success,downloads/5/test/0251_null_dataset_jpeg.rf.e0472562c2d64b0a1d12898ce4ab2cd3.jpg
0298_null_dataset_jpeg.jpg,success,downloads/1/valid/0298_null_dataset_jpeg.rf.0e53b0f64b3116b6fbff9a8b06de544c.jpg
gettyimages-534423775-170667a.jpg,success,downloads/3/OK/gettyimages-534423775-170667a.jpg
EjfeSVIXcAUoy7J-scaled_jpg.jpg,success,downloads/1/test/EjfeSVIXcAUoy7J-scaled_jpg.rf.4a65e2633b2648bf8ee9647eff9f972a.jpg
0495_null_dataset_jpeg.rf.0375979b3e23c54ad1fadf666e708623.jpg,success,downloads/5/train/0495_null_dataset_jpeg.rf.0375979b3e23c54ad1fadf666e708623.jpg
success (64).jpg,success,downloads/4/train/success/success (64).jpg
0221_tg_jpeg.jpg,success,downloads/1/train/0221_tg_jpeg.rf.3bfaeda92b706f569eb352d0fd1e8a74.jpg
0395_tg_jpeg.rf.48e78b79d3125fde822d69d7268a7c76.jpg,success,downloads/5/train/0395_tg_jpeg.rf.48e78b79d3125fde822d69d7268a7c76.jpg
Snmek obrazovky 2022-04-01 222153.jpg,success,downloads/3/OK/Snmek obrazovky 2022-04-01 222153.jpg
success (13).jpg,success,downloads/4/train/success/success (13).jpg
0421_null_dataset_jpeg.jpg,success,downloads/1/train/0421_null_dataset_jpeg.rf.4d74645eb89b46b61643a272fa576611.jpg
0196_null_dataset_jpeg.jpg,success,downloads/1/train/0196_null_dataset_jpeg.rf.fecd477edb4d2fe653f9819bf6e797c4.jpg
0244_tg_jpeg.jpg,success,downloads/1/train/0244_tg_jpeg.rf.fc4a3fe337d945bf8e66c672b9ee8864.jpg
0497_null_dataset_jpeg.jpg,success,downloads/1/train/0497_null_dataset_jpeg.rf.5a849338de7b6ef51463ad35b292d514.jpg
0192_tg_jpeg.jpg,success,downloads/1/valid/0192_tg_jpeg.rf.e0928f90ca7e062757374f06515382b9.jpg
Snmek obrazovky 2022-04-01 214839.jpg,success,downloads/3/OK/Snmek obrazovky 2022-04-01 214839.jpg
success (44).jpg,success,downloads/4/train/success/success (44).jpg
Snmek obrazovky 2022-04-01 221841.jpg,success,downloads/3/OK/Snmek obrazovky 2022-04-01 221841.jpg
0030_tg_jpeg.rf.162e2feb8d29d8148c4896cd7c37c8df.jpg,success,downloads/5/train/0030_tg_jpeg.rf.162e2feb8d29d8148c4896cd7c37c8df.jpg
0031_tg_jpeg.rf.24600c266b713569a206cc2645ae65a3.jpg,success,downloads/5/train/0031_tg_jpeg.rf.24600c266b713569a206cc2645ae65a3.jpg
3D-Printer-Tips-Gear-GettyImages-1043199056_webp.rf.3acd339ce323413cbaeb501a0cb95e0a.jpg,success,downloads/5/train/3D-Printer-Tips-Gear-GettyImages-1043199056_webp.rf.3acd339ce323413cbaeb501a0cb95e0a.jpg
0367_null_dataset_jpeg.jpg,success,downloads/1/train/0367_null_dataset_jpeg.rf.371e6cdf57d2c51d5e316248e9ca1a3e.jpg
0276_null_dataset_jpeg.rf.5110ae52d8abdf93d2e9666fd0ab5d14.jpg,success,downloads/5/train/0276_null_dataset_jpeg.rf.5110ae52d8abdf93d2e9666fd0ab5d14.jpg
0074_tg_jpeg.rf.78491fbc17d72263ee1d147fc9f94973.jpg,success,downloads/5/valid/0074_tg_jpeg.rf.78491fbc17d72263ee1d147fc9f94973.jpg
0309_null_dataset_jpeg.jpg,success,downloads/1/valid/0309_null_dataset_jpeg.rf.9194545401c8aaf73aa4490df197d2b5.jpg
success (52).jpg,success,downloads/4/train/success/success (52).jpg
0308_tg_jpeg.jpg,success,downloads/1/train/0308_tg_jpeg.rf.6f9327736d88a9c599560e83bfaba0ec.jpg
0287_tg_jpeg.rf.e2b3e05d0a84197b0c3d81b8ecc9f335.jpg,success,downloads/5/test/0287_tg_jpeg.rf.e2b3e05d0a84197b0c3d81b8ecc9f335.jpg
0582_null_dataset_jpeg.jpg,success,downloads/1/train/0582_null_dataset_jpeg.rf.52432cbddc27adbccf29ead65c4c39e5.jpg
Snmek-obrazovky-2022-04-01-214316_jpg.rf.23fe2a605adbf0ac9c7ec9de57cea742.jpg,success,downloads/5/train/Snmek-obrazovky-2022-04-01-214316_jpg.rf.23fe2a605adbf0ac9c7ec9de57cea742.jpg
file-20190725-136781-153x4jj.jpg,success,downloads/3/OK/file-20190725-136781-153x4jj.jpg
0481_null_dataset_jpeg.jpg,success,downloads/1/train/0481_null_dataset_jpeg.rf.54d2b9aea0a9e8d1071255e8a3cd8dbc.jpg
0385_tg_jpeg.jpg,success,downloads/1/valid/0385_tg_jpeg.rf.e6189f40f33bbba3481adf7c15200ff4.jpg
0264_null_dataset_jpeg.jpg,success,downloads/1/train/0264_null_dataset_jpeg.rf.1bfa4cbe865c83dc82ad3a22cdfaee41.jpg
0391_null_dataset_jpeg.rf.18eaf12498918153798e2c34daeb8b59.jpg,success,downloads/5/train/0391_null_dataset_jpeg.rf.18eaf12498918153798e2c34daeb8b59.jpg
0198_null_dataset_jpeg.rf.21026d046f519a6dda144bdfcd6789a0.jpg,success,downloads/5/train/0198_null_dataset_jpeg.rf.21026d046f519a6dda144bdfcd6789a0.jpg
0039_tg_jpeg.rf.620fb29e0a6f043cafbbabe4d082fca4.jpg,success,downloads/5/valid/0039_tg_jpeg.rf.620fb29e0a6f043cafbbabe4d082fca4.jpg
0131_tg_jpeg.jpg,success,downloads/1/train/0131_tg_jpeg.rf.f8d1d0b12585ec8ccb1347c8ec7ff2a9.jpg
0475_null_dataset_jpeg.jpg,success,downloads/1/train/0475_null_dataset_jpeg.rf.639aacebed52ff2c815bc50df5d55a6f.jpg
0226_null_dataset_jpeg.jpg,success,downloads/1/train/0226_null_dataset_jpeg.rf.10a05769cd46721c69b7e25afd9f9161.jpg
Snmek obrazovky 2022-04-01 211405.jpg,success,downloads/3/OK/Snmek obrazovky 2022-04-01 211405.jpg
0259_tg_jpeg.rf.132b54a57a58cebd1f44ff48faf63983.jpg,success,downloads/5/train/0259_tg_jpeg.rf.132b54a57a58cebd1f44ff48faf63983.jpg
0364_tg_jpeg.jpg,success,downloads/1/valid/0364_tg_jpeg.rf.03437a1eafae3be54072f2099e5565d5.jpg
success (91).jpg,success,downloads/4/train/success/success (91).jpg
0248_null_dataset_jpeg.jpg,success,downloads/1/train/0248_null_dataset_jpeg.rf.54f8a4b095dcf8437de0170c92501bda.jpg
0519_null_dataset_jpeg.rf.e6beb952a4645284fb0359d33949a8a6.jpg,success,downloads/5/valid/0519_null_dataset_jpeg.rf.e6beb952a4645284fb0359d33949a8a6.jpg
Snmek obrazovky 2022-04-01 221539.jpg,success,downloads/3/OK/Snmek obrazovky 2022-04-01 221539.jpg
success (29).jpg,success,downloads/4/train/success/success (29).jpg
0314_tg_jpeg.jpg,success,downloads/1/valid/0314_tg_jpeg.rf.8f505a6c18400399cdac271974baf74b.jpg
success (121).jpg,success,downloads/4/valid/success/success (121).jpg
0576_null_dataset_jpeg.jpg,success,downloads/1/train/0576_null_dataset_jpeg.rf.f3d04c6386abc320aac7772ccaf6559c.jpg
0325_null_dataset_jpeg.jpg,success,downloads/1/train/0325_null_dataset_jpeg.rf.84d509b3d0667317667f8b0e62bb07ff.jpg
0436_null_dataset_jpeg.rf.4de891944622e71d5353f1566f21d629.jpg,success,downloads/5/train/0436_null_dataset_jpeg.rf.4de891944622e71d5353f1566f21d629.jpg
Snmek obrazovky 2022-04-01 211820.jpg,success,downloads/3/OK/Snmek obrazovky 2022-04-01 211820.jpg
0228_tg_jpeg.jpg,success,downloads/1/train/0228_tg_jpeg.rf.5b7dc1c823cc5289771193df61227273.jpg
0350_tg_jpeg.rf.b96bc757c5c6775e543389781cab4b28.jpg,success,downloads/5/test/0350_tg_jpeg.rf.b96bc757c5c6775e543389781cab4b28.jpg
success (137).jpg,success,downloads/4/valid/success/success (137).jpg
0580_null_dataset_jpeg.rf.2007181b34f56cd029f5e1e9374a6ac5.jpg,success,downloads/5/train/0580_null_dataset_jpeg.rf.2007181b34f56cd029f5e1e9374a6ac5.jpg
cool-hollowed-reptile-bcn3d-via-thingiverse-200327.jpg,success,downloads/3/OK/cool-hollowed-reptile-bcn3d-via-thingiverse-200327.jpg
Snmek obrazovky 2022-04-01 211954.jpg,success,downloads/3/OK/Snmek obrazovky 2022-04-01 211954.jpg
success (68).jpg,success,downloads/4/train/success/success (68).jpg
Snmek-obrazovky-2022-04-01-211425_jpg.rf.193350408b0113407009e628dd4dd9a8.jpg,success,downloads/5/train/Snmek-obrazovky-2022-04-01-211425_jpg.rf.193350408b0113407009e628dd4dd9a8.jpg
0123_tg_jpeg.rf.0fa3c339a78f25865ee4b55073674c99.jpg,success,downloads/5/train/0123_tg_jpeg.rf.0fa3c339a78f25865ee4b55073674c99.jpg
success (87).jpg,success,downloads/4/train/success/success (87).jpg
success (160).jpg,success,downloads/4/test/success/success (160).jpg
0463_null_dataset_jpeg.rf.e52b7553c171989a50db1c3aece5182f.jpg,success,downloads/5/valid/0463_null_dataset_jpeg.rf.e52b7553c171989a50db1c3aece5182f.jpg
0230_null_dataset_jpeg.jpg,success,downloads/1/train/0230_null_dataset_jpeg.rf.5f67a3bf1e0c0223314996e9322527c0.jpg
success (161).jpg,success,downloads/4/test/success/success (161).jpg
Snmek-obrazovky-2022-04-01-211425_jpg.jpg,success,downloads/1/train/Snmek-obrazovky-2022-04-01-211425_jpg.rf.f41fdb0a3301b6addd91d17d840d1c8f.jpg
success (1).jpg,success,downloads/4/train/success/success (1).jpg
Snmek obrazovky 2022-04-01 212915.jpg,success,downloads/3/OK/Snmek obrazovky 2022-04-01 212915.jpg
0586_null_dataset_jpeg.rf.3cdd532f8b48abfbebd4a301a8428705.jpg,success,downloads/5/valid/0586_null_dataset_jpeg.rf.3cdd532f8b48abfbebd4a301a8428705.jpg
0056_tg_jpeg.jpg,success,downloads/1/train/0056_tg_jpeg.rf.0cf9eb906ceda70e079d424ed6dda7a4.jpg
success (69).jpg,success,downloads/4/train/success/success (69).jpg
0469_null_dataset_jpeg.jpg,success,downloads/1/train/0469_null_dataset_jpeg.rf.f97b444d9c43bad5fefa14e4ba26adfc.jpg
0255_null_dataset_jpeg.rf.54f393cd5868ca5d75da031dac070acc.jpg,success,downloads/5/train/0255_null_dataset_jpeg.rf.54f393cd5868ca5d75da031dac070acc.jpg
0254_null_dataset_jpeg.jpg,success,downloads/1/train/0254_null_dataset_jpeg.rf.994dbf6c0674fe63e103d3bc2d54faa6.jpg
success (86).jpg,success,downloads/4/train/success/success (86).jpg
Snmek obrazovky 2022-04-01 214343.jpg,success,downloads/3/OK/Snmek obrazovky 2022-04-01 214343.jpg
success (136).jpg,success,downloads/4/valid/success/success (136).jpg
0144_tg_jpeg.jpg,success,downloads/1/valid/0144_tg_jpeg.rf.76cdd3dabbed5691c5af0504f39534e1.jpg
0256_null_dataset_jpeg.rf.67532d4f57e583de2ef17ef9f6792b5f.jpg,success,downloads/5/train/0256_null_dataset_jpeg.rf.67532d4f57e583de2ef17ef9f6792b5f.jpg
0281_tg_jpeg.rf.4415313e519ecff3aeff974db6add189.jpg,success,downloads/5/valid/0281_tg_jpeg.rf.4415313e519ecff3aeff974db6add189.jpg
success (120).jpg,success,downloads/4/valid/success/success (120).jpg
0383_null_dataset_jpeg.rf.9587e760ded9bc9813b84f2b471bc69c.jpg,success,downloads/5/train/0383_null_dataset_jpeg.rf.9587e760ded9bc9813b84f2b471bc69c.jpg
0488_null_dataset_jpeg.rf.cad794b71eb57f43ccf0a51271dbef71.jpg,success,downloads/5/valid/0488_null_dataset_jpeg.rf.cad794b71eb57f43ccf0a51271dbef71.jpg
0399_null_dataset_jpeg.jpg,success,downloads/1/train/0399_null_dataset_jpeg.rf.a55d433c9f76eba258b96c3b7ef2d3a8.jpg
0582_null_dataset_jpeg.rf.59c4484e31ce1f27319529fcb15afd6f.jpg,success,downloads/5/train/0582_null_dataset_jpeg.rf.59c4484e31ce1f27319529fcb15afd6f.jpg
0218_tg_jpeg.rf.5602f5c2f4641edba630a9989c778597.jpg,success,downloads/5/train/0218_tg_jpeg.rf.5602f5c2f4641edba630a9989c778597.jpg
success (28).jpg,success,downloads/4/train/success/success (28).jpg
0296_null_dataset_jpeg.rf.7e9d90013ba05be92be3d14714b7fb5a.jpg,success,downloads/5/test/0296_null_dataset_jpeg.rf.7e9d90013ba05be92be3d14714b7fb5a.jpg
0341_null_dataset_jpeg.jpg,success,downloads/1/train/0341_null_dataset_jpeg.rf.5c055050df09acd744b9b3645f799f22.jpg
0411_null_dataset_jpeg.jpg,success,downloads/1/train/0411_null_dataset_jpeg.rf.4f4835800066e439029511629b0c3dda.jpg
0197_tg_jpeg.jpg,success,downloads/1/valid/0197_tg_jpeg.rf.5a40a6aa948dd00ad2ef0c1f89d2eeb1.jpg
0237_null_dataset_jpeg.rf.2b5203ff0ba05637c4ccb7bf9485a7f3.jpg,success,downloads/5/train/0237_null_dataset_jpeg.rf.2b5203ff0ba05637c4ccb7bf9485a7f3.jpg
Snmek-obrazovky-2022-04-01-215046_jpg.jpg,success,downloads/1/train/Snmek-obrazovky-2022-04-01-215046_jpg.rf.60a9990ea9c6a273ea81989734750d5a.jpg
0226_null_dataset_jpeg.rf.0db47f3e5db02695377b7c61acbe17e5.jpg,success,downloads/5/train/0226_null_dataset_jpeg.rf.0db47f3e5db02695377b7c61acbe17e5.jpg
success (90).jpg,success,downloads/4/train/success/success (90).jpg
Snmek-obrazovky-2022-04-01-215046_jpg.rf.2fc5ab8299feb45d60bd2cd76defa3cd.jpg,success,downloads/5/train/Snmek-obrazovky-2022-04-01-215046_jpg.rf.2fc5ab8299feb45d60bd2cd76defa3cd.jpg
0265_tg_jpeg.rf.9c73dac4115142fa620dc7c4288e6c89.jpg,success,downloads/5/train/0265_tg_jpeg.rf.9c73dac4115142fa620dc7c4288e6c89.jpg
0200_null_dataset_jpeg.jpg,success,downloads/1/train/0200_null_dataset_jpeg.rf.4162671b91a8d8681c42667290009d28.jpg
0402_null_dataset_jpeg.rf.1c17a54e67e060aa0a16b59afaab53a8.jpg,success,downloads/5/train/0402_null_dataset_jpeg.rf.1c17a54e67e060aa0a16b59afaab53a8.jpg
0303_null_dataset_jpeg.jpg,success,downloads/1/valid/0303_null_dataset_jpeg.rf.de042a9285b4ff107ce88bf6018b040e.jpg
0348_null_dataset_jpeg.rf.91290754013ba95851a5a32d0a635859.jpg,success,downloads/5/test/0348_null_dataset_jpeg.rf.91290754013ba95851a5a32d0a635859.jpg
0064_tg_jpeg.jpg,success,downloads/1/train/0064_tg_jpeg.rf.881751380dd4bf0659c8b4bbb038a55f.jpg
success (53).JPG,success,downloads/4/train/success/success (53).JPG
0330_null_dataset_jpeg.rf.0ae7171a080e3f5454a8fdce63613ee9.jpg,success,downloads/5/train/0330_null_dataset_jpeg.rf.0ae7171a080e3f5454a8fdce63613ee9.jpg
0318_null_dataset_jpeg.rf.0e10509ae353bc3e5401d5186ba44112.jpg,success,downloads/5/train/0318_null_dataset_jpeg.rf.0e10509ae353bc3e5401d5186ba44112.jpg
AD-Essentiasl-All-3d.jpg,success,downloads/3/OK/AD-Essentiasl-All-3d.jpg
3-d_printing.jpg,success,downloads/3/OK/3-d_printing.jpg
3D-dPrinting_jpg.jpg,success,downloads/1/train/3D-dPrinting_jpg.rf.78652079075fbf1d465a6dfc1b794008.jpg
Snmek obrazovky 2022-04-01 222425.jpg,success,downloads/3/OK/Snmek obrazovky 2022-04-01 222425.jpg
0546_null_dataset_jpeg.jpg,success,downloads/1/valid/0546_null_dataset_jpeg.rf.cad78294f8befe7f2ebb129378b4e621.jpg
0392_null_dataset_jpeg.rf.64e616936041fb7150b8ebd574bf0e2a.jpg,success,downloads/5/test/0392_null_dataset_jpeg.rf.64e616936041fb7150b8ebd574bf0e2a.jpg
0315_null_dataset_jpeg.jpg,success,downloads/1/valid/0315_null_dataset_jpeg.rf.c9d259128e9bff93fd8b313b4148ead8.jpg
success (45).jpg,success,downloads/4/train/success/success (45).jpg
0009_tg_jpeg.rf.5b4be0ab66958271d9feab17d0d9e449.jpg,success,downloads/5/train/0009_tg_jpeg.rf.5b4be0ab66958271d9feab17d0d9e449.jpg
3D-printer-4_jpg.jpg,success,downloads/1/train/3D-printer-4_jpg.rf.f44b32c52d131233da5fd95f9cd3885d.jpg
0445_null_dataset_jpeg.jpg,success,downloads/1/valid/0445_null_dataset_jpeg.rf.61b3fa0554d1e6dfda7d99aeafdcf4df.jpg
0216_null_dataset_jpeg.jpg,success,downloads/1/train/0216_null_dataset_jpeg.rf.f231c6ecd752d1bda7cb2c2de3d21917.jpg
word-image-23.jpeg,success,downloads/3/OK/word-image-23.jpeg
success (12).jpg,success,downloads/4/train/success/success (12).jpg
0142_tg_jpeg.rf.48797818edd31b2db1ec068e6d2259a3.jpg,success,downloads/5/valid/0142_tg_jpeg.rf.48797818edd31b2db1ec068e6d2259a3.jpg
success (65).jpg,success,downloads/4/train/success/success (65).jpg
Snmek obrazovky 2022-04-01 212902.jpg,success,downloads/3/OK/Snmek obrazovky 2022-04-01 212902.jpg
0292_null_dataset_jpeg.jpg,success,downloads/1/train/0292_null_dataset_jpeg.rf.900eade165d002c2078b70e40deda665.jpg
0176_null_dataset_jpeg.jpg,success,downloads/1/valid/0176_null_dataset_jpeg.rf.207c5efa373adcd134cf5dd67cc3fd8f.jpg
0249_tg_jpeg.rf.4fe2d48cb54a1d3814ae54269c11a94a.jpg,success,downloads/5/train/0249_tg_jpeg.rf.4fe2d48cb54a1d3814ae54269c11a94a.jpg
0540_null_dataset_jpeg.rf.8b024ae09e429a696c332ee571aabf61.jpg,success,downloads/5/train/0540_null_dataset_jpeg.rf.8b024ae09e429a696c332ee571aabf61.jpg
0419_null_dataset_jpeg.jpg,success,downloads/1/valid/0419_null_dataset_jpeg.rf.fbdbf18a641ad4786ff245edb2794491.jpg
0477_null_dataset_jpeg.jpg,success,downloads/1/train/0477_null_dataset_jpeg.rf.67c0985429da0c52c37e337558ffd9b5.jpg
0304_tg_jpeg.jpg,success,downloads/1/train/0304_tg_jpeg.rf.9fea48f650fb0c9d7675109d5e931a20.jpg
success (32).jpg,success,downloads/4/train/success/success (32).jpg
Snmek-obrazovky-2022-04-01-211728_jpg.jpg,success,downloads/1/test/Snmek-obrazovky-2022-04-01-211728_jpg.rf.c6bc61facfa8c885548dbb9575117e9a.jpg
0216_tg_jpeg.jpg,success,downloads/1/train/0216_tg_jpeg.rf.f9f48e3f7d96fb0a4df3e31c994f0f33.jpg
0244_tg_jpeg.rf.930ac36333e98ad0e37d4a0055c7fec6.jpg,success,downloads/5/train/0244_tg_jpeg.rf.930ac36333e98ad0e37d4a0055c7fec6.jpg
0x0_webp.rf.6b45d517eb3e3fcc472cc1ba6c814b39.jpg,success,downloads/5/train/0x0_webp.rf.6b45d517eb3e3fcc472cc1ba6c814b39.jpg
0192_null_dataset_jpeg.rf.e2e3dd4c0b62b347f10bcaa3239464e7.jpg,success,downloads/5/train/0192_null_dataset_jpeg.rf.e2e3dd4c0b62b347f10bcaa3239464e7.jpg
0454_null_dataset_jpeg.rf.364add96abc681489a15294621f72c64.jpg,success,downloads/5/train/0454_null_dataset_jpeg.rf.364add96abc681489a15294621f72c64.jpg
0391_null_dataset_jpeg.jpg,success,downloads/1/train/0391_null_dataset_jpeg.rf.481e1da1c4f64a1323f530c62c2732d1.jpg
success (24).jpg,success,downloads/4/train/success/success (24).jpg
0163_tg_jpeg.jpg,success,downloads/1/train/0163_tg_jpeg.rf.f2ac2325d0aa2bf033ce60069026c023.jpg
0237_tg_jpeg.rf.15775431d187b3410652e2c44b4c099e.jpg,success,downloads/5/train/0237_tg_jpeg.rf.15775431d187b3410652e2c44b4c099e.jpg
0483_null_dataset_jpeg.rf.1624bb0f5fdcbd895f2970c475892c63.jpg,success,downloads/5/train/0483_null_dataset_jpeg.rf.1624bb0f5fdcbd895f2970c475892c63.jpg
0042_tg_jpeg.rf.f6991bfb383f481c054034f127c4b245.jpg,success,downloads/5/test/0042_tg_jpeg.rf.f6991bfb383f481c054034f127c4b245.jpg
0562_null_dataset_jpeg.jpg,success,downloads/1/train/0562_null_dataset_jpeg.rf.a1155b0a4ae80479956ce28ba95c4b61.jpg
01s8lOzd24t1s3pHCdDtLUA-1.fit_lim.size_1050x.jpg,success,downloads/3/OK/01s8lOzd24t1s3pHCdDtLUA-1.fit_lim.size_1050x.jpg
0043_tg_jpeg.rf.ef321710655fb0b4cd2dc6306aa9d90b.jpg,success,downloads/5/test/0043_tg_jpeg.rf.ef321710655fb0b4cd2dc6306aa9d90b.jpg
0280_tg_jpeg.rf.096793afb767174c7eec989ab6e53929.jpg,success,downloads/5/test/0280_tg_jpeg.rf.096793afb767174c7eec989ab6e53929.jpg
3D-printing (1).jpg,success,downloads/3/OK/3D-printing (1).jpg
success (73).jpg,success,downloads/4/train/success/success (73).jpg
Snmek obrazovky 2022-04-01 122919.jpg,success,downloads/3/OK/Snmek obrazovky 2022-04-01 122919.jpg
0232_null_dataset_jpeg.jpg,success,downloads/1/train/0232_null_dataset_jpeg.rf.642f80f9bb83eada5dcf4a8ddadbc958.jpg
DSC_1007-1-1-scaled_jpg.jpg,success,downloads/1/train/DSC_1007-1-1-scaled_jpg.rf.f20bf85aa76521e86a81a830fdb39bf2.jpg
0461_null_dataset_jpeg.jpg,success,downloads/1/train/0461_null_dataset_jpeg.rf.50d38914d2e2dc04156c5d26f9b189b9.jpg
1_webp.rf.96c845e610993e4d77726422ee40221d.jpg,success,downloads/5/valid/1_webp.rf.96c845e610993e4d77726422ee40221d.jpg
3D-printer-4.jpg,success,downloads/3/OK/3D-printer-4.jpg
0197_null_dataset_jpeg.rf.cc0991eaf958c62cd015fa08ec3a9559.jpg,success,downloads/5/test/0197_null_dataset_jpeg.rf.cc0991eaf958c62cd015fa08ec3a9559.jpg
0071_tg_jpeg.jpg,success,downloads/1/valid/0071_tg_jpeg.rf.dfccc09cd7d8f157a9f9759dfb840be1.jpg
0495_null_dataset_jpeg.jpg,success,downloads/1/train/0495_null_dataset_jpeg.rf.8ae0aee38e96e9aad39534b74175b1d9.jpg
0292_null_dataset_jpeg.rf.6e1741404512a800cd5e588df843576f.jpg,success,downloads/5/train/0292_null_dataset_jpeg.rf.6e1741404512a800cd5e588df843576f.jpg
3D-Printing-Is-Changing-the-Global-Manufacturing-Landscape_jpg.rf.8dd05fb0983385038f64818e47fee94a.jpg,success,downloads/5/test/3D-Printing-Is-Changing-the-Global-Manufacturing-Landscape_jpg.rf.8dd05fb0983385038f64818e47fee94a.jpg
0227_tg_jpeg.rf.191a73c9d1563ce243334325dfac0763.jpg,success,downloads/5/train/0227_tg_jpeg.rf.191a73c9d1563ce243334325dfac0763.jpg
0196_null_dataset_jpeg.rf.154411fcc50873ecae52c4e74b75b1d4.jpg,success,downloads/5/test/0196_null_dataset_jpeg.rf.154411fcc50873ecae52c4e74b75b1d4.jpg
0415_null_dataset_jpeg.rf.661c70bc9b2aef9d5080754a7b5c1cac.jpg,success,downloads/5/train/0415_null_dataset_jpeg.rf.661c70bc9b2aef9d5080754a7b5c1cac.jpg
0090_tg_jpeg.jpg,success,downloads/1/train/0090_tg_jpeg.rf.3b7a12f6306daf6e0e99e6d9cd87b5c9.jpg
Snmek obrazovky 2022-04-01 221503.jpg,success,downloads/3/OK/Snmek obrazovky 2022-04-01 221503.jpg
success (100).jpg,success,downloads/4/train/success/success (100).jpg
0271_tg_jpeg.rf.5364eafce40614df669d1fe6faebe2af.jpg,success,downloads/5/valid/0271_tg_jpeg.rf.5364eafce40614df669d1fe6faebe2af.jpg
0049_tg_jpeg.rf.4967f08be72af3b640a7e4330e20c42a.jpg,success,downloads/5/train/0049_tg_jpeg.rf.4967f08be72af3b640a7e4330e20c42a.jpg
0576_null_dataset_jpeg.rf.2a907e7c423bdb48442de3c336dc3677.jpg,success,downloads/5/test/0576_null_dataset_jpeg.rf.2a907e7c423bdb48442de3c336dc3677.jpg
Snmek obrazovky 2022-04-01 212334.jpg,success,downloads/3/OK/Snmek obrazovky 2022-04-01 212334.jpg
0254_tg_jpeg.jpg,success,downloads/1/train/0254_tg_jpeg.rf.93ae39b0d1d6cf1715b8388d296f9827.jpg
0182_tg_jpeg.jpg,success,downloads/1/train/0182_tg_jpeg.rf.f6bc59af8f5fcf6fc6ebadd23782c7ad.jpg
0209_null_dataset_jpeg.rf.901d86ef455287c09f3966d274ad0637.jpg,success,downloads/5/train/0209_null_dataset_jpeg.rf.901d86ef455287c09f3966d274ad0637.jpg
success (157).jpg,success,downloads/4/test/success/success (157).jpg
success (49).jpg,success,downloads/4/train/success/success (49).jpg
0401_null_dataset_jpeg.rf.82ff82f767d61610879590164e1223d1.jpg,success,downloads/5/train/0401_null_dataset_jpeg.rf.82ff82f767d61610879590164e1223d1.jpg
Snmek obrazovky 2022-04-01 222354.jpg,success,downloads/3/OK/Snmek obrazovky 2022-04-01 222354.jpg
0395_tg_jpeg.jpg,success,downloads/1/valid/0395_tg_jpeg.rf.b9206a6534dcf4dca407f5b7123e7e5f.jpg
success (141).jpg,success,downloads/4/valid/success/success (141).jpg
0365_null_dataset_jpeg.jpg,success,downloads/1/train/0365_null_dataset_jpeg.rf.3488457ae9186d1676c0cb278a98f8a6.jpg
0287_tg_jpeg.jpg,success,downloads/1/train/0287_tg_jpeg.rf.52e8bc25689b2686fcac79a1a22ca2c5.jpg
0143_tg_jpeg.rf.dd89e72c4cc38762a11ae68482706b3b.jpg,success,downloads/5/test/0143_tg_jpeg.rf.dd89e72c4cc38762a11ae68482706b3b.jpg
0435_null_dataset_jpeg.jpg,success,downloads/1/train/0435_null_dataset_jpeg.rf.9599e4110c485553446c358a8916a3d1.jpg
Octopi_jpg.rf.5bd29d47120af852399e76218d007a71.jpg,success,downloads/5/train/Octopi_jpg.rf.5bd29d47120af852399e76218d007a71.jpg
0266_null_dataset_jpeg.jpg,success,downloads/1/train/0266_null_dataset_jpeg.rf.54341117ed7183c09bae27ea8f0972ea.jpg
0033_tg_jpeg.jpg,success,downloads/1/valid/0033_tg_jpeg.rf.7572cdd475c18ea71ffd87eb42df14d7.jpg
0483_null_dataset_jpeg.jpg,success,downloads/1/train/0483_null_dataset_jpeg.rf.f80a236f226a7a9a8a93914af4e84723.jpg
success (116).jpg,success,downloads/4/valid/success/success (116).jpg
0279_null_dataset_jpeg.rf.2e1c68906140728e6314ea5ecd3e77ca.jpg,success,downloads/5/train/0279_null_dataset_jpeg.rf.2e1c68906140728e6314ea5ecd3e77ca.jpg
0209_tg_jpeg.jpg,success,downloads/1/train/0209_tg_jpeg.rf.805c6c00a127babc1382dda79a88ee17.jpg
0375_null_dataset_jpeg.jpg,success,downloads/1/train/0375_null_dataset_jpeg.rf.f9d94d2c050e91287e9e7b4fafb8f002.jpg
0303_tg_jpeg.rf.17c5dbe4424fd5188830f7a26b02c9b9.jpg,success,downloads/5/train/0303_tg_jpeg.rf.17c5dbe4424fd5188830f7a26b02c9b9.jpg
bigstock-Automatic-Three-Dimensional-Pr-396383408.jpg,success,downloads/3/OK/bigstock-Automatic-Three-Dimensional-Pr-396383408.jpg
success (15).jpg,success,downloads/4/train/success/success (15).jpg
0072_tg_jpeg.rf.87115512080a3a25d69f6de8ade4a3a2.jpg,success,downloads/5/train/0072_tg_jpeg.rf.87115512080a3a25d69f6de8ade4a3a2.jpg
0472_null_dataset_jpeg.rf.14795ba685a726c5660bcbeab270c857.jpg,success,downloads/5/valid/0472_null_dataset_jpeg.rf.14795ba685a726c5660bcbeab270c857.jpg
0245_tg_jpeg.rf.6bf57daf7c105d92ec32fac6d107eeae.jpg,success,downloads/5/train/0245_tg_jpeg.rf.6bf57daf7c105d92ec32fac6d107eeae.jpg
0325_null_dataset_jpeg.rf.cbe6f00e3a2d5ec481d65916459d9c90.jpg,success,downloads/5/valid/0325_null_dataset_jpeg.rf.cbe6f00e3a2d5ec481d65916459d9c90.jpg
success (42).jpg,success,downloads/4/train/success/success (42).jpg
Snmek obrazovky 2022-04-01 221606.jpg,success,downloads/3/OK/Snmek obrazovky 2022-04-01 221606.jpg
0302_null_dataset_jpeg.rf.c9122552426d784d0131407e089f3a69.jpg,success,downloads/5/test/0302_null_dataset_jpeg.rf.c9122552426d784d0131407e089f3a69.jpg
0030_tg_jpeg.jpg,success,downloads/1/valid/0030_tg_jpeg.rf.f3ee0e8cc80b52c81a021ba16b88f891.jpg
0276_null_dataset_jpeg.jpg,success,downloads/1/train/0276_null_dataset_jpeg.rf.3ccb27ae710ac9ccfbcb29614ef565a6.jpg
0425_null_dataset_jpeg.jpg,success,downloads/1/train/0425_null_dataset_jpeg.rf.54c47b0983af83d4be264674f6b0af37.jpg
0192_null_dataset_jpeg.jpg,success,downloads/1/train/0192_null_dataset_jpeg.rf.6f7f18caf1d1db749ab1ef003bea0ca7.jpg
0093_tg_jpeg.rf.660545d906c24af8f821b844234841ea.jpg,success,downloads/5/train/0093_tg_jpeg.rf.660545d906c24af8f821b844234841ea.jpg
3D-dPrinting.jpg,success,downloads/3/OK/3D-dPrinting.jpg
0345_tg_jpeg.jpg,success,downloads/1/train/0345_tg_jpeg.rf.3c6a059865d27d6be846364c575c4976.jpg
0093_tg_jpeg.jpg,success,downloads/1/train/0093_tg_jpeg.rf.6410ad59484616aefc279c4bbbbf7f58.jpg
success (54).jpg,success,downloads/4/train/success/success (54).jpg
0485_null_dataset_jpeg.jpg,success,downloads/1/valid/0485_null_dataset_jpeg.rf.5bf053713ac82d8a0c2739c3f006c2d5.jpg
sddefault_jpg.rf.9820e9f1979c1d982103c42a309f9aa3.jpg,success,downloads/5/test/sddefault_jpg.rf.9820e9f1979c1d982103c42a309f9aa3.jpg
maxresdefault.jpg,success,downloads/3/OK/maxresdefault.jpg
0586_null_dataset_jpeg.jpg,success,downloads/1/train/0586_null_dataset_jpeg.rf.3905bb7a43e899f032671e7ad64126e8.jpg
images_jpeg.rf.a70b16f4b0116e27e2184539a3db07bd.jpg,success,downloads/5/train/images_jpeg.rf.a70b16f4b0116e27e2184539a3db07bd.jpg
0513_null_dataset_jpeg.rf.436b4f8ec285b8a62fc197d04f88eed5.jpg,success,downloads/5/train/0513_null_dataset_jpeg.rf.436b4f8ec285b8a62fc197d04f88eed5.jpg
0171_null_dataset_jpeg.rf.570686080b59d751e084998b8056f591.jpg,success,downloads/5/train/0171_null_dataset_jpeg.rf.570686080b59d751e084998b8056f591.jpg
0363_null_dataset_jpeg.jpg,success,downloads/1/valid/0363_null_dataset_jpeg.rf.e1f8f93d253077be95d32463ff13191a.jpg
success (78).jpg,success,downloads/4/train/success/success (78).jpg
0321_null_dataset_jpeg.jpg,success,downloads/1/train/0321_null_dataset_jpeg.rf.7bea24f4109b7e3fd65715d27e2e39d3.jpg
success (97).jpg,success,downloads/4/train/success/success (97).jpg
3dprinting.jpg,success,downloads/3/OK/3dprinting.jpg
0397_null_dataset_jpeg.jpg,success,downloads/1/train/0397_null_dataset_jpeg.rf.f3c1a8f3bc6c5b880da068e497617a13.jpg
Snmek-obrazovky-2022-04-01-122720_jpg.jpg,success,downloads/1/test/Snmek-obrazovky-2022-04-01-122720_jpg.rf.7bdee5685787134b53fcfeacbe37a5e1.jpg
0294_null_dataset_jpeg.jpg,success,downloads/1/valid/0294_null_dataset_jpeg.rf.48188a94c9fd82319e3605775fc396f1.jpg
Snmek obrazovky 2022-04-01 215415.jpg,success,downloads/3/OK/Snmek obrazovky 2022-04-01 215415.jpg
0298_null_dataset_jpeg.rf.4bbe416b008949da0f0ad34306d676d7.jpg,success,downloads/5/train/0298_null_dataset_jpeg.rf.4bbe416b008949da0f0ad34306d676d7.jpg
Snmek obrazovky 2022-04-01 212352.jpg,success,downloads/3/OK/Snmek obrazovky 2022-04-01 212352.jpg
0072_tg_jpeg.jpg,success,downloads/1/train/0072_tg_jpeg.rf.5b7711f5867e541ab09afd1243fa07f8.jpg
0466_null_dataset_jpeg.rf.14ddc7a61cdc1156108c9e1c7a9e0694.jpg,success,downloads/5/train/0466_null_dataset_jpeg.rf.14ddc7a61cdc1156108c9e1c7a9e0694.jpg
0190_null_dataset_jpeg.rf.31045317e2775159fc8613276c7102c3.jpg,success,downloads/5/train/0190_null_dataset_jpeg.rf.31045317e2775159fc8613276c7102c3.jpg
success (39).jpg,success,downloads/4/train/success/success (39).jpg
0307_tg_jpeg.jpg,success,downloads/1/valid/0307_tg_jpeg.rf.16e23dc0ae785c5b64eb377ac55297e2.jpg
Snmek obrazovky 2022-04-01 221820.jpg,success,downloads/3/OK/Snmek obrazovky 2022-04-01 221820.jpg
success (131).jpg,success,downloads/4/valid/success/success (131).jpg
0166_null_dataset_jpeg.jpg,success,downloads/1/valid/0166_null_dataset_jpeg.rf.0fb5195608720e7fb8ca286de8a39870.jpg
0265_tg_jpeg.jpg,success,downloads/1/train/0265_tg_jpeg.rf.1f59b9c94bf01e933c65463f53b50bdd.jpg
success (81).jpg,success,downloads/4/train/success/success (81).jpg
0100_tg_jpeg.rf.8b1ae70df87e2f0ff94463e6f125093a.jpg,success,downloads/5/train/0100_tg_jpeg.rf.8b1ae70df87e2f0ff94463e6f125093a.jpg
0069_tg_jpeg.rf.0d1e41ca49897720dd44ddb01f9bdf77.jpg,success,downloads/5/test/0069_tg_jpeg.rf.0d1e41ca49897720dd44ddb01f9bdf77.jpg
0381_null_dataset_jpeg.jpg,success,downloads/1/valid/0381_null_dataset_jpeg.rf.8d21834b0dd810baff9ed38fccfd3024.jpg
e9a8evbwe0m81_jpg.jpg,success,downloads/1/train/e9a8evbwe0m81_jpg.rf.f3d3fec492e60ad96ffc1a2104367922.jpg
success (6).jpg,success,downloads/4/train/success/success (6).jpg
0314_tg_jpeg.rf.bd054a8b6cc4cc149c86095adf81598b.jpg,success,downloads/5/train/0314_tg_jpeg.rf.bd054a8b6cc4cc149c86095adf81598b.jpg
0215_tg_jpeg.jpg,success,downloads/1/valid/0215_tg_jpeg.rf.6c66449415f99e978de64cc85cdfe1e2.jpg
0312_tg_jpeg.jpg,success,downloads/1/train/0312_tg_jpeg.rf.a8991edf56d20bfef1d55ddee78e2245.jpg
0305_null_dataset_jpeg.jpg,success,downloads/1/train/0305_null_dataset_jpeg.rf.503b769637822373163eff25c2f29534.jpg
success (111).jpg,success,downloads/4/train/success/success (111).jpg
0039_tg_jpeg.jpg,success,downloads/1/train/0039_tg_jpeg.rf.6c2c4f869bbf625915c2a892e9bdb163.jpg
0365_tg_jpeg.rf.6872ef1f8456d54e00a69db417c825dd.jpg,success,downloads/5/train/0365_tg_jpeg.rf.6872ef1f8456d54e00a69db417c825dd.jpg
0398_null_dataset_jpeg.rf.500cf943d6530c50d98b19c1b5e65766.jpg,success,downloads/5/train/0398_null_dataset_jpeg.rf.500cf943d6530c50d98b19c1b5e65766.jpg
success (19).jpg,success,downloads/4/train/success/success (19).jpg
0447_null_dataset_jpeg.rf.f9b97c32a63abd22d2e20e3b27d33149.jpg,success,downloads/5/valid/0447_null_dataset_jpeg.rf.f9b97c32a63abd22d2e20e3b27d33149.jpg
01s8lOzd24t1s3pHCdDtLUA-1-fit_lim-size_1050x_jpg.rf.cd8aa62b2fe3806f5cf212b6a1980189.jpg,success,downloads/5/train/01s8lOzd24t1s3pHCdDtLUA-1-fit_lim-size_1050x_jpg.rf.cd8aa62b2fe3806f5cf212b6a1980189.jpg
success (146).jpg,success,downloads/4/valid/success/success (146).jpg
0154_null_dataset_jpeg.jpg,success,downloads/1/train/0154_null_dataset_jpeg.rf.15b9974d6af7d2737bac740855d42fbd.jpg
0469_null_dataset_jpeg.rf.11f2edf0323bfee9e0807737ac06be45.jpg,success,downloads/5/train/0469_null_dataset_jpeg.rf.11f2edf0323bfee9e0807737ac06be45.jpg
0049_tg_jpeg.jpg,success,downloads/1/train/0049_tg_jpeg.rf.4b33067d173483fafdaf7a7464a806a7.jpg
0200_tg_jpeg.jpg,success,downloads/1/train/0200_tg_jpeg.rf.0ea128e7dbb5362627bd24ed77c7b563.jpg
stereolithography-photopolymer-3D-printer.jpg,success,downloads/3/OK/stereolithography-photopolymer-3D-printer.jpg
0079_tg_jpeg.rf.81904eb9f0458dc6cd361b7783e42408.jpg,success,downloads/5/train/0079_tg_jpeg.rf.81904eb9f0458dc6cd361b7783e42408.jpg
0059_tg_jpeg.rf.6ec9b5b0ffb15329faef31be46b45e8b.jpg,success,downloads/5/valid/0059_tg_jpeg.rf.6ec9b5b0ffb15329faef31be46b45e8b.jpg
0210_null_dataset_jpeg.jpg,success,downloads/1/train/0210_null_dataset_jpeg.rf.8208c83268f46b76dedaf4e050e8e140.jpg
success (150).jpg,success,downloads/4/test/success/success (150).jpg
0188_tg_jpeg.jpg,success,downloads/1/train/0188_tg_jpeg.rf.4eaa669eeffcda209c879feefe22d817.jpg
success (58).jpg,success,downloads/4/train/success/success (58).jpg
0067_tg_jpeg.jpg,success,downloads/1/train/0067_tg_jpeg.rf.409d27c091d48a170a286a16924324f2.jpg
success (107).jpg,success,downloads/4/train/success/success (107).jpg
0067_tg_jpeg.rf.093d04f9ca914eec9cc655c65280b463.jpg,success,downloads/5/test/0067_tg_jpeg.rf.093d04f9ca914eec9cc655c65280b463.jpg
0540_null_dataset_jpeg.jpg,success,downloads/1/train/0540_null_dataset_jpeg.rf.5dadadef158902c70c9abbe7d5a9fa35.jpg
0350_tg_jpeg.jpg,success,downloads/1/train/0350_tg_jpeg.rf.37ca02be2e591c5c7d5f33509ea325a3.jpg
0502_null_dataset_jpeg.jpg,success,downloads/1/train/0502_null_dataset_jpeg.rf.f292867f319ddda745a4ea58db8f01d5.jpg
0351_null_dataset_jpeg.jpg,success,downloads/1/train/0351_null_dataset_jpeg.rf.14f5f621fecb1b60895df59e2505fedb.jpg
file-20190320-93060-1q0qsy2_jpg.rf.0e372ebde6ecb1c9823594c378b2391a.jpg,success,downloads/5/train/file-20190320-93060-1q0qsy2_jpg.rf.0e372ebde6ecb1c9823594c378b2391a.jpg
0086_tg_jpeg.jpg,success,downloads/1/train/0086_tg_jpeg.rf.5cf28826b568162a80fb86a6b6f3bd0d.jpg
success (74).jpg,success,downloads/4/train/success/success (74).jpg
0389_null_dataset_jpeg.jpg,success,downloads/1/valid/0389_null_dataset_jpeg.rf.8c2f3b6edf2caf487dca2f4a7955be3d.jpg
0514_null_dataset_jpeg.rf.18b2f9502655b9c76bb770fcacb2e233.jpg,success,downloads/5/train/0514_null_dataset_jpeg.rf.18b2f9502655b9c76bb770fcacb2e233.jpg
0480_null_dataset_jpeg.rf.7a3637f3cc76dc0cd7c5939b1fadf052.jpg,success,downloads/5/train/0480_null_dataset_jpeg.rf.7a3637f3cc76dc0cd7c5939b1fadf052.jpg
0169_tg_jpeg.jpg,success,downloads/1/train/0169_tg_jpeg.rf.462cbcc4aa5af6b54bcfd7cdf8c1dbb7.jpg
01s8lOzd24t1s3pHCdDtLUA-8-v1569485513_jpg.jpg,success,downloads/1/test/01s8lOzd24t1s3pHCdDtLUA-8-v1569485513_jpg.rf.25ad168032803d6489c15c1805034e1b.jpg
0102_jpeg.jpg,success,downloads/1/train/0102_jpeg.rf.9c192bfc5173871c2cc3f0dc114c3a19.jpg
success (23).jpg,success,downloads/4/train/success/success (23).jpg
0401_null_dataset_jpeg.jpg,success,downloads/1/train/0401_null_dataset_jpeg.rf.9d78f28fc4b810cb0488a48990f58226.jpg
0194_tg_jpeg.jpg,success,downloads/1/train/0194_tg_jpeg.rf.7a91147cd53c4a972f69fd5a4bd78df1.jpg
0242_tg_jpeg.jpg,success,downloads/1/valid/0242_tg_jpeg.rf.7f09456d137a9bc8bb5c36e2f7ff9554.jpg
DSC_1007-1-1-scaled_jpg.rf.b0169a0839f66951667fa7fcc27dde95.jpg,success,downloads/5/test/DSC_1007-1-1-scaled_jpg.rf.b0169a0839f66951667fa7fcc27dde95.jpg
0282_tg_jpeg.rf.16d5649c79d285a5eef9fd9186ad2725.jpg,success,downloads/5/train/0282_tg_jpeg.rf.16d5649c79d285a5eef9fd9186ad2725.jpg
Snmek obrazovky 2022-04-01 211704.jpg,success,downloads/3/OK/Snmek obrazovky 2022-04-01 211704.jpg
0055_tg_jpeg.jpg,success,downloads/1/train/0055_tg_jpeg.rf.75870f91aba285f0cb621fd9870fa887.jpg
0417_null_dataset_jpeg.jpg,success,downloads/1/train/0417_null_dataset_jpeg.rf.859d5e077c62fd1b5e57d0fa23e4e4af.jpg
0137_tg_jpeg.jpg,success,downloads/1/valid/0137_tg_jpeg.rf.7cbbf48e0d6140f031511dc3a1e7879a.jpg
success (35).jpg,success,downloads/4/train/success/success (35).jpg
0249_null_dataset_jpeg.rf.3947aba1f9f25dcbd7efe54695521a87.jpg,success,downloads/5/train/0249_null_dataset_jpeg.rf.3947aba1f9f25dcbd7efe54695521a87.jpg
0501_null_dataset_jpeg.rf.062d0ec7bc66dfc15663a3980e3383a0.jpg,success,downloads/5/train/0501_null_dataset_jpeg.rf.062d0ec7bc66dfc15663a3980e3383a0.jpg
0094_tg_jpeg.rf.db735b78d40d39b3350eaa8070a0378b.jpg,success,downloads/5/valid/0094_tg_jpeg.rf.db735b78d40d39b3350eaa8070a0378b.jpg
0125_tg_jpeg.rf.0d6c5f152e85f195b4985a751220a4a4.jpg,success,downloads/5/train/0125_tg_jpeg.rf.0d6c5f152e85f195b4985a751220a4a4.jpg
0329_null_dataset_jpeg.jpg,success,downloads/1/train/0329_null_dataset_jpeg.rf.4d721bff8df481a981a8158bae0f525b.jpg
0514_null_dataset_jpeg.jpg,success,downloads/1/valid/0514_null_dataset_jpeg.rf.64d2d04118dbbee0171e1d5e843199e8.jpg
0148_null_dataset_jpeg.rf.c69653dc41cc2adc6329b04ffd86168f.jpg,success,downloads/5/train/0148_null_dataset_jpeg.rf.c69653dc41cc2adc6329b04ffd86168f.jpg
success (63).jpg,success,downloads/4/train/success/success (63).jpg
0100_tg_jpeg.jpg,success,downloads/1/train/0100_tg_jpeg.rf.47722a7eaf0a78e31398abcb5956d8a3.jpg
0395_null_dataset_jpeg.jpg,success,downloads/1/train/0395_null_dataset_jpeg.rf.f30d599146d15df68420493320ea382a.jpg
print-in-place_jpg.jpg,success,downloads/1/test/print-in-place_jpg.rf.93227e86058b0a42abcfe57bc877f1f6.jpg
Snmek-obrazovky-2022-04-01-211954_jpg.jpg,success,downloads/1/train/Snmek-obrazovky-2022-04-01-211954_jpg.rf.4dc58d46fb19f6303e54cf71650034f9.jpg
Geared-Hinge-Cool-Things-3D-Print.jpg,success,downloads/3/OK/Geared-Hinge-Cool-Things-3D-Print.jpg
0323_null_dataset_jpeg.jpg,success,downloads/1/valid/0323_null_dataset_jpeg.rf.9088001bfb9020ebdd0a90a5b9cb50c2.jpg
Snmek-obrazovky-2022-04-01-211954_jpg.rf.02143f136fc61673395ad8fa3957820b.jpg,success,downloads/5/train/Snmek-obrazovky-2022-04-01-211954_jpg.rf.02143f136fc61673395ad8fa3957820b.jpg
success (34).jpg,success,downloads/4/train/success/success (34).jpg
0200_null_dataset_jpeg.rf.fd33dc03141b67a24cb50e455cd6cdee.jpg,success,downloads/5/valid/0200_null_dataset_jpeg.rf.fd33dc03141b67a24cb50e455cd6cdee.jpg
0220_null_dataset_jpeg.jpg,success,downloads/1/train/0220_null_dataset_jpeg.rf.fd075dfc30e5a9532d0acca5240f547d.jpg
Snmek obrazovky 2022-04-01 222335.jpg,success,downloads/3/OK/Snmek obrazovky 2022-04-01 222335.jpg
0429_null_dataset_jpeg.rf.2f8ec7eb8462b976367bff42c6f4ba85.jpg,success,downloads/5/train/0429_null_dataset_jpeg.rf.2f8ec7eb8462b976367bff42c6f4ba85.jpg
0479_null_dataset_jpeg.rf.0ef08a9d8d59e217f85175a24b073c68.jpg,success,downloads/5/train/0479_null_dataset_jpeg.rf.0ef08a9d8d59e217f85175a24b073c68.jpg
Snmek-obrazovky-2022-04-01-122720_jpg.rf.360c9af513b5c81157365bb55863bda6.jpg,success,downloads/5/test/Snmek-obrazovky-2022-04-01-122720_jpg.rf.360c9af513b5c81157365bb55863bda6.jpg
0296_null_dataset_jpeg.jpg,success,downloads/1/valid/0296_null_dataset_jpeg.rf.6598d0e1c8a51ccb6adc5b966bcb3c78.jpg
0172_null_dataset_jpeg.jpg,success,downloads/1/train/0172_null_dataset_jpeg.rf.8f82b1a68466a642feb829965e7b6a25.jpg
Snmek obrazovky 2022-04-01 211728.jpg,success,downloads/3/OK/Snmek obrazovky 2022-04-01 211728.jpg
0176_null_dataset_jpeg.rf.260ef83e695e0d311c982615b82a3be8.jpg,success,downloads/5/train/0176_null_dataset_jpeg.rf.260ef83e695e0d311c982615b82a3be8.jpg
success (22).jpg,success,downloads/4/train/success/success (22).jpg
0201_null_dataset_jpeg.rf.1f7391212bd9902a4d2c867050f298b5.jpg,success,downloads/5/test/0201_null_dataset_jpeg.rf.1f7391212bd9902a4d2c867050f298b5.jpg
Snmek obrazovky 2022-04-01 222255.jpg,success,downloads/3/OK/Snmek obrazovky 2022-04-01 222255.jpg
Snmek obrazovky 2022-04-01 211853.jpg,success,downloads/3/OK/Snmek obrazovky 2022-04-01 211853.jpg
0322_tg_jpeg.rf.06b6cf2db1e5624bc9a8598697370031.jpg,success,downloads/5/train/0322_tg_jpeg.rf.06b6cf2db1e5624bc9a8598697370031.jpg
0236_null_dataset_jpeg.jpg,success,downloads/1/train/0236_null_dataset_jpeg.rf.04912848468d54678a5125384ffba767.jpg
Snmek obrazovky 2022-04-01 214718.jpg,success,downloads/3/OK/Snmek obrazovky 2022-04-01 214718.jpg
0465_null_dataset_jpeg.jpg,success,downloads/1/valid/0465_null_dataset_jpeg.rf.56fe7dfe7156482ab72e3f9949059e2f.jpg
0076_tg_jpeg.rf.4b7cc427651d32fc94758b5071911c5e.jpg,success,downloads/5/train/0076_tg_jpeg.rf.4b7cc427651d32fc94758b5071911c5e.jpg
0562_null_dataset_jpeg.rf.10e42a297f697640ee0514d9d20d0eab.jpg,success,downloads/5/train/0562_null_dataset_jpeg.rf.10e42a297f697640ee0514d9d20d0eab.jpg
0566_null_dataset_jpeg.jpg,success,downloads/1/train/0566_null_dataset_jpeg.rf.687ac9bd665dc3769dc0719b454d7b87.jpg
success (75).jpg,success,downloads/4/train/success/success (75).jpg
0508_null_dataset_jpeg.jpg,success,downloads/1/train/0508_null_dataset_jpeg.rf.1224abc9ecc2308ca41f1fbf37a16a12.jpg
0255_tg_jpeg.rf.203a6fa88f60b921198eb8549135224f.jpg,success,downloads/5/test/0255_tg_jpeg.rf.203a6fa88f60b921198eb8549135224f.jpg
0383_null_dataset_jpeg.jpg,success,downloads/1/train/0383_null_dataset_jpeg.rf.36f15914521aab8b375420a554afc566.jpg
images-1-_jpeg.rf.571025cf167eb4bff88ede83995994fa.jpg,success,downloads/5/train/images-1-_jpeg.rf.571025cf167eb4bff88ede83995994fa.jpg
0203_null_dataset_jpeg.rf.17658087902cef882cf2e0c0bbc3ebd4.jpg,success,downloads/5/train/0203_null_dataset_jpeg.rf.17658087902cef882cf2e0c0bbc3ebd4.jpg
0142_tg_jpeg.jpg,success,downloads/1/train/0142_tg_jpeg.rf.3707ffc38a3f00b71a09840693307ca5.jpg
0194_tg_jpeg.rf.c264f2e6afef1a98248aa42013febcc2.jpg,success,downloads/5/train/0194_tg_jpeg.rf.c264f2e6afef1a98248aa42013febcc2.jpg
1-20-1-_jpg.rf.06cea84343231082b7c768e13a8bf54d.jpg,success,downloads/5/train/1-20-1-_jpg.rf.06cea84343231082b7c768e13a8bf54d.jpg
0377_null_dataset_jpeg.jpg,success,downloads/1/train/0377_null_dataset_jpeg.rf.4965781f223c9d68043d1448287c3d9c.jpg
0405_null_dataset_jpeg.rf.2017f800fd170ec0d25bb0d14ef590ee.jpg,success,downloads/5/train/0405_null_dataset_jpeg.rf.2017f800fd170ec0d25bb0d14ef590ee.jpg
0510_null_dataset_jpeg.rf.761c20d054b3bfc942c5c905e211bc3d.jpg,success,downloads/5/valid/0510_null_dataset_jpeg.rf.761c20d054b3bfc942c5c905e211bc3d.jpg
0319_null_dataset_jpeg.jpg,success,downloads/1/train/0319_null_dataset_jpeg.rf.f44c480c8613aa46ebb78d364526bd40.jpg
success (106).jpg,success,downloads/4/train/success/success (106).jpg
0427_null_dataset_jpeg.jpg,success,downloads/1/valid/0427_null_dataset_jpeg.rf.000521f11eb183bca7b57ce4c3b79724.jpg
0190_null_dataset_jpeg.jpg,success,downloads/1/train/0190_null_dataset_jpeg.rf.23cdb5979aa7208dfd1d09240f541ead.jpg
0132_tg_jpeg.jpg,success,downloads/1/valid/0132_tg_jpeg.rf.fbc861fc07b7d6f909103d29d3469121.jpg
Snmek-obrazovky-2022-04-01-211803_jpg.jpg,success,downloads/1/train/Snmek-obrazovky-2022-04-01-211803_jpg.rf.3765052ab587f99252f5c759e7ca687a.jpg
success (59).jpg,success,downloads/4/train/success/success (59).jpg
0449_null_dataset_jpeg.jpg,success,downloads/1/train/0449_null_dataset_jpeg.rf.f70a2a82472dccaa7bc19c9ab355088f.jpg
0219_tg_jpeg.jpg,success,downloads/1/train/0219_tg_jpeg.rf.4246fd6180d6295d4a2b07f8cfa32bba.jpg
istockphoto-1141975968-612x612.jpg,success,downloads/3/OK/istockphoto-1141975968-612x612.jpg
istockphoto-1301565754-170667a_jpg.jpg,success,downloads/1/test/istockphoto-1301565754-170667a_jpg.rf.7725a442f4fe7db9e29d4d278a327ff9.jpg
0232_null_dataset_jpeg.rf.48e6ce79f1b87175b5fd71d96b68c067.jpg,success,downloads/5/train/0232_null_dataset_jpeg.rf.48e6ce79f1b87175b5fd71d96b68c067.jpg
success (151).jpg,success,downloads/4/test/success/success (151).jpg
0148_null_dataset_jpeg.jpg,success,downloads/1/train/0148_null_dataset_jpeg.rf.543a7d213744942d1c9b7a158eff175d.jpg
0191_tg_jpeg.jpg,success,downloads/1/train/0191_tg_jpeg.rf.82ff7c3322e8d591667fc735901dbe4a.jpg
0487_null_dataset_jpeg.jpg,success,downloads/1/train/0487_null_dataset_jpeg.rf.551dbd873792aefd4fc9b1bb361dc32b.jpg
0328_null_dataset_jpeg.rf.57e452e548193787c57709098c1fb2f7.jpg,success,downloads/5/train/0328_null_dataset_jpeg.rf.57e452e548193787c57709098c1fb2f7.jpg
Snmek-obrazovky-2022-04-01-122829_jpg.rf.78bdd9ad42098860225a133916118adf.jpg,success,downloads/5/test/Snmek-obrazovky-2022-04-01-122829_jpg.rf.78bdd9ad42098860225a133916118adf.jpg
success (147).jpg,success,downloads/4/test/success/success (147).jpg
Snmek obrazovky 2022-04-01 214453.jpg,success,downloads/3/OK/Snmek obrazovky 2022-04-01 214453.jpg
success (18).jpg,success,downloads/4/train/success/success (18).jpg
0237_tg_jpeg.jpg,success,downloads/1/train/0237_tg_jpeg.rf.9721a01d94934f898548268c9a9c365a.jpg
0300_tg_jpeg.rf.4039739d333f088d878a4a17e7fcfcf2.jpg,success,downloads/5/train/0300_tg_jpeg.rf.4039739d333f088d878a4a17e7fcfcf2.jpg
AD-Essentiasl-All-3d_jpg.rf.4f3648e3de5b2879ce404557aa3ab900.jpg,success,downloads/5/train/AD-Essentiasl-All-3d_jpg.rf.4f3648e3de5b2879ce404557aa3ab900.jpg
0532_null_dataset_jpeg.jpg,success,downloads/1/train/0532_null_dataset_jpeg.rf.3fc599c7f134a787ff0b3eef4187e8d0.jpg
Snmek obrazovky 2022-04-01 211517.jpg,success,downloads/3/OK/Snmek obrazovky 2022-04-01 211517.jpg
0361_null_dataset_jpeg.jpg,success,downloads/1/train/0361_null_dataset_jpeg.rf.3954569d4cd32194efd119b5e0a39ed9.jpg
success (110).jpg,success,downloads/4/train/success/success (110).jpg
0083_tg_jpeg.jpg,success,downloads/1/train/0083_tg_jpeg.rf.55c02b4730144cc54a28ca77b01e59c0.jpg
success (7).jpg,success,downloads/4/train/success/success (7).jpg
2-Can-Bomb_jpg.jpg,success,downloads/1/train/2-Can-Bomb_jpg.rf.732dde4687b47257b8b4518a68705b94.jpg
0098_tg_jpeg.rf.0a48c5288eef64358e76a1009f0753e1.jpg,success,downloads/5/train/0098_tg_jpeg.rf.0a48c5288eef64358e76a1009f0753e1.jpg
FD.jpg,success,downloads/3/OK/FD.jpg
DSC_1007-1-1-scaled.jpg,success,downloads/3/OK/DSC_1007-1-1-scaled.jpg
0252_tg_jpeg.jpg,success,downloads/1/valid/0252_tg_jpeg.rf.727c11613a032709d211b5c482da1df5.jpg
0330_tg_jpeg.jpg,success,downloads/1/train/0330_tg_jpeg.rf.4130899e3c1900259c0078cd243c988a.jpg
success (80).jpg,success,downloads/4/train/success/success (80).jpg
Snmek-obrazovky-2022-04-01-212927_jpg.rf.67bf833bb937aebb78a5386888c105fc.jpg,success,downloads/5/train/Snmek-obrazovky-2022-04-01-212927_jpg.rf.67bf833bb937aebb78a5386888c105fc.jpg
0385_tg_jpeg.rf.b154ac37ddc0ec04453ed6e02a84b5c2.jpg,success,downloads/5/valid/0385_tg_jpeg.rf.b154ac37ddc0ec04453ed6e02a84b5c2.jpg
0353_null_dataset_jpeg.jpg,success,downloads/1/valid/0353_null_dataset_jpeg.rf.1b2eb56e1af72268844b2ce6332fb600.jpg
0369_tg_jpeg.rf.4b51b46a22cc67bbb8955b7eea2f9872.jpg,success,downloads/5/train/0369_tg_jpeg.rf.4b51b46a22cc67bbb8955b7eea2f9872.jpg
success (130).jpg,success,downloads/4/valid/success/success (130).jpg
0431_null_dataset_jpeg.rf.914480d67402485a9659a8dc748a359d.jpg,success,downloads/5/train/0431_null_dataset_jpeg.rf.914480d67402485a9659a8dc748a359d.jpg
0248_tg_jpeg.rf.8583dda7f73aec7866ee4fe06fbc4232.jpg,success,downloads/5/train/0248_tg_jpeg.rf.8583dda7f73aec7866ee4fe06fbc4232.jpg
0250_null_dataset_jpeg.jpg,success,downloads/1/train/0250_null_dataset_jpeg.rf.d17a3675a236101e2d5f712ce7bda530.jpg
0222_tg_jpeg.jpg,success,downloads/1/valid/0222_tg_jpeg.rf.8815e7df698cddc15c3fe9f223b783bd.jpg
0403_null_dataset_jpeg.jpg,success,downloads/1/train/0403_null_dataset_jpeg.rf.6b3a780e55d829e7f7e9804cf35ceffe.jpg
success (38).jpg,success,downloads/4/train/success/success (38).jpg
0096_tg_jpeg.jpg,success,downloads/1/train/0096_tg_jpeg.rf.f62634d550d60d5536671598f56ec761.jpg
0109_tg_jpeg.jpg,success,downloads/1/train/0109_tg_jpeg.rf.f363e4e6a7e246cb803153c2eefb6e3e.jpg
success (126).jpg,success,downloads/4/valid/success/success (126).jpg
0281_tg_jpeg.jpg,success,downloads/1/train/0281_tg_jpeg.rf.ff8b35e61c9ffe92d5cd0c08a617a6b6.jpg
TB-0721-p12_fig1.jpg,success,downloads/3/OK/TB-0721-p12_fig1.jpg
cool-hollowed-reptile-bcn3d-via-thingiverse-200327_jpg.jpg,success,downloads/1/test/cool-hollowed-reptile-bcn3d-via-thingiverse-200327_jpg.rf.811b75326b04c0344b89f58488108088.jpg
0415_null_dataset_jpeg.jpg,success,downloads/1/train/0415_null_dataset_jpeg.rf.960f1c39cd32c83a6c3ffb9cce2e4173.jpg
0228_null_dataset_jpeg.jpg,success,downloads/1/train/0228_null_dataset_jpeg.rf.0e9f12d495ce04a157a6b5d8a5f1950f.jpg
0035_tg_jpeg.jpg,success,downloads/1/train/0035_tg_jpeg.rf.625a51714135f76c6762e3b3e9439120.jpg
0091_tg_jpeg.rf.4662f2b9207516b01f21927f3c9c001c.jpg,success,downloads/5/test/0091_tg_jpeg.rf.4662f2b9207516b01f21927f3c9c001c.jpg
Snmek-obrazovky-2022-04-01-212245_jpg.rf.8ca5c973b677502f71bb25f6b97c79a7.jpg,success,downloads/5/train/Snmek-obrazovky-2022-04-01-212245_jpg.rf.8ca5c973b677502f71bb25f6b97c79a7.jpg
0295_tg_jpeg.rf.6c596634f0c7be0d71f8c83fb155e718.jpg,success,downloads/5/train/0295_tg_jpeg.rf.6c596634f0c7be0d71f8c83fb155e718.jpg
Snmek obrazovky 2022-04-01 122952.jpg,success,downloads/3/OK/Snmek obrazovky 2022-04-01 122952.jpg
Selective-Laser-Sintering-3D-Printing-Guide-300x200_jpg.rf.24f97edefe9d67278b6c19657cfcd297.jpg,success,downloads/5/train/Selective-Laser-Sintering-3D-Printing-Guide-300x200_jpg.rf.24f97edefe9d67278b6c19657cfcd297.jpg
success (79).jpg,success,downloads/4/train/success/success (79).jpg
0114_tg_jpeg.rf.3ccc86268ed091c3217e8f1b2ea9d1af.jpg,success,downloads/5/train/0114_tg_jpeg.rf.3ccc86268ed091c3217e8f1b2ea9d1af.jpg
0215_tg_jpeg.rf.ad96769ab0c94a3ce08bf070f93b1be7.jpg,success,downloads/5/valid/0215_tg_jpeg.rf.ad96769ab0c94a3ce08bf070f93b1be7.jpg
3d-printing_jpg.rf.2c374fd9bc06a53d8f51074f8fc7e39f.jpg,success,downloads/5/train/3d-printing_jpg.rf.2c374fd9bc06a53d8f51074f8fc7e39f.jpg
success (96).jpg,success,downloads/4/train/success/success (96).jpg
Snmek obrazovky 2022-04-01 214530.jpg,success,downloads/3/OK/Snmek obrazovky 2022-04-01 214530.jpg
0059_tg_jpeg.jpg,success,downloads/1/train/0059_tg_jpeg.rf.517b3c65bccb910e2d5b5ab5eb363170.jpg
Snmek obrazovky 2022-04-01 213505.jpg,success,downloads/3/OK/Snmek obrazovky 2022-04-01 213505.jpg
0554_null_dataset_jpeg.jpg,success,downloads/1/train/0554_null_dataset_jpeg.rf.7436b6d617bef2dc501eb5fe5c34df3e.jpg
0307_null_dataset_jpeg.jpg,success,downloads/1/train/0307_null_dataset_jpeg.rf.644232fba9c81d372e393da9aeaa8fdd.jpg
3d-printing-history-featured_webp.rf.15439efd71fd98c132500371a866f931.jpg,success,downloads/5/train/3d-printing-history-featured_webp.rf.15439efd71fd98c132500371a866f931.jpg
0372_tg_jpeg.jpg,success,downloads/1/train/0372_tg_jpeg.rf.3cd2e7715f65d2da8b30088d1cc7bc5c.jpg
0457_null_dataset_jpeg.jpg,success,downloads/1/train/0457_null_dataset_jpeg.rf.3c4fd1dc87d7c49e6a8b26a9c8afa49b.jpg
0029_tg_jpeg.jpg,success,downloads/1/train/0029_tg_jpeg.rf.5679ef6b772dc88b632b0e56bc90e138.jpg
0302_tg_jpeg.jpg,success,downloads/1/train/0302_tg_jpeg.rf.3f12e90b3a62befe1f4812be3709fdb0.jpg
success (55).jpg,success,downloads/4/train/success/success (55).jpg
0321_tg_jpeg.rf.7a60f0a8db0634ae88d8aed3deb74723.jpg,success,downloads/5/valid/0321_tg_jpeg.rf.7a60f0a8db0634ae88d8aed3deb74723.jpg
0499_null_dataset_jpeg.jpg,success,downloads/1/train/0499_null_dataset_jpeg.rf.3b661b1af52102927f225d7eb72743b4.jpg
0290_tg_jpeg.rf.991209b278ab5fd87bdbf67b892aca66.jpg,success,downloads/5/test/0290_tg_jpeg.rf.991209b278ab5fd87bdbf67b892aca66.jpg
0458_null_dataset_jpeg.rf.0598aee8dc9780214e392dcb808cc458.jpg,success,downloads/5/train/0458_null_dataset_jpeg.rf.0598aee8dc9780214e392dcb808cc458.jpg
0198_null_dataset_jpeg.jpg,success,downloads/1/valid/0198_null_dataset_jpeg.rf.598473846d68405ed754043d554547ed.jpg
success (43).jpg,success,downloads/4/train/success/success (43).jpg
0212_null_dataset_jpeg.jpg,success,downloads/1/train/0212_null_dataset_jpeg.rf.36aa71e12aa0f64e4aaedfcad5c8bf20.jpg
Snmek obrazovky 2022-04-01 215014.jpg,success,downloads/3/OK/Snmek obrazovky 2022-04-01 215014.jpg
3d-printing-materials-600x375.jpg,success,downloads/3/OK/3d-printing-materials-600x375.jpg
0193_null_dataset_jpeg.rf.5b388768535720451d314e9b4c92476c.jpg,success,downloads/5/valid/0193_null_dataset_jpeg.rf.5b388768535720451d314e9b4c92476c.jpg
Snmek obrazovky 2022-04-01 222135.jpg,success,downloads/3/OK/Snmek obrazovky 2022-04-01 222135.jpg
3dprinting_jpg.rf.14865f386cb41a0f72e2d9d13962eace.jpg,success,downloads/5/train/3dprinting_jpg.rf.14865f386cb41a0f72e2d9d13962eace.jpg
0364_tg_jpeg.rf.3627344d41648798f5c79342ea82cd2f.jpg,success,downloads/5/train/0364_tg_jpeg.rf.3627344d41648798f5c79342ea82cd2f.jpg
success (14).jpg,success,downloads/4/train/success/success (14).jpg
0337_tg_jpeg.jpg,success,downloads/1/train/0337_tg_jpeg.rf.76aa5ee9d3400a1dd4152dd522bfb147.jpg
0497_null_dataset_jpeg.rf.6f8addb2aad4f35682d9260b5a400ba7.jpg,success,downloads/5/train/0497_null_dataset_jpeg.rf.6f8addb2aad4f35682d9260b5a400ba7.jpg
1226899_81_111236_gTOoP6wNM_jpg.jpg,success,downloads/1/test/1226899_81_111236_gTOoP6wNM_jpg.rf.5d4fa1527b95eaa1f94dbb67c237e811.jpg
success (4).jpg,success,downloads/4/train/success/success (4).jpg
0535_null_dataset_jpeg.jpg,success,downloads/1/train/0535_null_dataset_jpeg.rf.3a60b5aa7d23e8eb4b070e9836b5eb98.jpg
Snmek obrazovky 2022-04-01 221357.jpg,success,downloads/3/OK/Snmek obrazovky 2022-04-01 221357.jpg
success (83).jpg,success,downloads/4/train/success/success (83).jpg
0008_tg_jpeg.rf.07010139a901d9097a954ab282847846.jpg,success,downloads/5/train/0008_tg_jpeg.rf.07010139a901d9097a954ab282847846.jpg
0583_null_dataset_jpeg.jpg,success,downloads/1/valid/0583_null_dataset_jpeg.rf.40d2daae60bd3eb88b10e46a3e5ea633.jpg
0055_tg_jpeg.rf.29a70f00f9fe56090a4b761e09a8ede3.jpg,success,downloads/5/train/0055_tg_jpeg.rf.29a70f00f9fe56090a4b761e09a8ede3.jpg
Snmek obrazovky 2022-04-01 221627.jpg,success,downloads/3/OK/Snmek obrazovky 2022-04-01 221627.jpg
0480_null_dataset_jpeg.jpg,success,downloads/1/train/0480_null_dataset_jpeg.rf.636b99a6ffee36255a6803eaf0885319.jpg
0091_tg_jpeg.jpg,success,downloads/1/train/0091_tg_jpeg.rf.6ae65b8d8d2a10febc6b47fe1bdf7781.jpg
success (133).jpg,success,downloads/4/valid/success/success (133).jpg
0458_null_dataset_jpeg.jpg,success,downloads/1/valid/0458_null_dataset_jpeg.rf.8ab12e7cfce8af9d5b51080ff03f339e.jpg
0057_tg_jpeg.rf.cafefe475e5cf7c800fc16b158cb8714.jpg,success,downloads/5/test/0057_tg_jpeg.rf.cafefe475e5cf7c800fc16b158cb8714.jpg
92159961d2e6bd5d0acc653b173ffd88_webp.rf.a44f631824d993722b3272d1eec0c1de.jpg,success,downloads/5/train/92159961d2e6bd5d0acc653b173ffd88_webp.rf.a44f631824d993722b3272d1eec0c1de.jpg
0197_null_dataset_jpeg.jpg,success,downloads/1/valid/0197_null_dataset_jpeg.rf.4d03fa963f24fb96d45ec9895d7ed0dc.jpg
Snmek-obrazovky-2022-04-01-212245_jpg.jpg,success,downloads/1/train/Snmek-obrazovky-2022-04-01-212245_jpg.rf.66d35046c30e56badb8a561a56133ea1.jpg
0032_tg_jpeg.jpg,success,downloads/1/train/0032_tg_jpeg.rf.7b6c79bf6b4d4b2bbb8857a7705c7dfc.jpg
success (125).jpg,success,downloads/4/valid/success/success (125).jpg
0192_tg_jpeg.rf.cef8e23e2a7f6284aeaf64b5387cc9e3.jpg,success,downloads/5/test/0192_tg_jpeg.rf.cef8e23e2a7f6284aeaf64b5387cc9e3.jpg
0218_null_dataset_jpeg.rf.93aba9a2df0522d1b7302365d343d6d6.jpg,success,downloads/5/train/0218_null_dataset_jpeg.rf.93aba9a2df0522d1b7302365d343d6d6.jpg
0130_tg_jpeg.rf.f93baaacaaacdfbb284f6c2241718cbb.jpg,success,downloads/5/test/0130_tg_jpeg.rf.f93baaacaaacdfbb284f6c2241718cbb.jpg
0421_null_dataset_jpeg.rf.1ad9de607db97a53a54b2aeee17215a2.jpg,success,downloads/5/train/0421_null_dataset_jpeg.rf.1ad9de607db97a53a54b2aeee17215a2.jpg
0294_null_dataset_jpeg.rf.5065877e6b0f1e97ba88b9d8cdc10f34.jpg,success,downloads/5/train/0294_null_dataset_jpeg.rf.5065877e6b0f1e97ba88b9d8cdc10f34.jpg
Snmek obrazovky 2022-04-01 213050.jpg,success,downloads/3/OK/Snmek obrazovky 2022-04-01 213050.jpg
960x0_jpg.rf.4c935c67f4952358d6751252ca704ee7.jpg,success,downloads/5/train/960x0_jpg.rf.4c935c67f4952358d6751252ca704ee7.jpg
Snmek-obrazovky-2022-04-01-211803_jpg.rf.e8cab844e5f59c0e64e62f67af76dd6c.jpg,success,downloads/5/test/Snmek-obrazovky-2022-04-01-211803_jpg.rf.e8cab844e5f59c0e64e62f67af76dd6c.jpg
0042_tg_jpeg.jpg,success,downloads/1/train/0042_tg_jpeg.rf.7123cc898ed1e2d67699cb4d28011e9c.jpg
3-d_printing_jpg.jpg,success,downloads/1/train/3-d_printing_jpg.rf.034a6650c0a2941dd050cc419abcb5a0.jpg
3D-printer-photos-2020-2x1-lowres9405-1024x512-1_jpg.rf.0eca061450ec66ccc62f89bcf2e5e994.jpg,success,downloads/5/valid/3D-printer-photos-2020-2x1-lowres9405-1024x512-1_jpg.rf.0eca061450ec66ccc62f89bcf2e5e994.jpg
success (95).jpg,success,downloads/4/train/success/success (95).jpg
0257_null_dataset_jpeg.rf.472295a4e462925e42f2cf16eae1b281.jpg,success,downloads/5/train/0257_null_dataset_jpeg.rf.472295a4e462925e42f2cf16eae1b281.jpg
0369_tg_jpeg.jpg,success,downloads/1/train/0369_tg_jpeg.rf.f8f673a1e32c2cdf8110ccac54aa8385.jpg
0561_null_dataset_jpeg.rf.45ea395385af544d92c11811450eca35.jpg,success,downloads/5/train/0561_null_dataset_jpeg.rf.45ea395385af544d92c11811450eca35.jpg
Snmek-obrazovky-2022-04-01-211517_jpg.rf.199a703b3cfa4a8373f1d7c6e0c4389b.jpg,success,downloads/5/train/Snmek-obrazovky-2022-04-01-211517_jpg.rf.199a703b3cfa4a8373f1d7c6e0c4389b.jpg
0561_null_dataset_jpeg.jpg,success,downloads/1/valid/0561_null_dataset_jpeg.rf.15f5539dd1512b528a85ed6ee1a7433d.jpg
Snmek obrazovky 2022-04-01 213521.jpg,success,downloads/3/OK/Snmek obrazovky 2022-04-01 213521.jpg
success (109).jpg,success,downloads/4/train/success/success (109).jpg
0444_null_dataset_jpeg.rf.aff4363e178e82c97bda32b487f902eb.jpg,success,downloads/5/train/0444_null_dataset_jpeg.rf.aff4363e178e82c97bda32b487f902eb.jpg
0172_null_dataset_jpeg.rf.90914b2e9ed538b07458788743bc18a2.jpg,success,downloads/5/train/0172_null_dataset_jpeg.rf.90914b2e9ed538b07458788743bc18a2.jpg
0384_null_dataset_jpeg.jpg,success,downloads/1/train/0384_null_dataset_jpeg.rf.3be0c8952745aee861d26f89f8104c92.jpg
0384_null_dataset_jpeg.rf.1a114aa40b9c418d2d95b3e35dd98ca4.jpg,success,downloads/5/train/0384_null_dataset_jpeg.rf.1a114aa40b9c418d2d95b3e35dd98ca4.jpg
0217_tg_jpeg.jpg,success,downloads/1/train/0217_tg_jpeg.rf.8dd23f2b4a70f7cbb16667aff6c9f0de.jpg
5cf59a0abb206b766710d395cf7f02db.jpg,success,downloads/3/OK/5cf59a0abb206b766710d395cf7f02db.jpg
0124_tg_jpeg.rf.763b24c9e74fd35df6aa5c9a952b7612.jpg,success,downloads/5/train/0124_tg_jpeg.rf.763b24c9e74fd35df6aa5c9a952b7612.jpg
0305_tg_jpeg.jpg,success,downloads/1/train/0305_tg_jpeg.rf.3b7e11ae7f76e325fc31847b28e1c3fd.jpg
0163_null_dataset_jpeg.jpg,success,downloads/1/train/0163_null_dataset_jpeg.rf.7307ce719e114034250b39c0053c83be.jpg
3D-printer-photos-2020-2x1-lowres9405-1024x512-1.jpg,success,downloads/3/OK/3D-printer-photos-2020-2x1-lowres9405-1024x512-1.jpg
0287_null_dataset_jpeg.jpg,success,downloads/1/train/0287_null_dataset_jpeg.rf.6c7cd2006b346e4170da603f804c9739.jpg
success (56).jpg,success,downloads/4/train/success/success (56).jpg
0231_null_dataset_jpeg.jpg,success,downloads/1/train/0231_null_dataset_jpeg.rf.519d0d8cfcddb803accdc770be5780ef.jpg
0109_tg_jpeg.rf.0e1aa6f6d532921b682f645dbef5f7d6.jpg,success,downloads/5/train/0109_tg_jpeg.rf.0e1aa6f6d532921b682f645dbef5f7d6.jpg
Snmek-obrazovky-2022-04-01-213025_jpg.rf.5bf148dca690cd319ae3c88ad39eaa53.jpg,success,downloads/5/train/Snmek-obrazovky-2022-04-01-213025_jpg.rf.5bf148dca690cd319ae3c88ad39eaa53.jpg
0216_tg_jpeg.rf.450a03a035f98c557bf4c29e69842a10.jpg,success,downloads/5/valid/0216_tg_jpeg.rf.450a03a035f98c557bf4c29e69842a10.jpg
Snmek-obrazovky-2022-04-01-211820_jpg.jpg,success,downloads/1/train/Snmek-obrazovky-2022-04-01-211820_jpg.rf.3b229da26b9f8d426daec45cebeee533.jpg
0249_null_dataset_jpeg.jpg,success,downloads/1/valid/0249_null_dataset_jpeg.rf.8d3339c8f8da527c830a60411f563c95.jpg
success (148).jpg,success,downloads/4/test/success/success (148).jpg
0070_tg_jpeg.jpg,success,downloads/1/train/0070_tg_jpeg.rf.dbd538c46d7e9b57888d36c2963e9765.jpg
Snmek obrazovky 2022-04-01 212213.jpg,success,downloads/3/OK/Snmek obrazovky 2022-04-01 212213.jpg
0299_tg_jpeg.rf.ab49f3bd738c6da641e1882068954fa4.jpg,success,downloads/5/train/0299_tg_jpeg.rf.ab49f3bd738c6da641e1882068954fa4.jpg
0227_null_dataset_jpeg.jpg,success,downloads/1/train/0227_null_dataset_jpeg.rf.92dd86bc080604066495a5a234b23263.jpg
0253_tg_jpeg.rf.198c3fbdf9e9aa119b3e1917ca60de63.jpg,success,downloads/5/train/0253_tg_jpeg.rf.198c3fbdf9e9aa119b3e1917ca60de63.jpg
0036_tg_jpeg.rf.861ca41c440c0e415a2682aea77243e6.jpg,success,downloads/5/train/0036_tg_jpeg.rf.861ca41c440c0e415a2682aea77243e6.jpg
success (40).jpg,success,downloads/4/train/success/success (40).jpg
0291_null_dataset_jpeg.jpg,success,downloads/1/train/0291_null_dataset_jpeg.rf.94f70fc6806b49340513354980ea7e70.jpg
0249_tg_jpeg.jpg,success,downloads/1/train/0249_tg_jpeg.rf.4eab3535a66e0ada1e9fdc2ed38dd002.jpg
Snmek obrazovky 2022-04-01 220909.jpg,success,downloads/3/OK/Snmek obrazovky 2022-04-01 220909.jpg
0392_null_dataset_jpeg.jpg,success,downloads/1/train/0392_null_dataset_jpeg.rf.6a2e1fc757b700fe8f2335c97f4c24e5.jpg
3-d_printing_jpg.rf.c2b8957945443e7bbb2834957c2e6887.jpg,success,downloads/5/train/3-d_printing_jpg.rf.c2b8957945443e7bbb2834957c2e6887.jpg
0147_null_dataset_jpeg.rf.67faa476f4b88128d4e93806bf61861a.jpg,success,downloads/5/train/0147_null_dataset_jpeg.rf.67faa476f4b88128d4e93806bf61861a.jpg
0254_tg_jpeg.rf.6e544849aad4f62093270e25736e8a5c.jpg,success,downloads/5/test/0254_tg_jpeg.rf.6e544849aad4f62093270e25736e8a5c.jpg
success (17).jpg,success,downloads/4/train/success/success (17).jpg
0519_null_dataset_jpeg.jpg,success,downloads/1/train/0519_null_dataset_jpeg.rf.62342e2e23406029b85c63fabbeb6c43.jpg
Snmek obrazovky 2022-04-01 221342.jpg,success,downloads/3/OK/Snmek obrazovky 2022-04-01 221342.jpg
0577_null_dataset_jpeg.jpg,success,downloads/1/train/0577_null_dataset_jpeg.rf.01e6894b78b2618997f5d6a53d7abf79.jpg
0378_null_dataset_jpeg.jpg,success,downloads/1/train/0378_null_dataset_jpeg.rf.fd356f950e21d84ffca35168fae5ea45.jpg
success (60).jpg,success,downloads/4/train/success/success (60).jpg
0316_null_dataset_jpeg.jpg,success,downloads/1/valid/0316_null_dataset_jpeg.rf.111237402ad5f0937a574b5b1877ad65.jpg
0065_tg_jpeg.jpg,success,downloads/1/train/0065_tg_jpeg.rf.6ce457e5261c82ce70863ea4fc115773.jpg
Snmek obrazovky 2022-04-01 122829.jpg,success,downloads/3/OK/Snmek obrazovky 2022-04-01 122829.jpg
0545_null_dataset_jpeg.jpg,success,downloads/1/train/0545_null_dataset_jpeg.rf.536f9385e68d2033b805e60278546fde.jpg
0215_null_dataset_jpeg.rf.00839c736d9d684b4d9f4ee5bf9178f2.jpg,success,downloads/5/train/0215_null_dataset_jpeg.rf.00839c736d9d684b4d9f4ee5bf9178f2.jpg
0098_tg_jpeg.jpg,success,downloads/1/valid/0098_tg_jpeg.rf.880e1b8b8abfbea0e35b548aaf9485bd.jpg
success (8).jpg,success,downloads/4/train/success/success (8).jpg
0337_tg_jpeg.rf.3a917313b1e96a1f025d6f31c5dedc09.jpg,success,downloads/5/train/0337_tg_jpeg.rf.3a917313b1e96a1f025d6f31c5dedc09.jpg
0147_null_dataset_jpeg.jpg,success,downloads/1/train/0147_null_dataset_jpeg.rf.f97d9a33f680ea71d9bdc6836248be78.jpg
success (37).jpg,success,downloads/4/train/success/success (37).jpg
ultimaker-what-is-3d-printing-blog-OG.jpg,success,downloads/3/OK/ultimaker-what-is-3d-printing-blog-OG.jpg
0499_null_dataset_jpeg.rf.033ed88ec9ff45204d5a7988163d854d.jpg,success,downloads/5/train/0499_null_dataset_jpeg.rf.033ed88ec9ff45204d5a7988163d854d.jpg
0428_null_dataset_jpeg.jpg,success,downloads/1/train/0428_null_dataset_jpeg.rf.43ac7990455c8217dfa16a8f17dfcac4.jpg
3d-printed-files-scaled-1.jpg,success,downloads/3/OK/3d-printed-files-scaled-1.jpg
0215_null_dataset_jpeg.jpg,success,downloads/1/train/0215_null_dataset_jpeg.rf.af154c60811a235eca0e87a9f735ea59.jpg
0446_null_dataset_jpeg.jpg,success,downloads/1/train/0446_null_dataset_jpeg.rf.622be2d0e9415c3b816445fc536267cc.jpg
0203_null_dataset_jpeg.jpg,success,downloads/1/train/0203_null_dataset_jpeg.rf.6a68cd743095501eff3a1ef21a0f867e.jpg
0253_null_dataset_jpeg.rf.691263841f93c9c33725df6509fb76ed.jpg,success,downloads/5/test/0253_null_dataset_jpeg.rf.691263841f93c9c33725df6509fb76ed.jpg
success (21).jpg,success,downloads/4/train/success/success (21).jpg
0129_tg_jpeg.jpg,success,downloads/1/train/0129_tg_jpeg.rf.f7fc9ef1b61024de1c27f9e64df80fb4.jpg
0250_tg_jpeg.rf.1298ba73fc9233f4c2ce270a8a3f9096.jpg,success,downloads/5/train/0250_tg_jpeg.rf.1298ba73fc9233f4c2ce270a8a3f9096.jpg
0250_null_dataset_jpeg.rf.4da8570068e8ddfca06b0ccddde079bb.jpg,success,downloads/5/test/0250_null_dataset_jpeg.rf.4da8570068e8ddfca06b0ccddde079bb.jpg
mechanical_3D_print.jpg,success,downloads/3/OK/mechanical_3D_print.jpg
success (129).jpg,success,downloads/4/valid/success/success (129).jpg
0488_null_dataset_jpeg.jpg,success,downloads/1/train/0488_null_dataset_jpeg.rf.6d551c51319231fae90c2397a222b1cf.jpg
2.-Can-Bomb.jpg,success,downloads/3/OK/2.-Can-Bomb.jpg
success (99).jpg,success,downloads/4/train/success/success (99).jpg
success (76).jpg,success,downloads/4/train/success/success (76).jpg
0577_null_dataset_jpeg.rf.5f718d8a1e94de8721a05475b21c27c0.jpg,success,downloads/5/train/0577_null_dataset_jpeg.rf.5f718d8a1e94de8721a05475b21c27c0.jpg
Snmek obrazovky 2022-04-01 211452.jpg,success,downloads/3/OK/Snmek obrazovky 2022-04-01 211452.jpg
3ah4sfvny2m81_jpg.jpg,success,downloads/1/train/3ah4sfvny2m81_jpg.rf.3fbe349ffcf3c06f37203276dafd1663.jpg
Snmek obrazovky 2022-04-01 213245.jpg,success,downloads/3/OK/Snmek obrazovky 2022-04-01 213245.jpg
0342_null_dataset_jpeg.jpg,success,downloads/1/train/0342_null_dataset_jpeg.rf.441a29b2e97638817025a0cf22acc40c.jpg
0063_tg_jpeg.rf.47cb83de31c3aecd3560c9a6f260f862.jpg,success,downloads/5/train/0063_tg_jpeg.rf.47cb83de31c3aecd3560c9a6f260f862.jpg
success (105).jpg,success,downloads/4/train/success/success (105).jpg
0145_tg_jpeg.jpg,success,downloads/1/train/0145_tg_jpeg.rf.09e3f317de7bfb33d54cb6377b02ff5c.jpg
0228_tg_jpeg.rf.f05d873b2e92f56a96b36be2508f463b.jpg,success,downloads/5/test/0228_tg_jpeg.rf.f05d873b2e92f56a96b36be2508f463b.jpg
0381_tg_jpeg.jpg,success,downloads/1/valid/0381_tg_jpeg.rf.b0717b366aaab53344287741e1073bab.jpg
0220_tg_jpeg.rf.b409100740611edf67af5a41879fc4ca.jpg,success,downloads/5/test/0220_tg_jpeg.rf.b409100740611edf67af5a41879fc4ca.jpg
3D-printing-is-revolutionizing-education_jpg.rf.08e517dbee346a9a1ff57bb543ff9028.jpg,success,downloads/5/train/3D-printing-is-revolutionizing-education_jpg.rf.08e517dbee346a9a1ff57bb543ff9028.jpg
0057_tg_jpeg.jpg,success,downloads/1/train/0057_tg_jpeg.rf.83c381399e65c1c2399e463da553dfb4.jpg
success (152).jpg,success,downloads/4/test/success/success (152).jpg
0084_tg_jpeg.rf.1a2fe058ce131836ea7a1777f0966bcd.jpg,success,downloads/5/train/0084_tg_jpeg.rf.1a2fe058ce131836ea7a1777f0966bcd.jpg
0322_tg_jpeg.jpg,success,downloads/1/valid/0322_tg_jpeg.rf.5fe2a8a4a26d87b4d83a21d0cb94dc9d.jpg
0199_null_dataset_jpeg.rf.21e73064d87209b71ca00e36b0efdc04.jpg,success,downloads/5/test/0199_null_dataset_jpeg.rf.21e73064d87209b71ca00e36b0efdc04.jpg
0239_null_dataset_jpeg.jpg,success,downloads/1/train/0239_null_dataset_jpeg.rf.e7aefaf0c7576c02088ffa05f2723f13.jpg
0257_null_dataset_jpeg.jpg,success,downloads/1/valid/0257_null_dataset_jpeg.rf.abb243f199ba17b0361ac8dbc67137bd.jpg
success (144).jpg,success,downloads/4/valid/success/success (144).jpg
0231_tg_jpeg.rf.528ec39f4d1d5c06a7badf26efd97954.jpg,success,downloads/5/test/0231_tg_jpeg.rf.528ec39f4d1d5c06a7badf26efd97954.jpg
images-12-_jpeg.rf.f37ff307cd6aa7269d89ac692dbf4894.jpg,success,downloads/5/valid/images-12-_jpeg.rf.f37ff307cd6aa7269d89ac692dbf4894.jpg
0009_tg_jpeg.jpg,success,downloads/1/train/0009_tg_jpeg.rf.40dfc773a681bdf27d87532de42d155e.jpg
Snmek-obrazovky-2022-04-01-214316_jpg.jpg,success,downloads/1/test/Snmek-obrazovky-2022-04-01-214316_jpg.rf.fe5be2614751a73ef5afb18ae1717937.jpg
0165_null_dataset_jpeg.rf.1231157e1b2fb007bb73e703807288a5.jpg,success,downloads/5/test/0165_null_dataset_jpeg.rf.1231157e1b2fb007bb73e703807288a5.jpg
Snmek obrazovky 2022-04-01 211241.jpg,success,downloads/3/OK/Snmek obrazovky 2022-04-01 211241.jpg
img3_jpg.rf.6a8440625414bbf30c11028587fcfd6b.jpg,success,downloads/5/valid/img3_jpg.rf.6a8440625414bbf30c11028587fcfd6b.jpg
0084_tg_jpeg.jpg,success,downloads/1/train/0084_tg_jpeg.rf.575521fb7c47c2f4c286d9ed5c06d3cc.jpg
0446_null_dataset_jpeg.rf.8ffc77075faaef8a7df01e2b7b20bae9.jpg,success,downloads/5/train/0446_null_dataset_jpeg.rf.8ffc77075faaef8a7df01e2b7b20bae9.jpg
0079_tg_jpeg.jpg,success,downloads/1/train/0079_tg_jpeg.rf.fea8d0d58d8c8f48b7ed3274c63dfde6.jpg
success (113).jpg,success,downloads/4/train/success/success (113).jpg
0236_null_dataset_jpeg.rf.3497f3ca123a225cb75d2292cfbad588.jpg,success,downloads/5/test/0236_null_dataset_jpeg.rf.3497f3ca123a225cb75d2292cfbad588.jpg
0197_tg_jpeg.rf.7185d52e38792cebc96a091e888b3c93.jpg,success,downloads/5/train/0197_tg_jpeg.rf.7185d52e38792cebc96a091e888b3c93.jpg
3dprinting_jpg.jpg,success,downloads/1/test/3dprinting_jpg.rf.db255f5c2283563b8fafe8cc72c7ace9.jpg
success (112).jpg,success,downloads/4/train/success/success (112).jpg
0315_tg_jpeg.jpg,success,downloads/1/train/0315_tg_jpeg.rf.401aebf011081b4bc844efb2301097e8.jpg
0330_null_dataset_jpeg.jpg,success,downloads/1/train/0330_null_dataset_jpeg.rf.48b0d061294130e745158eb4ea3b4f53.jpg
0035_tg_jpeg.rf.0d6e5fb096d5f0e46eb6a8f7856f92ff.jpg,success,downloads/5/train/0035_tg_jpeg.rf.0d6e5fb096d5f0e46eb6a8f7856f92ff.jpg
success (145).jpg,success,downloads/4/valid/success/success (145).jpg
0206_null_dataset_jpeg.rf.115b4c4f721413ea4fe545ecc92147bb.jpg,success,downloads/5/train/0206_null_dataset_jpeg.rf.115b4c4f721413ea4fe545ecc92147bb.jpg
0464_null_dataset_jpeg.rf.5444e728b30835c77a7a64c983ef9c18.jpg,success,downloads/5/test/0464_null_dataset_jpeg.rf.5444e728b30835c77a7a64c983ef9c18.jpg
0146_tg_jpeg.rf.1e57085bd30e869b781ce3dee33818e3.jpg,success,downloads/5/train/0146_tg_jpeg.rf.1e57085bd30e869b781ce3dee33818e3.jpg
0228_null_dataset_jpeg.rf.34fcfcb30b044d4c97d9473da694c5d3.jpg,success,downloads/5/train/0228_null_dataset_jpeg.rf.34fcfcb30b044d4c97d9473da694c5d3.jpg
0365_tg_jpeg.jpg,success,downloads/1/train/0365_tg_jpeg.rf.762f5f68e81264fc57e0a4c38cbec98e.jpg
success (153).jpg,success,downloads/4/test/success/success (153).jpg
0414_null_dataset_jpeg.rf.1f59a7684eff2d9141154f2eebf7a978.jpg,success,downloads/5/train/0414_null_dataset_jpeg.rf.1f59a7684eff2d9141154f2eebf7a978.jpg
0200_tg_jpeg.rf.5616fc1e770c90a79878e872f864752b.jpg,success,downloads/5/train/0200_tg_jpeg.rf.5616fc1e770c90a79878e872f864752b.jpg
0302_tg_jpeg.rf.32274d17aa6097b7d18b7781197137f8.jpg,success,downloads/5/valid/0302_tg_jpeg.rf.32274d17aa6097b7d18b7781197137f8.jpg
0259_tg_jpeg.jpg,success,downloads/1/train/0259_tg_jpeg.rf.a007d42f2a64a87c1deca3dd4821b37e.jpg
0211_tg_jpeg.rf.12de27ee8e5d4b1c5eb376ac10e16739.jpg,success,downloads/5/train/0211_tg_jpeg.rf.12de27ee8e5d4b1c5eb376ac10e16739.jpg
0010_tg_jpeg.jpg,success,downloads/1/train/0010_tg_jpeg.rf.407ec190a91678d47e55dd2df1f1f1a5.jpg
success (104).jpg,success,downloads/4/train/success/success (104).jpg
0348_null_dataset_jpeg.jpg,success,downloads/1/valid/0348_null_dataset_jpeg.rf.4abf4455beda2a57c9c99980f2638a78.jpg
0571_null_dataset_jpeg.rf.34dca3746307774606350c2b296754d0.jpg,success,downloads/5/train/0571_null_dataset_jpeg.rf.34dca3746307774606350c2b296754d0.jpg
0096_tg_jpeg.rf.0eda02e1436e62936876ef760d0320e9.jpg,success,downloads/5/train/0096_tg_jpeg.rf.0eda02e1436e62936876ef760d0320e9.jpg
smoothed-out-pla-prints-austin-wilson-via-wired-210709_jpg.rf.59e8ed80bcd684bd16fbbfec37559c99.jpg,success,downloads/5/train/smoothed-out-pla-prints-austin-wilson-via-wired-210709_jpg.rf.59e8ed80bcd684bd16fbbfec37559c99.jpg
success (98).jpg,success,downloads/4/train/success/success (98).jpg
istockphoto-1301565754-170667a.jpg,success,downloads/3/OK/istockphoto-1301565754-170667a.jpg
success (77).jpg,success,downloads/4/train/success/success (77).jpg
0193_tg_jpeg.jpg,success,downloads/1/valid/0193_tg_jpeg.rf.95453c2c077fa37f73f0306dc1440877.jpg
0183_null_dataset_jpeg.jpg,success,downloads/1/train/0183_null_dataset_jpeg.rf.9485db202a442ac3894fd0cce10dd3ff.jpg
5cf59a0abb206b766710d395cf7f02db_jpg.jpg,success,downloads/1/train/5cf59a0abb206b766710d395cf7f02db_jpg.rf.3d929949eba2597c442ebeda696efa63.jpg
0267_null_dataset_jpeg.jpg,success,downloads/1/train/0267_null_dataset_jpeg.rf.947e94a8749606d0c0b89946db92b650.jpg
Snmek obrazovky 2022-04-01 215354.jpg,success,downloads/3/OK/Snmek obrazovky 2022-04-01 215354.jpg
0245_tg_jpeg.jpg,success,downloads/1/train/0245_tg_jpeg.rf.f207ce69121c090d538119ef35f6fd7b.jpg
success (128).jpg,success,downloads/4/valid/success/success (128).jpg
960x0.jpg,success,downloads/3/OK/960x0.jpg
success (20).jpg,success,downloads/4/train/success/success (20).jpg
0132_tg_jpeg.rf.f0c12bb809c91f2e62999e28a4189ac7.jpg,success,downloads/5/valid/0132_tg_jpeg.rf.f0c12bb809c91f2e62999e28a4189ac7.jpg
0322_null_dataset_jpeg.rf.689c5f5a27d8b16c9b9246ab68d5d4f4.jpg,success,downloads/5/train/0322_null_dataset_jpeg.rf.689c5f5a27d8b16c9b9246ab68d5d4f4.jpg
1226899_81_111236_gTOoP6wNM.jpg,success,downloads/3/OK/1226899_81_111236_gTOoP6wNM.jpg
0130_tg_jpeg.jpg,success,downloads/1/valid/0130_tg_jpeg.rf.86ddf3fda365ce14e4d6bb5418e4c125.jpg
0435_null_dataset_jpeg.rf.404b793893fed8f29055065309c7d717.jpg,success,downloads/5/test/0435_null_dataset_jpeg.rf.404b793893fed8f29055065309c7d717.jpg
0494_null_dataset_jpeg.jpg,success,downloads/1/train/0494_null_dataset_jpeg.rf.9fb0301a7fccc427e685f4c163f327c7.jpg
0422_null_dataset_jpeg.jpg,success,downloads/1/valid/0422_null_dataset_jpeg.rf.2978630d26864aa85d37d233e6e427de.jpg
0195_null_dataset_jpeg.jpg,success,downloads/1/train/0195_null_dataset_jpeg.rf.f65ac4b95c2ab79ae073d1f4648d44ef.jpg
success (36).jpg,success,downloads/4/train/success/success (36).jpg
Snmek obrazovky 2022-04-01 214300.jpg,success,downloads/3/OK/Snmek obrazovky 2022-04-01 214300.jpg
Snmek obrazovky 2022-04-01 213309.jpg,success,downloads/3/OK/Snmek obrazovky 2022-04-01 213309.jpg
0287_null_dataset_jpeg.rf.cdc1e4bf5d4070b01de7211d08ed7fb4.jpg,success,downloads/5/valid/0287_null_dataset_jpeg.rf.cdc1e4bf5d4070b01de7211d08ed7fb4.jpg
e9a8evbwe0m81_jpg.rf.1a1433ce619f2acfa1087e54ac9442de.jpg,success,downloads/5/train/e9a8evbwe0m81_jpg.rf.1a1433ce619f2acfa1087e54ac9442de.jpg
success (9).jpg,success,downloads/4/train/success/success (9).jpg
0372_null_dataset_jpeg.jpg,success,downloads/1/valid/0372_null_dataset_jpeg.rf.3684ee21ec6969306edaf06745756671.jpg
print-in-place_jpg.rf.c9ced78a1812580a40bf9bb3be7ececc.jpg,success,downloads/5/train/print-in-place_jpg.rf.c9ced78a1812580a40bf9bb3be7ececc.jpg
Snmek obrazovky 2022-04-01 122805.jpg,success,downloads/3/OK/Snmek obrazovky 2022-04-01 122805.jpg
0485_null_dataset_jpeg.rf.0b0b6a43bb68e8cc344788aeaf5f079d.jpg,success,downloads/5/train/0485_null_dataset_jpeg.rf.0b0b6a43bb68e8cc344788aeaf5f079d.jpg
01s8lOzd24t1s3pHCdDtLUA-1-fit_lim-size_1050x_jpg.jpg,success,downloads/1/test/01s8lOzd24t1s3pHCdDtLUA-1-fit_lim-size_1050x_jpg.rf.04f406a80247130843ea02d4dadb9b20.jpg
success (61).jpg,success,downloads/4/train/success/success (61).jpg
3d.jpg,success,downloads/3/OK/3d.jpg
0246_tg_jpeg.rf.09e3eee99ea5e989acc895f9ad511e42.jpg,success,downloads/5/train/0246_tg_jpeg.rf.09e3eee99ea5e989acc895f9ad511e42.jpg
0125_tg_jpeg.jpg,success,downloads/1/valid/0125_tg_jpeg.rf.6f7722c86280e9f53297df661537a355.jpg
success (16).jpg,success,downloads/4/train/success/success (16).jpg
Snmek-obrazovky-2022-04-01-211517_jpg.jpg,success,downloads/1/train/Snmek-obrazovky-2022-04-01-211517_jpg.rf.6c9a59188f0667b6197614cbb46b628d.jpg
fdm.jpg,success,downloads/3/OK/fdm.jpg
3d-printed-files-scaled-1_jpg.jpg,success,downloads/1/train/3d-printed-files-scaled-1_jpg.rf.a64ef939b26f27d2df4f68eb9bedf6e2.jpg
0515_null_dataset_jpeg.rf.e6fc4f962030debe6efb29641c215092.jpg,success,downloads/5/test/0515_null_dataset_jpeg.rf.e6fc4f962030debe6efb29641c215092.jpg
0513_null_dataset_jpeg.jpg,success,downloads/1/train/0513_null_dataset_jpeg.rf.57eb50a1e627e6f35944d9eee1c3118b.jpg
Snmek obrazovky 2022-04-01 214316.jpg,success,downloads/3/OK/Snmek obrazovky 2022-04-01 214316.jpg
0180_null_dataset_jpeg.rf.7448049c2d0308d4859bc27ccd1b2199.jpg,success,downloads/5/test/0180_null_dataset_jpeg.rf.7448049c2d0308d4859bc27ccd1b2199.jpg
0155_tg_jpeg.jpg,success,downloads/1/train/0155_tg_jpeg.rf.cc62b379dae4b5305297bfd8d9fb1e85.jpg
success (41).jpg,success,downloads/4/train/success/success (41).jpg
0502_null_dataset_jpeg.rf.3f0ebcdf5fe99d9ab9b1494238cd3935.jpg,success,downloads/5/test/0502_null_dataset_jpeg.rf.3f0ebcdf5fe99d9ab9b1494238cd3935.jpg
0410_null_dataset_jpeg.jpg,success,downloads/1/valid/0410_null_dataset_jpeg.rf.e1004f457de7c72cd0e5a9123fa4cbbe.jpg
0232_tg_jpeg.rf.7bddd3e66506c0e4a338976c0365ee61.jpg,success,downloads/5/train/0232_tg_jpeg.rf.7bddd3e66506c0e4a338976c0365ee61.jpg
0267_null_dataset_jpeg.rf.248008f30b177b7e3806b4c54359b09b.jpg,success,downloads/5/train/0267_null_dataset_jpeg.rf.248008f30b177b7e3806b4c54359b09b.jpg
0137_tg_jpeg.rf.b21e9dba490724a041eea9856192eb0d.jpg,success,downloads/5/valid/0137_tg_jpeg.rf.b21e9dba490724a041eea9856192eb0d.jpg
success (149).jpg,success,downloads/4/test/success/success (149).jpg
0584_null_dataset_jpeg.rf.e8811fe1990e2e716ae2e97607f9a162.jpg,success,downloads/5/valid/0584_null_dataset_jpeg.rf.e8811fe1990e2e716ae2e97607f9a162.jpg
2-Can-Bomb_jpg.rf.8f7075dbdcd578b4b3932161aa4a98e7.jpg,success,downloads/5/train/2-Can-Bomb_jpg.rf.8f7075dbdcd578b4b3932161aa4a98e7.jpg
0069_tg_jpeg.jpg,success,downloads/1/train/0069_tg_jpeg.rf.0e86859a412ae1451e792d7ddf6c012c.jpg
success (57).jpg,success,downloads/4/train/success/success (57).jpg
2rtlwsmpm1m81_jpg.rf.b257920571f113618550e8b058a7f8f6.jpg,success,downloads/5/train/2rtlwsmpm1m81_jpg.rf.b257920571f113618550e8b058a7f8f6.jpg
0220_tg_jpeg.jpg,success,downloads/1/train/0220_tg_jpeg.rf.90580a95bd2690fca3d1f69313a2cd01.jpg
0342_tg_jpeg.jpg,success,downloads/1/train/0342_tg_jpeg.rf.4adfe63b725bed9d940e82ba572c4c0b.jpg
0094_tg_jpeg.jpg,success,downloads/1/train/0094_tg_jpeg.rf.54462245a78c041a9c9be529de8dd600.jpg
0468_null_dataset_jpeg.jpg,success,downloads/1/train/0468_null_dataset_jpeg.rf.133dc765cd0434ea64d892c6335e95d1.jpg
0297_tg_jpeg.rf.3889f3be3fd127bb423544e730b74d08.jpg,success,downloads/5/train/0297_tg_jpeg.rf.3889f3be3fd127bb423544e730b74d08.jpg
0248_null_dataset_jpeg.rf.2db4a362ba5aa9af5009675a6377fe8e.jpg,success,downloads/5/train/0248_null_dataset_jpeg.rf.2db4a362ba5aa9af5009675a6377fe8e.jpg
0338_null_dataset_jpeg.jpg,success,downloads/1/train/0338_null_dataset_jpeg.rf.68b7b8349b2f22b30e0c18900d3554f5.jpg
3d-printers_resize_md_jpg.rf.48ec985335845aaa6920929447311f03.jpg,success,downloads/5/train/3d-printers_resize_md_jpg.rf.48ec985335845aaa6920929447311f03.jpg
smoothed-out-pla-prints-austin-wilson-via-wired-210709.jpg,success,downloads/3/OK/smoothed-out-pla-prints-austin-wilson-via-wired-210709.jpg
success (108).jpg,success,downloads/4/train/success/success (108).jpg
success (94).jpg,success,downloads/4/train/success/success (94).jpg
Snmek-obrazovky-2022-04-01-212927_jpg.jpg,success,downloads/1/train/Snmek-obrazovky-2022-04-01-212927_jpg.rf.fb0b2d5a23ad41d684a7b421fc5b7630.jpg
Octopi_jpg.jpg,success,downloads/1/train/Octopi_jpg.rf.4a784e226ddcf9b1caaf034dd9989a7c.jpg
0475_null_dataset_jpeg.rf.24c2ec815bb6b1ae2c774b639936bd32.jpg,success,downloads/5/train/0475_null_dataset_jpeg.rf.24c2ec815bb6b1ae2c774b639936bd32.jpg
0117_tg_jpeg.jpg,success,downloads/1/valid/0117_tg_jpeg.rf.c7f7bdea8ed9e57e39a7a46de882b27a.jpg
0456_null_dataset_jpeg.rf.941241c3c6fd01e73768a7f8e486ab78.jpg,success,downloads/5/train/0456_null_dataset_jpeg.rf.941241c3c6fd01e73768a7f8e486ab78.jpg
0494_null_dataset_jpeg.rf.1bcdccc64659101420f9db7ff8da095e.jpg,success,downloads/5/valid/0494_null_dataset_jpeg.rf.1bcdccc64659101420f9db7ff8da095e.jpg
0444_null_dataset_jpeg.jpg,success,downloads/1/train/0444_null_dataset_jpeg.rf.58efed3f3d08d14900e10b00e30f97ad.jpg
0231_null_dataset_jpeg.rf.b0d1468dcbba5a39eaf0f24d0c3078e6.jpg,success,downloads/5/valid/0231_null_dataset_jpeg.rf.b0d1468dcbba5a39eaf0f24d0c3078e6.jpg
0279_null_dataset_jpeg.jpg,success,downloads/1/valid/0279_null_dataset_jpeg.rf.8aa8e5bda9c2ce825ea1e67651e1de0d.jpg
0064_tg_jpeg.rf.3f94b67c52b02669c751d0295c1bdc6e.jpg,success,downloads/5/train/0064_tg_jpeg.rf.3f94b67c52b02669c751d0295c1bdc6e.jpg
0566_null_dataset_jpeg.rf.3b8dc9a1c8b0c01812c90093adad3a07.jpg,success,downloads/5/train/0566_null_dataset_jpeg.rf.3b8dc9a1c8b0c01812c90093adad3a07.jpg
success (124).jpg,success,downloads/4/valid/success/success (124).jpg
0075_tg_jpeg.jpg,success,downloads/1/train/0075_tg_jpeg.rf.314fc717a5759eae1cbae9c4b783db15.jpg
0235_null_dataset_jpeg.rf.8944c9abf34dd5db0aacdf1852647ac6.jpg,success,downloads/5/test/0235_null_dataset_jpeg.rf.8944c9abf34dd5db0aacdf1852647ac6.jpg
01s8lOzd24t1s3pHCdDtLUA-8..v1569485513.jpg,success,downloads/3/OK/01s8lOzd24t1s3pHCdDtLUA-8..v1569485513.jpg
0028_tg_jpeg.rf.e9f432dd22d890ea53fb92e24c711675.jpg,success,downloads/5/test/0028_tg_jpeg.rf.e9f432dd22d890ea53fb92e24c711675.jpg
0366_tg_jpeg.rf.739752abda7dd50d5da997926017324c.jpg,success,downloads/5/test/0366_tg_jpeg.rf.739752abda7dd50d5da997926017324c.jpg
Octopi.jpg,success,downloads/3/OK/Octopi.jpg
0300_tg_jpeg.jpg,success,downloads/1/train/0300_tg_jpeg.rf.7515c0c1e25de7007751d608673c1632.jpg
0033_tg_jpeg.rf.6279648fd50e1cb3fc8a1a81c917479e.jpg,success,downloads/5/train/0033_tg_jpeg.rf.6279648fd50e1cb3fc8a1a81c917479e.jpg
0201_null_dataset_jpeg.jpg,success,downloads/1/train/0201_null_dataset_jpeg.rf.519e043d9743caa4ca89d304ba604ae5.jpg
0266_null_dataset_jpeg.rf.c8736c4287f91c0a466251bf4fd0c74d.jpg,success,downloads/5/train/0266_null_dataset_jpeg.rf.c8736c4287f91c0a466251bf4fd0c74d.jpg
success (132).jpg,success,downloads/4/valid/success/success (132).jpg
0419_null_dataset_jpeg.rf.492c369a1d675137acb392bb034b642d.jpg,success,downloads/5/valid/0419_null_dataset_jpeg.rf.492c369a1d675137acb392bb034b642d.jpg
success (82).jpg,success,downloads/4/train/success/success (82).jpg
0457_null_dataset_jpeg.rf.35d1f4c78a9e6d0ebc5c2c4342747eec.jpg,success,downloads/5/train/0457_null_dataset_jpeg.rf.35d1f4c78a9e6d0ebc5c2c4342747eec.jpg
0102_jpeg.rf.fda8671293a6b22791eb7f0bc69f9413.jpg,success,downloads/5/test/0102_jpeg.rf.fda8671293a6b22791eb7f0bc69f9413.jpg
0212_tg_jpeg.jpg,success,downloads/1/train/0212_tg_jpeg.rf.2e805a47de01d251adce14d3d7fcf3ce.jpg
0302_null_dataset_jpeg.jpg,success,downloads/1/train/0302_null_dataset_jpeg.rf.49f10aa928f33519ca4d745d344a383a.jpg
0216_null_dataset_jpeg.rf.71ebd9e3f628757a0508472b2631ddd1.jpg,success,downloads/5/train/0216_null_dataset_jpeg.rf.71ebd9e3f628757a0508472b2631ddd1.jpg
FD_jpg.jpg,success,downloads/1/test/FD_jpg.rf.cde8d20836046acb3719a3c0d224336d.jpg
success (5).jpg,success,downloads/4/train/success/success (5).jpg
success (89).jpg,success,downloads/4/train/success/success (89).jpg
success (66).jpg,success,downloads/4/train/success/success (66).jpg
0303_tg_jpeg.jpg,success,downloads/1/train/0303_tg_jpeg.rf.3d514d5ba412ff8cea6c75c15ec23c0b.jpg
0239_null_dataset_jpeg.rf.7397bca3c296a8b40812699e2f6cf164.jpg,success,downloads/5/valid/0239_null_dataset_jpeg.rf.7397bca3c296a8b40812699e2f6cf164.jpg
pin_low-poly-yoda-3d-printing-25616.jpg,success,downloads/3/OK/pin_low-poly-yoda-3d-printing-25616.jpg
0028_tg_jpeg.jpg,success,downloads/1/train/0028_tg_jpeg.rf.377e1bba2dceff262c06b8f161de1dbb.jpg
Snmek obrazovky 2022-04-01 215046.jpg,success,downloads/3/OK/Snmek obrazovky 2022-04-01 215046.jpg
0143_null_dataset_jpeg.jpg,success,downloads/1/train/0143_null_dataset_jpeg.rf.4a556c7319404e2c39beae2875ef7f95.jpg
0181_tg_jpeg.rf.1924ce4c7df61b260e9fe75c07f1ea60.jpg,success,downloads/5/train/0181_tg_jpeg.rf.1924ce4c7df61b260e9fe75c07f1ea60.jpg
0155_tg_jpeg.rf.b257314c63b09f41d57bff15d84ebbe2.jpg,success,downloads/5/valid/0155_tg_jpeg.rf.b257314c63b09f41d57bff15d84ebbe2.jpg
success (31).jpg,success,downloads/4/train/success/success (31).jpg
0211_tg_jpeg.jpg,success,downloads/1/train/0211_tg_jpeg.rf.3d99d72e0da5a0aa9157959e7accb4ad.jpg
success (139).jpg,success,downloads/4/valid/success/success (139).jpg
Snmek obrazovky 2022-04-01 211803.jpg,success,downloads/3/OK/Snmek obrazovky 2022-04-01 211803.jpg
success (27).jpg,success,downloads/4/train/success/success (27).jpg
0448_null_dataset_jpeg.rf.29b86851273ed8f40e5d31f23a9c0e54.jpg,success,downloads/5/train/0448_null_dataset_jpeg.rf.29b86851273ed8f40e5d31f23a9c0e54.jpg
Snmek-obrazovky-2022-04-01-122829_jpg.jpg,success,downloads/1/train/Snmek-obrazovky-2022-04-01-122829_jpg.rf.6440a80f9fc08f6bbdc3c7c5bdc9e160.jpg
0066_tg_jpeg.rf.336c318d3ef8b7c03f7423e40cdbccf4.jpg,success,downloads/5/train/0066_tg_jpeg.rf.336c318d3ef8b7c03f7423e40cdbccf4.jpg
0076_tg_jpeg.jpg,success,downloads/1/valid/0076_tg_jpeg.rf.ba5bd391d42abc7f97111aa173e34f97.jpg
success (70).jpg,success,downloads/4/train/success/success (70).jpg
0207_null_dataset_jpeg.jpg,success,downloads/1/train/0207_null_dataset_jpeg.rf.3e3da654734641afe4b4050f29cdce5e.jpg
0454_null_dataset_jpeg.jpg,success,downloads/1/valid/0454_null_dataset_jpeg.rf.51ac799f0bd85bf1692b897d5d5af5e0.jpg
0114_tg_jpeg.jpg,success,downloads/1/train/0114_tg_jpeg.rf.6d94fae7042432f68cfca3c5991033ac.jpg
0097_tg_jpeg.jpg,success,downloads/1/train/0097_tg_jpeg.rf.66e324d0cdfc9e5a5eed2613a8d20b0b.jpg
0478_null_dataset_jpeg.jpg,success,downloads/1/train/0478_null_dataset_jpeg.rf.83ce3153414b8b4c8a1551d19cb9dc82.jpg
0190_tg_jpeg.rf.3548bedef93eb5087ebc186521c34e5c.jpg,success,downloads/5/train/0190_tg_jpeg.rf.3548bedef93eb5087ebc186521c34e5c.jpg
success (103).jpg,success,downloads/4/train/success/success (103).jpg
Snmek obrazovky 2022-04-01 221255.jpg,success,downloads/3/OK/Snmek obrazovky 2022-04-01 221255.jpg
0163_null_dataset_jpeg.rf.41aa088e5ba7d60dcb812156e54723d5.jpg,success,downloads/5/train/0163_null_dataset_jpeg.rf.41aa088e5ba7d60dcb812156e54723d5.jpg
0331_tg_jpeg.jpg,success,downloads/1/train/0331_tg_jpeg.rf.1d47b03cd0806d8ab2b371a78d96860c.jpg
Snmek obrazovky 2022-04-01 221916.jpg,success,downloads/3/OK/Snmek obrazovky 2022-04-01 221916.jpg
0253_tg_jpeg.jpg,success,downloads/1/train/0253_tg_jpeg.rf.5467346312897c7f266021bdb8cc26cc.jpg
success (154).jpg,success,downloads/4/test/success/success (154).jpg
0515_null_dataset_jpeg.jpg,success,downloads/1/train/0515_null_dataset_jpeg.rf.37234f31c4387fe106b617c7bf76d066.jpg
Snmek-obrazovky-2022-04-01-213025_jpg.jpg,success,downloads/1/train/Snmek-obrazovky-2022-04-01-213025_jpg.rf.e578f76d46699bc682e00a3b3fc16f2b.jpg
0328_null_dataset_jpeg.jpg,success,downloads/1/train/0328_null_dataset_jpeg.rf.69a7b8df1b2e932772af958d349f8f98.jpg
Snmek obrazovky 2022-04-01 215245.jpg,success,downloads/3/OK/Snmek obrazovky 2022-04-01 215245.jpg
0396_null_dataset_jpeg.rf.0eebc187dbd3efd5ce094a8e8304a71a.jpg,success,downloads/5/valid/0396_null_dataset_jpeg.rf.0eebc187dbd3efd5ce094a8e8304a71a.jpg
0186_null_dataset_jpeg.rf.2fae5d29ecfdfc804a55c2fa757da026.jpg,success,downloads/5/train/0186_null_dataset_jpeg.rf.2fae5d29ecfdfc804a55c2fa757da026.jpg
0350_null_dataset_jpeg.jpg,success,downloads/1/valid/0350_null_dataset_jpeg.rf.308c0568689dbbc068e3355d21023320.jpg
success (142).jpg,success,downloads/4/valid/success/success (142).jpg
Snmek obrazovky 2022-04-01 221645.jpg,success,downloads/3/OK/Snmek obrazovky 2022-04-01 221645.jpg
0034_tg_jpeg.jpg,success,downloads/1/train/0034_tg_jpeg.rf.6a9adc8bfbadd5e458c550d6efcca970.jpg
0071_tg_jpeg.rf.09ca3854849752377935bd66c467f2b0.jpg,success,downloads/5/train/0071_tg_jpeg.rf.09ca3854849752377935bd66c467f2b0.jpg
0097_tg_jpeg.rf.122d317fc16fe954a1dc6950b195d638.jpg,success,downloads/5/train/0097_tg_jpeg.rf.122d317fc16fe954a1dc6950b195d638.jpg
Snmek obrazovky 2022-04-01 212927.jpg,success,downloads/3/OK/Snmek obrazovky 2022-04-01 212927.jpg
success (115).jpg,success,downloads/4/valid/success/success (115).jpg
0280_tg_jpeg.jpg,success,downloads/1/train/0280_tg_jpeg.rf.4c235a0b5d264b8d3f23a0c61e8ef1e2.jpg
3d-printer-hand_jpg.rf.9a608fce974d8a6c6b36ea52aa5fa755.jpg,success,downloads/5/valid/3d-printer-hand_jpg.rf.9a608fce974d8a6c6b36ea52aa5fa755.jpg
0253_null_dataset_jpeg.jpg,success,downloads/1/train/0253_null_dataset_jpeg.rf.8044525b190fff731eab8632029c93b6.jpg
3ah4sfvny2m81_jpg.rf.c773b6055e78c4cfda2c25acd37a9456.jpg,success,downloads/5/train/3ah4sfvny2m81_jpg.rf.c773b6055e78c4cfda2c25acd37a9456.jpg
e9a8evbwe0m81.jpg,success,downloads/3/OK/e9a8evbwe0m81.jpg
0051_tg_jpeg.jpg,success,downloads/1/train/0051_tg_jpeg.rf.0a5e2c415306d7bde55332892190c017.jpg
0261_null_dataset_jpeg.jpg,success,downloads/1/train/0261_null_dataset_jpeg.rf.a509b82a29f11e5611d8b03c3cb69270.jpg
success (2).jpg,success,downloads/4/train/success/success (2).jpg
0218_tg_jpeg.jpg,success,downloads/1/train/0218_tg_jpeg.rf.43552892cbfdd3c8d9b9dd609d3e6c73.jpg
3D-printing-is-revolutionizing-education.jpg,success,downloads/3/OK/3D-printing-is-revolutionizing-education.jpg
success (85).jpg,success,downloads/4/train/success/success (85).jpg
0032_tg_jpeg.rf.60b7b86ee064a873550a79221103bbcf.jpg,success,downloads/5/train/0032_tg_jpeg.rf.60b7b86ee064a873550a79221103bbcf.jpg
success (135).jpg,success,downloads/4/valid/success/success (135).jpg
0210_null_dataset_jpeg.rf.9f42a3ca14a897faa93a4ee579a6e577.jpg,success,downloads/5/train/0210_null_dataset_jpeg.rf.9f42a3ca14a897faa93a4ee579a6e577.jpg
0587_null_dataset_jpeg.jpg,success,downloads/1/valid/0587_null_dataset_jpeg.rf.e65aea62b1325ad992b2342c62092052.jpg
0303_null_dataset_jpeg.rf.18a46954b3b02d4c41b1da530a8d5ec9.jpg,success,downloads/5/train/0303_null_dataset_jpeg.rf.18a46954b3b02d4c41b1da530a8d5ec9.jpg
0362_null_dataset_jpeg.jpg,success,downloads/1/train/0362_null_dataset_jpeg.rf.6d908d3a426859a09a4a72352ed4c97e.jpg
0143_tg_jpeg.jpg,success,downloads/1/train/0143_tg_jpeg.rf.3cc15200b93a65c661e9bb06e851dfc0.jpg
0374_null_dataset_jpeg.jpg,success,downloads/1/train/0374_null_dataset_jpeg.rf.61a3043e842d815e6f5d610f99c59f89.jpg
0527_null_dataset_jpeg.jpg,success,downloads/1/train/0527_null_dataset_jpeg.rf.ff8436789ef81594b8a3889d22734c08.jpg
0010_tg_jpeg.rf.88d681cfbb19be5ca9d7a306b2de4748.jpg,success,downloads/5/train/0010_tg_jpeg.rf.88d681cfbb19be5ca9d7a306b2de4748.jpg
0075_tg_jpeg.rf.52a55f9d55329692bee923c4305b2ba6.jpg,success,downloads/5/valid/0075_tg_jpeg.rf.52a55f9d55329692bee923c4305b2ba6.jpg
success (123).jpg,success,downloads/4/valid/success/success (123).jpg
1-20-4-_jpg.rf.48df13463f2c5272a23c3bcabc3ac7f5.jpg,success,downloads/5/valid/1-20-4-_jpg.rf.48df13463f2c5272a23c3bcabc3ac7f5.jpg
3d-printer-hand_jpg.jpg,success,downloads/1/train/3d-printer-hand_jpg.rf.fb5c3a0265f9fd72389be67bfeac21fd.jpg
Snmek obrazovky 2022-04-01 215455.jpg,success,downloads/3/OK/Snmek obrazovky 2022-04-01 215455.jpg
bigstock-Automatic-Three-Dimensional-Pr-396383408_jpg.jpg,success,downloads/1/train/bigstock-Automatic-Three-Dimensional-Pr-396383408_jpg.rf.70b16d3cd173fb74cb68e47389e6698e.jpg
3d-printing.jpg,success,downloads/3/OK/3d-printing.jpg
0323_null_dataset_jpeg.rf.3f9269615cf632960dbe3a53c9eaeec9.jpg,success,downloads/5/valid/0323_null_dataset_jpeg.rf.3f9269615cf632960dbe3a53c9eaeec9.jpg
0254_null_dataset_jpeg.rf.c24f4ed532215c520bfa4a2765c5ee97.jpg,success,downloads/5/valid/0254_null_dataset_jpeg.rf.c24f4ed532215c520bfa4a2765c5ee97.jpg
images_jpg.jpg,success,downloads/1/train/images_jpg.rf.fbe1869e6c90480e05912b0b961ddcf5.jpg
0246_tg_jpeg.jpg,success,downloads/1/train/0246_tg_jpeg.rf.44be757b4f0aa15ea591dbe58b661cd9.jpg
success (93).jpg,success,downloads/4/train/success/success (93).jpg
0193_null_dataset_jpeg.jpg,success,downloads/1/train/0193_null_dataset_jpeg.rf.00759c31aebd27d0b075ee03d4ae2338.jpg
Snmek obrazovky 2022-04-01 211425.jpg,success,downloads/3/OK/Snmek obrazovky 2022-04-01 211425.jpg
0189_tg_jpeg.rf.1658c89610a6b8f07ff0b76976865597.jpg,success,downloads/5/train/0189_tg_jpeg.rf.1658c89610a6b8f07ff0b76976865597.jpg
0466_null_dataset_jpeg.jpg,success,downloads/1/train/0466_null_dataset_jpeg.rf.faef408665ed35b8fc03000e519308b3.jpg
LAL_8195.jpeg,success,downloads/3/OK/LAL_8195.jpeg
0235_null_dataset_jpeg.jpg,success,downloads/1/valid/0235_null_dataset_jpeg.rf.3d96512be56025c3c64d67b22d54e022.jpg
1684421752662_png.rf.abaecc5e936303184a35cb3a4194ca89.jpg,success,downloads/5/test/1684421752662_png.rf.abaecc5e936303184a35cb3a4194ca89.jpg
0338_tg_jpeg.jpg,success,downloads/1/train/0338_tg_jpeg.rf.0591fcd9705e9b279c69ead8f2207335.jpg
0220_null_dataset_jpeg.rf.19cab9f2bc0a2ef1aed7c8d8e9a9158c.jpg,success,downloads/5/valid/0220_null_dataset_jpeg.rf.19cab9f2bc0a2ef1aed7c8d8e9a9158c.jpg
0242_tg_jpeg.rf.33a7854acd25bccfa64419fafde603df.jpg,success,downloads/5/train/0242_tg_jpeg.rf.33a7854acd25bccfa64419fafde603df.jpg
Snmek obrazovky 2022-04-01 213025.jpg,success,downloads/3/OK/Snmek obrazovky 2022-04-01 213025.jpg
0380_null_dataset_jpeg.jpg,success,downloads/1/train/0380_null_dataset_jpeg.rf.fac3c2f204fac99da0147cbdbdade172.jpg
0166_null_dataset_jpeg.rf.4307942214bc0016641a88c523355afc.jpg,success,downloads/5/train/0166_null_dataset_jpeg.rf.4307942214bc0016641a88c523355afc.jpg
0411_null_dataset_jpeg.rf.83eb938d81651be2aff3de177d5607b8.jpg,success,downloads/5/train/0411_null_dataset_jpeg.rf.83eb938d81651be2aff3de177d5607b8.jpg
0063_tg_jpeg.jpg,success,downloads/1/train/0063_tg_jpeg.rf.504241cc1008da2800dc6277db434e6c.jpg
success (158).jpg,success,downloads/4/test/success/success (158).jpg
0451_null_dataset_jpeg.rf.7c80ca4a48bbff474fc318082fbe40c1.jpg,success,downloads/5/test/0451_null_dataset_jpeg.rf.7c80ca4a48bbff474fc318082fbe40c1.jpg
0129_tg_jpeg.rf.114ed681280f50c86bd25531c94a2a4e.jpg,success,downloads/5/train/0129_tg_jpeg.rf.114ed681280f50c86bd25531c94a2a4e.jpg
0399_null_dataset_jpeg.rf.0dcb32344cb8c35e6e88556e72dca850.jpg,success,downloads/5/train/0399_null_dataset_jpeg.rf.0dcb32344cb8c35e6e88556e72dca850.jpg
tiny-3d-printed-castle-like-models-on-a-dlp-3d-pri-pinterest-190117.jpg,success,downloads/3/OK/tiny-3d-printed-castle-like-models-on-a-dlp-3d-pri-pinterest-190117.jpg
0336_null_dataset_jpeg.jpg,success,downloads/1/valid/0336_null_dataset_jpeg.rf.5066434d77d2eb20c65f613ace836aae.jpg
success (50).jpg,success,downloads/4/train/success/success (50).jpg
3d-printers_resize_md.jpg,success,downloads/3/OK/3d-printers_resize_md.jpg
0119_tg_jpeg.rf.33184860b0191e280bc5d40679ed6065.jpg,success,downloads/5/train/0119_tg_jpeg.rf.33184860b0191e280bc5d40679ed6065.jpg
0573_null_dataset_jpeg.jpg,success,downloads/1/valid/0573_null_dataset_jpeg.rf.2e0a18d96cf1fe42aeadd29a3ad34e17.jpg
success (46).jpg,success,downloads/4/train/success/success (46).jpg
FD_jpg.rf.3cbd6216bf3547f02a3157658e888ebd.jpg,success,downloads/5/train/FD_jpg.rf.3cbd6216bf3547f02a3157658e888ebd.jpg
3D-printing-1-_jpg.rf.58c418a43833eccf7fb0b4383ac9a35f.jpg,success,downloads/5/valid/3D-printing-1-_jpg.rf.58c418a43833eccf7fb0b4383ac9a35f.jpg
0396_null_dataset_jpeg.jpg,success,downloads/1/train/0396_null_dataset_jpeg.rf.9381097e3a6112ebb40cf95620156e1d.jpg
0397_null_dataset_jpeg.rf.08f0c596022233893b2f59271a564180.jpg,success,downloads/5/train/0397_null_dataset_jpeg.rf.08f0c596022233893b2f59271a564180.jpg
success (119).jpg,success,downloads/4/valid/success/success (119).jpg
3d-printed-files-scaled-1_jpg.rf.37f49fc2f0e14b7ef2dedb86dbd61bdd.jpg,success,downloads/5/train/3d-printed-files-scaled-1_jpg.rf.37f49fc2f0e14b7ef2dedb86dbd61bdd.jpg
0171_null_dataset_jpeg.jpg,success,downloads/1/train/0171_null_dataset_jpeg.rf.18556aee255d3f23771c36f0d4f5e505.jpg
0366_tg_jpeg.jpg,success,downloads/1/train/0366_tg_jpeg.rf.4f70e89628225e9a02d4546f318f7242.jpg
Snmek obrazovky 2022-04-01 214414.jpg,success,downloads/3/OK/Snmek obrazovky 2022-04-01 214414.jpg
Snmek obrazovky 2022-04-01 221322.jpg,success,downloads/3/OK/Snmek obrazovky 2022-04-01 221322.jpg
0204_tg_jpeg.jpg,success,downloads/1/train/0204_tg_jpeg.rf.48b674cda4315ebaa539c19ccd3a7882.jpg
success (11).jpg,success,downloads/4/train/success/success (11).jpg
0470_null_dataset_jpeg.jpg,success,downloads/1/train/0470_null_dataset_jpeg.rf.46c1e4d4796c3474279452fb5353fadd.jpg
success (10).jpg,success,downloads/4/train/success/success (10).jpg
0195_tg_jpeg.jpg,success,downloads/1/train/0195_tg_jpeg.rf.6489f183646495ed3d0bf14ce61ed3e8.jpg
3d-printing_jpg.jpg,success,downloads/1/train/3d-printing_jpg.rf.5cb5e79a19708932f5c03cb4c2a81d6e.jpg
Snmek obrazovky 2022-04-01 213357.jpg,success,downloads/3/OK/Snmek obrazovky 2022-04-01 213357.jpg
success (118).jpg,success,downloads/4/valid/success/success (118).jpg
0188_tg_jpeg.rf.63ec8a3a86cf7894ca2d65c665af23c4.jpg,success,downloads/5/train/0188_tg_jpeg.rf.63ec8a3a86cf7894ca2d65c665af23c4.jpg
0430_null_dataset_jpeg.rf.a5c44a2378899e7994b95767d413bbd8.jpg,success,downloads/5/valid/0430_null_dataset_jpeg.rf.a5c44a2378899e7994b95767d413bbd8.jpg
0321_tg_jpeg.jpg,success,downloads/1/train/0321_tg_jpeg.rf.14f0d667ca0851a9a0002cdbcb3ff9ec.jpg
0414_null_dataset_jpeg.jpg,success,downloads/1/train/0414_null_dataset_jpeg.rf.5f7aef8821d09beb25b0e14226171d9f.jpg
success (47).jpg,success,downloads/4/train/success/success (47).jpg
0574_null_dataset_jpeg.rf.458aa1359d6a57a7834e5c1a6bcb8e84.jpg,success,downloads/5/train/0574_null_dataset_jpeg.rf.458aa1359d6a57a7834e5c1a6bcb8e84.jpg
0351_tg_jpeg.jpg,success,downloads/1/train/0351_tg_jpeg.rf.9ee4edfa51d668727fc161fb4030b510.jpg
0381_tg_jpeg.rf.ae4c3d3708c37a88a1159f7bbd2e8e15.jpg,success,downloads/5/train/0381_tg_jpeg.rf.ae4c3d3708c37a88a1159f7bbd2e8e15.jpg
0290_tg_jpeg.jpg,success,downloads/1/train/0290_tg_jpeg.rf.3d99bc7b43bada56623f8c4558a50310.jpg
success (51).jpg,success,downloads/4/train/success/success (51).jpg
0477_null_dataset_jpeg.rf.3d5676f3f31fbb3620ff491593ff5e7f.jpg,success,downloads/5/valid/0477_null_dataset_jpeg.rf.3d5676f3f31fbb3620ff491593ff5e7f.jpg
0449_null_dataset_jpeg.rf.cabac9654eb6cec89769cff0c1d3f4d3.jpg,success,downloads/5/train/0449_null_dataset_jpeg.rf.cabac9654eb6cec89769cff0c1d3f4d3.jpg
0146_tg_jpeg.jpg,success,downloads/1/train/0146_tg_jpeg.rf.7a20c25fbf2c88c3f75d14ba86aa03cd.jpg
0352_null_dataset_jpeg.jpg,success,downloads/1/train/0352_null_dataset_jpeg.rf.5142284ebd71ab1192a150a663635546.jpg
0501_null_dataset_jpeg.jpg,success,downloads/1/train/0501_null_dataset_jpeg.rf.abe288c9da324c4953733843ebec2868.jpg
success (159).jpg,success,downloads/4/test/success/success (159).jpg
0251_null_dataset_jpeg.jpg,success,downloads/1/train/0251_null_dataset_jpeg.rf.4f27652a3f9470d5a6dd52bdfa6e3293.jpg
0402_null_dataset_jpeg.jpg,success,downloads/1/valid/0402_null_dataset_jpeg.rf.1c55465451e74ea714eb54d290427cff.jpg
0195_null_dataset_jpeg.rf.68c0cf8297749ca767533ad36070f0df.jpg,success,downloads/5/train/0195_null_dataset_jpeg.rf.68c0cf8297749ca767533ad36070f0df.jpg
0351_tg_jpeg.rf.1ac487c6f05e2b5fdb8e7fb6b68527e7.jpg,success,downloads/5/train/0351_tg_jpeg.rf.1ac487c6f05e2b5fdb8e7fb6b68527e7.jpg
Snmek obrazovky 2022-04-01 122720.jpg,success,downloads/3/OK/Snmek obrazovky 2022-04-01 122720.jpg
0252_tg_jpeg.rf.bb7e33ad50b4f0691f6f422b58506788.jpg,success,downloads/5/train/0252_tg_jpeg.rf.bb7e33ad50b4f0691f6f422b58506788.jpg
0117_tg_jpeg.rf.2cbd8577fe4d9cb95b5ad3179a31c9cb.jpg,success,downloads/5/train/0117_tg_jpeg.rf.2cbd8577fe4d9cb95b5ad3179a31c9cb.jpg
0141_null_dataset_jpeg.jpg,success,downloads/1/train/0141_null_dataset_jpeg.rf.a1947dc72ff2d0567820c5d8419efc21.jpg
success (92).jpg,success,downloads/4/train/success/success (92).jpg
0219_tg_jpeg.rf.786965c72190de14695edf43c2082769.jpg,success,downloads/5/valid/0219_tg_jpeg.rf.786965c72190de14695edf43c2082769.jpg
3D-printer-4_jpg.rf.19c82db2cccc48ae7b80cfd1ec6cd3f4.jpg,success,downloads/5/train/3D-printer-4_jpg.rf.19c82db2cccc48ae7b80cfd1ec6cd3f4.jpg
0199_null_dataset_jpeg.jpg,success,downloads/1/train/0199_null_dataset_jpeg.rf.7b9686714248a0fb58ff6d494f25a180.jpg
3d-printing-technology.jpg,success,downloads/3/OK/3d-printing-technology.jpg
0189_null_dataset_jpeg.rf.90cbe3a35966fabb7b45350a30995ba5.jpg,success,downloads/5/train/0189_null_dataset_jpeg.rf.90cbe3a35966fabb7b45350a30995ba5.jpg
success (122).jpg,success,downloads/4/valid/success/success (122).jpg
Snmek obrazovky 2022-04-01 214613.jpg,success,downloads/3/OK/Snmek obrazovky 2022-04-01 214613.jpg
0029_tg_jpeg.rf.b27646b00a798a54740838467c507d4d.jpg,success,downloads/5/valid/0029_tg_jpeg.rf.b27646b00a798a54740838467c507d4d.jpg
0263_tg_jpeg.rf.bba622858ecfe00b278b376007c339b8.jpg,success,downloads/5/test/0263_tg_jpeg.rf.bba622858ecfe00b278b376007c339b8.jpg
0212_null_dataset_jpeg.rf.08c498d3b542bed2d9d241f2ff3e6c1e.jpg,success,downloads/5/train/0212_null_dataset_jpeg.rf.08c498d3b542bed2d9d241f2ff3e6c1e.jpg
0066_tg_jpeg.jpg,success,downloads/1/train/0066_tg_jpeg.rf.7f44cb3b9c48d1215323d3dcdc8f207c.jpg
success (134).jpg,success,downloads/4/valid/success/success (134).jpg
success (84).jpg,success,downloads/4/train/success/success (84).jpg
0456_null_dataset_jpeg.jpg,success,downloads/1/train/0456_null_dataset_jpeg.rf.071f6f0e5d1ce16abd18a2a24d13182d.jpg
0205_null_dataset_jpeg.jpg,success,downloads/1/train/0205_null_dataset_jpeg.rf.409252b6242e3908749b3dd92e28106a.jpg
0189_tg_jpeg.jpg,success,downloads/1/train/0189_tg_jpeg.rf.110820babad92fe4cd874ce69b386f0c.jpg
success (3).jpg,success,downloads/4/train/success/success (3).jpg
success (114).jpg,success,downloads/4/train/success/success (114).jpg
0165_null_dataset_jpeg.jpg,success,downloads/1/train/0165_null_dataset_jpeg.rf.8fe9fbdeae0ebbc99c51b726bff6209f.jpg
0073_tg_jpeg.jpg,success,downloads/1/train/0073_tg_jpeg.rf.0d6d575b24ac7def656c0905b5c25d33.jpg
3D-printing-1-_jpg.jpg,success,downloads/1/test/3D-printing-1-_jpg.rf.4a1954a30b750d645439f525e289a85f.jpg
0238_null_dataset_jpeg.rf.1c013a0e5d5d28e15a0a9ec073c41e20.jpg,success,downloads/5/train/0238_null_dataset_jpeg.rf.1c013a0e5d5d28e15a0a9ec073c41e20.jpg
0237_null_dataset_jpeg.jpg,success,downloads/1/train/0237_null_dataset_jpeg.rf.5774c41ebc80e4021b4b58083f76fb7a.jpg
0227_null_dataset_jpeg.rf.085da94a9bde9911fc016decd27c591d.jpg,success,downloads/5/train/0227_null_dataset_jpeg.rf.085da94a9bde9911fc016decd27c591d.jpg
0464_null_dataset_jpeg.jpg,success,downloads/1/train/0464_null_dataset_jpeg.rf.7c80017e4443c7215a5628679e4c81e6.jpg
0583_null_dataset_jpeg.rf.1596d4d0863312228b3c10b23da5ade6.jpg,success,downloads/5/test/0583_null_dataset_jpeg.rf.1596d4d0863312228b3c10b23da5ade6.jpg
0342_null_dataset_jpeg.rf.87b71e4eaa7a2fbbab82a9eb3aa3f2a3.jpg,success,downloads/5/train/0342_null_dataset_jpeg.rf.87b71e4eaa7a2fbbab82a9eb3aa3f2a3.jpg
success (143).jpg,success,downloads/4/valid/success/success (143).jpg
images.jpg,success,downloads/3/OK/images.jpg
0567_null_dataset_jpeg.jpg,success,downloads/1/train/0567_null_dataset_jpeg.rf.8614e9858960f34a50ea898ca482f1fa.jpg
istockphoto-1301565754-170667a_jpg.rf.75d7c58d02a79d10b2a9589593f543b1.jpg,success,downloads/5/train/istockphoto-1301565754-170667a_jpg.rf.75d7c58d02a79d10b2a9589593f543b1.jpg
0226_tg_jpeg.rf.e322095170ebabfe9cc4911d0af4c85d.jpg,success,downloads/5/test/0226_tg_jpeg.rf.e322095170ebabfe9cc4911d0af4c85d.jpg
success (155).jpg,success,downloads/4/test/success/success (155).jpg
0322_null_dataset_jpeg.jpg,success,downloads/1/valid/0322_null_dataset_jpeg.rf.da04ad2587608a85669d366ffd9be137.jpg
0571_null_dataset_jpeg.jpg,success,downloads/1/valid/0571_null_dataset_jpeg.rf.3f24723414a78415b8c560a13821dbf9.jpg
3D-Printing-Is-Changing-the-Global-Manufacturing-Landscape_jpg.jpg,success,downloads/1/train/3D-Printing-Is-Changing-the-Global-Manufacturing-Landscape_jpg.rf.fb727f40436237256ebadfea6a1690c7.jpg
0573_null_dataset_jpeg.rf.9971c14fd5cae878a693f0827e975bf7.jpg,success,downloads/5/valid/0573_null_dataset_jpeg.rf.9971c14fd5cae878a693f0827e975bf7.jpg
0472_null_dataset_jpeg.jpg,success,downloads/1/train/0472_null_dataset_jpeg.rf.803c20fedca4e7c9a4287334ba654e81.jpg
success (102).jpg,success,downloads/4/train/success/success (102).jpg
0056_tg_jpeg.rf.66b898525f992a5d28bd738e1516e6dc.jpg,success,downloads/5/train/0056_tg_jpeg.rf.66b898525f992a5d28bd738e1516e6dc.jpg
0209_tg_jpeg.rf.11b2398bb1dc6d2690dec9db0cd2ce08.jpg,success,downloads/5/train/0209_tg_jpeg.rf.11b2398bb1dc6d2690dec9db0cd2ce08.jpg
0300_null_dataset_jpeg.rf.0239dcf4a233be6bf30a9429ccfb8595.jpg,success,downloads/5/train/0300_null_dataset_jpeg.rf.0239dcf4a233be6bf30a9429ccfb8595.jpg
Snmek obrazovky 2022-04-01 215137.jpg,success,downloads/3/OK/Snmek obrazovky 2022-04-01 215137.jpg
0297_null_dataset_jpeg.jpg,success,downloads/1/train/0297_null_dataset_jpeg.rf.3f2162d06b6d1ee6ebfd4401dfc3eadf.jpg
0299_tg_jpeg.jpg,success,downloads/1/train/0299_tg_jpeg.rf.0b0c6d0136c87b30a16da3348007c36a.jpg
01s8lOzd24t1s3pHCdDtLUA-8-v1569485513_jpg.rf.cbf1fbff8a90f7fcfa1029b673ccc61f.jpg,success,downloads/5/test/01s8lOzd24t1s3pHCdDtLUA-8-v1569485513_jpg.rf.cbf1fbff8a90f7fcfa1029b673ccc61f.jpg
0430_null_dataset_jpeg.jpg,success,downloads/1/train/0430_null_dataset_jpeg.rf.f4467de37426219cf04ab548d435d8a7.jpg
0031_tg_jpeg.jpg,success,downloads/1/train/0031_tg_jpeg.rf.01a806cde3511d51b629685ce7b554e9.jpg
0567_null_dataset_jpeg.rf.5b0e2fff5735f3dde8bedf230b32eb57.jpg,success,downloads/5/train/0567_null_dataset_jpeg.rf.5b0e2fff5735f3dde8bedf230b32eb57.jpg
success (71).jpg,success,downloads/4/train/success/success (71).jpg
0360_null_dataset_jpeg.jpg,success,downloads/1/train/0360_null_dataset_jpeg.rf.f68dbb37e9ec9a9d534550d328efa514.jpg
printing-device-for-plastic_jpg.rf.27030ee3df7f8e727b2eaab72377d583.jpg,success,downloads/5/train/printing-device-for-plastic_jpg.rf.27030ee3df7f8e727b2eaab72377d583.jpg
0554_null_dataset_jpeg.rf.c0bfaf64dcb42f51bdfee0844386fa1f.jpg,success,downloads/5/test/0554_null_dataset_jpeg.rf.c0bfaf64dcb42f51bdfee0844386fa1f.jpg
0145_tg_jpeg.rf.28a2ae34b0455f268aeb13cf10d52684.jpg,success,downloads/5/train/0145_tg_jpeg.rf.28a2ae34b0455f268aeb13cf10d52684.jpg
Snmek obrazovky 2022-04-01 221708.jpg,success,downloads/3/OK/Snmek obrazovky 2022-04-01 221708.jpg
success (26).jpg,success,downloads/4/train/success/success (26).jpg
0256_tg_jpeg.jpg,success,downloads/1/train/0256_tg_jpeg.rf.1084fa6a748ca73d3e57f8c79ff7ac9f.jpg
success (138).jpg,success,downloads/4/valid/success/success (138).jpg
smoothed-out-pla-prints-austin-wilson-via-wired-210709_jpg.jpg,success,downloads/1/train/smoothed-out-pla-prints-austin-wilson-via-wired-210709_jpg.rf.42fe4ea3151cc292f9aaaf3eb983f179.jpg
0217_tg_jpeg.rf.0d1a62a03a42ee27d411c65d860bc6fb.jpg,success,downloads/5/train/0217_tg_jpeg.rf.0d1a62a03a42ee27d411c65d860bc6fb.jpg
0318_null_dataset_jpeg.jpg,success,downloads/1/train/0318_null_dataset_jpeg.rf.f2e4cf810f0ea15d04cfd3e66816b2db.jpg
0044_tg_jpeg.rf.3e1762d793e11aba7a8d44f28a220e59.jpg,success,downloads/5/train/0044_tg_jpeg.rf.3e1762d793e11aba7a8d44f28a220e59.jpg
Snmek obrazovky 2022-04-01 214823.jpg,success,downloads/3/OK/Snmek obrazovky 2022-04-01 214823.jpg
success (30).jpg,success,downloads/4/train/success/success (30).jpg
0226_tg_jpeg.jpg,success,downloads/1/train/0226_tg_jpeg.rf.4cc2bfbc2347591c3cf2be52f3587824.jpg
bigstock-Automatic-Three-Dimensional-Pr-396383408_jpg.rf.2796cd12b3dd4d18590742c9fbe277a8.jpg,success,downloads/5/train/bigstock-Automatic-Three-Dimensional-Pr-396383408_jpg.rf.2796cd12b3dd4d18590742c9fbe277a8.jpg
0448_null_dataset_jpeg.jpg,success,downloads/1/valid/0448_null_dataset_jpeg.rf.dd511f6adb576c3122c927b5fa2a9be6.jpg
0367_null_dataset_jpeg.rf.22abe476fedc0579bc9617c425a3506e.jpg,success,downloads/5/train/0367_null_dataset_jpeg.rf.22abe476fedc0579bc9617c425a3506e.jpg
0191_null_dataset_jpeg.jpg,success,downloads/1/train/0191_null_dataset_jpeg.rf.6aaf6ec5e420d4741c7f09dfd518e337.jpg
success (88).jpg,success,downloads/4/train/success/success (88).jpg
mechanical_3D_print_jpg.jpg,success,downloads/1/train/mechanical_3D_print_jpg.rf.f479bada2fe7b8c78bf40e397d0027e3.jpg
success (67).jpg,success,downloads/4/train/success/success (67).jpg
print-in-place.jpg,success,downloads/3/OK/print-in-place.jpg
