filename,label,path
337389025_160634809843934_2776605974383488014_n_cropped_jpg.rf.105688bb459d512e24edf0e25c26d80c.jpg,failure,downloads/5/train/337389025_160634809843934_2776605974383488014_n_cropped_jpg.rf.105688bb459d512e24edf0e25c26d80c.jpg
failure (32).jpg,failure,downloads/4/train/failure/failure (32).jpg
bed_not_stick_91_jpg.rf.1fdfe41e6c3e4113a333a60c9d48e65f.jpg,failure,downloads/5/valid/bed_not_stick_91_jpg.rf.1fdfe41e6c3e4113a333a60c9d48e65f.jpg
ELP_12MP_04.01.2023_167284948477.png,failure,downloads/7/images/all_images256/ELP_12MP_04.01.2023_167284948477.png
ELP_12MP_10.01.2023_167336813116.png,failure,downloads/7/images/all_images256/ELP_12MP_10.01.2023_167336813116.png
ELP_12MP_22.12.2022_167172318485.png,failure,downloads/7/images/all_images256/ELP_12MP_22.12.2022_167172318485.png
ELP_12MP_05.01.2023_167291998889.png,failure,downloads/7/images/all_images256/ELP_12MP_05.01.2023_167291998889.png
ELP_12MP_16.02.2023_167656946021.png,failure,downloads/7/images/all_images256/ELP_12MP_16.02.2023_167656946021.png
ELP_12MP_05.01.2023_167292009272.png,failure,downloads/7/images/all_images256/ELP_12MP_05.01.2023_167292009272.png
failure (2).jpg,failure,downloads/4/train/failure/failure (2).jpg
84eeit0oehg31_jpg.rf.63ca5c5431010af24562f4563aa5c7ec.jpg,failure,downloads/2/test/84eeit0oehg31_jpg.rf.63ca5c5431010af24562f4563aa5c7ec.jpg
ELP_12MP_05.01.2023_167292043435.png,failure,downloads/7/images/all_images256/ELP_12MP_05.01.2023_167292043435.png
82_jpg.jpg,failure,downloads/1/valid/82_jpg.rf.2f7f2caab599a569d5a73c67f045bcc0.jpg
ELP_12MP_22.12.2022_167172596971.png,failure,downloads/7/images/all_images256/ELP_12MP_22.12.2022_167172596971.png
ELP_12MP_16.02.2023_167658464399.png,failure,downloads/7/images/all_images256/ELP_12MP_16.02.2023_167658464399.png
ELP_12MP_29.12.2022_167232520109.png,failure,downloads/7/images/all_images256/ELP_12MP_29.12.2022_167232520109.png
ELP_12MP_10.01.2023_167337557976.png,failure,downloads/7/images/all_images256/ELP_12MP_10.01.2023_167337557976.png
ELP_12MP_29.11.2022_166975042717.png,failure,downloads/7/images/all_images256/ELP_12MP_29.11.2022_166975042717.png
ELP_12MP_03.01.2023_167276072481.png,failure,downloads/7/images/all_images256/ELP_12MP_03.01.2023_167276072481.png
ELP_12MP_03.01.2023_167275907330.png,failure,downloads/7/images/all_images256/ELP_12MP_03.01.2023_167275907330.png
ELP_12MP_02.01.2023_167267255774.png,failure,downloads/7/images/all_images256/ELP_12MP_02.01.2023_167267255774.png
_69324630_squiggles_jpg.rf.6d811fd67d93277d2062ad2b9826d074.jpg,failure,downloads/5/train/_69324630_squiggles_jpg.rf.6d811fd67d93277d2062ad2b9826d074.jpg
voxelab-aquila-3d-printer-body-6-1024x576.jpg,failure,downloads/3/spaghetti/voxelab-aquila-3d-printer-body-6-1024x576.jpg
ELP_12MP_10.01.2023_167338990994.png,failure,downloads/7/images/all_images256/ELP_12MP_10.01.2023_167338990994.png
ELP_12MP_22.12.2022_167173326871.png,failure,downloads/7/images/all_images256/ELP_12MP_22.12.2022_167173326871.png
ELP_12MP_14.02.2023_167641326925.png,failure,downloads/7/images/all_images256/ELP_12MP_14.02.2023_167641326925.png
ELP_12MP_02.12.2022_166999595511.png,failure,downloads/7/images/all_images256/ELP_12MP_02.12.2022_166999595511.png
ELP_12MP_05.01.2023_167291753850.png,failure,downloads/7/images/all_images256/ELP_12MP_05.01.2023_167291753850.png
g_jpg.jpg,failure,downloads/1/test/g_jpg.rf.4a3e5ea85a9b1a3bd60d2b1ca3f3da3b.jpg
ELP_12MP_04.01.2023_167284648913.png,failure,downloads/7/images/all_images256/ELP_12MP_04.01.2023_167284648913.png
ELP_12MP_04.01.2023_167285025469.png,failure,downloads/7/images/all_images256/ELP_12MP_04.01.2023_167285025469.png
DSC02151-JPG-3be35b50b2324f9b7f86b82be85ae3c5_JPG.rf.6dd72bd3b352298f0bf14370a0b9b6ab.jpg,failure,downloads/2/train/DSC02151-JPG-3be35b50b2324f9b7f86b82be85ae3c5_JPG.rf.6dd72bd3b352298f0bf14370a0b9b6ab.jpg
ELP_12MP_16.02.2023_167658248602.png,failure,downloads/7/images/all_images256/ELP_12MP_16.02.2023_167658248602.png
ELP_12MP_10.01.2023_167338259163.png,failure,downloads/7/images/all_images256/ELP_12MP_10.01.2023_167338259163.png
ELP_12MP_03.01.2023_167276714952.png,failure,downloads/7/images/all_images256/ELP_12MP_03.01.2023_167276714952.png
ELP_12MP_05.01.2023_167291797351.png,failure,downloads/7/images/all_images256/ELP_12MP_05.01.2023_167291797351.png
ELP_12MP_22.12.2022_167171133840.png,failure,downloads/7/images/all_images256/ELP_12MP_22.12.2022_167171133840.png
ELP_12MP_01.12.2022_166991185435.png,failure,downloads/7/images/all_images256/ELP_12MP_01.12.2022_166991185435.png
ELP_12MP_05.01.2023_167291743100.png,failure,downloads/7/images/all_images256/ELP_12MP_05.01.2023_167291743100.png
3D-printed-gremlins-796x448_c_jpg.rf.294db0aeca5dc4a0a2a2054f9caf9f3a.jpg,failure,downloads/5/train/3D-printed-gremlins-796x448_c_jpg.rf.294db0aeca5dc4a0a2a2054f9caf9f3a.jpg
ELP_12MP_05.01.2023_167291753313.png,failure,downloads/7/images/all_images256/ELP_12MP_05.01.2023_167291753313.png
ELP_12MP_11.01.2023_167344137067.png,failure,downloads/7/images/all_images256/ELP_12MP_11.01.2023_167344137067.png
failure (65).jpg,failure,downloads/4/train/failure/failure (65).jpg
ELP_12MP_05.01.2023_167291909410.png,failure,downloads/7/images/all_images256/ELP_12MP_05.01.2023_167291909410.png
IMG_0925_jpg.rf.537a2f0ac4360cdb1e7af93746d4e19b.jpg,failure,downloads/2/train/IMG_0925_jpg.rf.537a2f0ac4360cdb1e7af93746d4e19b.jpg
ELP_12MP_03.01.2023_167277482337.png,failure,downloads/7/images/all_images256/ELP_12MP_03.01.2023_167277482337.png
ELP_12MP_22.12.2022_167171405687.png,failure,downloads/7/images/all_images256/ELP_12MP_22.12.2022_167171405687.png
ELP_12MP_14.02.2023_167639718262.png,failure,downloads/7/images/all_images256/ELP_12MP_14.02.2023_167639718262.png
ELP_12MP_03.01.2023_167277506989.png,failure,downloads/7/images/all_images256/ELP_12MP_03.01.2023_167277506989.png
ELP_12MP_05.01.2023_167291754440.png,failure,downloads/7/images/all_images256/ELP_12MP_05.01.2023_167291754440.png
ELP_12MP_11.01.2023_167344324060.png,failure,downloads/7/images/all_images256/ELP_12MP_11.01.2023_167344324060.png
ELP_12MP_04.01.2023_167284671374.png,failure,downloads/7/images/all_images256/ELP_12MP_04.01.2023_167284671374.png
ELP_12MP_29.11.2022_166975687412.png,failure,downloads/7/images/all_images256/ELP_12MP_29.11.2022_166975687412.png
ELP_12MP_15.02.2023_167647034256.png,failure,downloads/7/images/all_images256/ELP_12MP_15.02.2023_167647034256.png
ELP_12MP_14.02.2023_167640447701.png,failure,downloads/7/images/all_images256/ELP_12MP_14.02.2023_167640447701.png
ELP_12MP_16.02.2023_167656928277.png,failure,downloads/7/images/all_images256/ELP_12MP_16.02.2023_167656928277.png
ELP_12MP_08.01.2023_167318626935.png,failure,downloads/7/images/all_images256/ELP_12MP_08.01.2023_167318626935.png
ELP_12MP_06.01.2023_167302084317.png,failure,downloads/7/images/all_images256/ELP_12MP_06.01.2023_167302084317.png
ELP_12MP_14.02.2023_167639837673.png,failure,downloads/7/images/all_images256/ELP_12MP_14.02.2023_167639837673.png
58_jpg.rf.622a2d56807b08d865e4a6126a5eeb72.jpg,failure,downloads/5/train/58_jpg.rf.622a2d56807b08d865e4a6126a5eeb72.jpg
ELP_12MP_14.02.2023_167640583743.png,failure,downloads/7/images/all_images256/ELP_12MP_14.02.2023_167640583743.png
ELP_12MP_05.01.2023_167293925813.png,failure,downloads/7/images/all_images256/ELP_12MP_05.01.2023_167293925813.png
failure (73).jpg,failure,downloads/4/train/failure/failure (73).jpg
ELP_12MP_05.01.2023_167294401353.png,failure,downloads/7/images/all_images256/ELP_12MP_05.01.2023_167294401353.png
ELP_12MP_02.12.2022_166999603656.png,failure,downloads/7/images/all_images256/ELP_12MP_02.12.2022_166999603656.png
IMG_20190315_182828_resized_20190315_062942052-jpg-8a88576191faf0f1d6f2cf3958e55e78_jpg.rf.0fcc1ae53b0cbc66afa7dc701a36a903.jpg,failure,downloads/2/train/IMG_20190315_182828_resized_20190315_062942052-jpg-8a88576191faf0f1d6f2cf3958e55e78_jpg.rf.0fcc1ae53b0cbc66afa7dc701a36a903.jpg
59_jpg.jpg,failure,downloads/1/valid/59_jpg.rf.dc0662d59a23388130440ec37073c364.jpg
ELP_12MP_04.01.2023_167285023391.png,failure,downloads/7/images/all_images256/ELP_12MP_04.01.2023_167285023391.png
ELP_12MP_05.01.2023_167293183672.png,failure,downloads/7/images/all_images256/ELP_12MP_05.01.2023_167293183672.png
49_jpg.jpg,failure,downloads/1/valid/49_jpg.rf.a2d4a2a12683b0be131dcb8f3966957e.jpg
ELP_12MP_04.01.2023_167284887602.png,failure,downloads/7/images/all_images256/ELP_12MP_04.01.2023_167284887602.png
ELP_12MP_03.01.2023_167275916188.png,failure,downloads/7/images/all_images256/ELP_12MP_03.01.2023_167275916188.png
ELP_12MP_05.01.2023_167291765925.png,failure,downloads/7/images/all_images256/ELP_12MP_05.01.2023_167291765925.png
ELP_12MP_14.02.2023_167640859015.png,failure,downloads/7/images/all_images256/ELP_12MP_14.02.2023_167640859015.png
ELP_12MP_01.12.2022_166991225767.png,failure,downloads/7/images/all_images256/ELP_12MP_01.12.2022_166991225767.png
ELP_12MP_10.01.2023_167338198817.png,failure,downloads/7/images/all_images256/ELP_12MP_10.01.2023_167338198817.png
ELP_12MP_10.01.2023_167338863571.png,failure,downloads/7/images/all_images256/ELP_12MP_10.01.2023_167338863571.png
ELP_12MP_22.12.2022_167173617536.png,failure,downloads/7/images/all_images256/ELP_12MP_22.12.2022_167173617536.png
ELP_12MP_06.12.2022_167033755947.png,failure,downloads/7/images/all_images256/ELP_12MP_06.12.2022_167033755947.png
ELP_12MP_06.01.2023_167300874140.png,failure,downloads/7/images/all_images256/ELP_12MP_06.01.2023_167300874140.png
failed-prints-2_jpg.rf.3ccf3940205c737db649125155fa4d32.jpg,failure,downloads/2/train/failed-prints-2_jpg.rf.3ccf3940205c737db649125155fa4d32.jpg
ELP_12MP_01.12.2022_166990977243.png,failure,downloads/7/images/all_images256/ELP_12MP_01.12.2022_166990977243.png
ELP_12MP_10.01.2023_167338379462.png,failure,downloads/7/images/all_images256/ELP_12MP_10.01.2023_167338379462.png
ELP_12MP_10.01.2023_167338734795.png,failure,downloads/7/images/all_images256/ELP_12MP_10.01.2023_167338734795.png
imag-140-_jpg.jpg,failure,downloads/1/train/imag-140-_jpg.rf.fdd56e41acd0727fc05f4bbef51aecad.jpg
ELP_12MP_10.01.2023_167338752438.png,failure,downloads/7/images/all_images256/ELP_12MP_10.01.2023_167338752438.png
ELP_12MP_14.02.2023_167641327959.png,failure,downloads/7/images/all_images256/ELP_12MP_14.02.2023_167641327959.png
ELP_12MP_03.01.2023_167276703369.png,failure,downloads/7/images/all_images256/ELP_12MP_03.01.2023_167276703369.png
ELP_12MP_08.01.2023_167319285946.png,failure,downloads/7/images/all_images256/ELP_12MP_08.01.2023_167319285946.png
20190327_114026-jpg-18c23791fba1c175cace02695cc10b46_jpg.rf.130b78d0ae084aeb5b324fc43787562e.jpg,failure,downloads/2/train/20190327_114026-jpg-18c23791fba1c175cace02695cc10b46_jpg.rf.130b78d0ae084aeb5b324fc43787562e.jpg
3D_Printing_FAIL_png.jpg,failure,downloads/1/train/3D_Printing_FAIL_png.rf.5f92937a7efa6f96a349745dc2925404.jpg
ELP_12MP_02.12.2022_166999755389.png,failure,downloads/7/images/all_images256/ELP_12MP_02.12.2022_166999755389.png
102_jpg.jpg,failure,downloads/1/valid/102_jpg.rf.157d5615c67f713599c6f2f1dcb8ca48.jpg
ELP_12MP_10.01.2023_167336363425.png,failure,downloads/7/images/all_images256/ELP_12MP_10.01.2023_167336363425.png
ELP_12MP_29.11.2022_166975678001.png,failure,downloads/7/images/all_images256/ELP_12MP_29.11.2022_166975678001.png
ELP_12MP_03.01.2023_167275878335.png,failure,downloads/7/images/all_images256/ELP_12MP_03.01.2023_167275878335.png
112_jpg.jpg,failure,downloads/1/valid/112_jpg.rf.314631ce22a78cfb3533c2c3f62b12d4.jpg
ELP_12MP_02.12.2022_166999817004.png,failure,downloads/7/images/all_images256/ELP_12MP_02.12.2022_166999817004.png
failure (24).jpg,failure,downloads/4/train/failure/failure (24).jpg
ELP_12MP_05.01.2023_167292059531.png,failure,downloads/7/images/all_images256/ELP_12MP_05.01.2023_167292059531.png
ELP_12MP_08.01.2023_167318365966.png,failure,downloads/7/images/all_images256/ELP_12MP_08.01.2023_167318365966.png
ELP_12MP_03.01.2023_167277496752.png,failure,downloads/7/images/all_images256/ELP_12MP_03.01.2023_167277496752.png
index_jpg.rf.64295bdc65a8c927727cb787a1220302.jpg,failure,downloads/2/train/index_jpg.rf.64295bdc65a8c927727cb787a1220302.jpg
ELP_12MP_22.12.2022_167173337613.png,failure,downloads/7/images/all_images256/ELP_12MP_22.12.2022_167173337613.png
ELP_12MP_22.12.2022_167171376988.png,failure,downloads/7/images/all_images256/ELP_12MP_22.12.2022_167171376988.png
ELP_12MP_17.02.2023_167664747243.png,failure,downloads/7/images/all_images256/ELP_12MP_17.02.2023_167664747243.png
ELP_12MP_05.01.2023_167292053020.png,failure,downloads/7/images/all_images256/ELP_12MP_05.01.2023_167292053020.png
ELP_12MP_05.01.2023_167291799988.png,failure,downloads/7/images/all_images256/ELP_12MP_05.01.2023_167291799988.png
Capture-d-ecran--347-_jpg.rf.37c31647d4780128305575a214da5017.jpg,failure,downloads/2/train/Capture-d-ecran--347-_jpg.rf.37c31647d4780128305575a214da5017.jpg
ELP_12MP_17.02.2023_167664757736.png,failure,downloads/7/images/all_images256/ELP_12MP_17.02.2023_167664757736.png
ELP_12MP_16.02.2023_167657136640.png,failure,downloads/7/images/all_images256/ELP_12MP_16.02.2023_167657136640.png
ELP_12MP_29.11.2022_166975428881.png,failure,downloads/7/images/all_images256/ELP_12MP_29.11.2022_166975428881.png
ELP_12MP_22.12.2022_167171395434.png,failure,downloads/7/images/all_images256/ELP_12MP_22.12.2022_167171395434.png
ELP_12MP_05.01.2023_167293185968.png,failure,downloads/7/images/all_images256/ELP_12MP_05.01.2023_167293185968.png
ELP_12MP_22.12.2022_167172315016.png,failure,downloads/7/images/all_images256/ELP_12MP_22.12.2022_167172315016.png
ELP_12MP_03.01.2023_167276050754.png,failure,downloads/7/images/all_images256/ELP_12MP_03.01.2023_167276050754.png
ELP_12MP_03.01.2023_167275905335.png,failure,downloads/7/images/all_images256/ELP_12MP_03.01.2023_167275905335.png
ELP_12MP_02.01.2023_167267417640.png,failure,downloads/7/images/all_images256/ELP_12MP_02.01.2023_167267417640.png
ELP_12MP_10.01.2023_167338712578.png,failure,downloads/7/images/all_images256/ELP_12MP_10.01.2023_167338712578.png
ELP_12MP_04.01.2023_167284903927.png,failure,downloads/7/images/all_images256/ELP_12MP_04.01.2023_167284903927.png
ELP_12MP_10.01.2023_167338821597.png,failure,downloads/7/images/all_images256/ELP_12MP_10.01.2023_167338821597.png
ELP_12MP_05.01.2023_167292045695.png,failure,downloads/7/images/all_images256/ELP_12MP_05.01.2023_167292045695.png
ELP_12MP_01.12.2022_166990981933.png,failure,downloads/7/images/all_images256/ELP_12MP_01.12.2022_166990981933.png
ELP_12MP_15.02.2023_167646922229.png,failure,downloads/7/images/all_images256/ELP_12MP_15.02.2023_167646922229.png
ELP_12MP_23.02.2023_167717249154.png,failure,downloads/7/images/all_images256/ELP_12MP_23.02.2023_167717249154.png
ELP_12MP_11.01.2023_167343499457.png,failure,downloads/7/images/all_images256/ELP_12MP_11.01.2023_167343499457.png
ELP_12MP_03.01.2023_167276719899.png,failure,downloads/7/images/all_images256/ELP_12MP_03.01.2023_167276719899.png
failedprint2_img_5eb0af2d67ead_jpg.jpg,failure,downloads/1/test/failedprint2_img_5eb0af2d67ead_jpg.rf.4554271273b05139ac9d2b9cb08ccf61.jpg
cracks_57_jpg.rf.0ddb2bfd0913ac630d97a2f41d3fdd78.jpg,failure,downloads/5/valid/cracks_57_jpg.rf.0ddb2bfd0913ac630d97a2f41d3fdd78.jpg
ELP_12MP_08.01.2023_167319131095.png,failure,downloads/7/images/all_images256/ELP_12MP_08.01.2023_167319131095.png
ELP_12MP_10.01.2023_167336881299.png,failure,downloads/7/images/all_images256/ELP_12MP_10.01.2023_167336881299.png
ELP_12MP_10.01.2023_167338845011.png,failure,downloads/7/images/all_images256/ELP_12MP_10.01.2023_167338845011.png
ELP_12MP_06.12.2022_167033760282.png,failure,downloads/7/images/all_images256/ELP_12MP_06.12.2022_167033760282.png
ELP_12MP_02.12.2022_166999607800.png,failure,downloads/7/images/all_images256/ELP_12MP_02.12.2022_166999607800.png
ELP_12MP_04.01.2023_167284903932.png,failure,downloads/7/images/all_images256/ELP_12MP_04.01.2023_167284903932.png
ELP_12MP_01.12.2022_166991203206.png,failure,downloads/7/images/all_images256/ELP_12MP_01.12.2022_166991203206.png
ELP_12MP_04.01.2023_167284662731.png,failure,downloads/7/images/all_images256/ELP_12MP_04.01.2023_167284662731.png
ELP_12MP_22.12.2022_167172384732.png,failure,downloads/7/images/all_images256/ELP_12MP_22.12.2022_167172384732.png
ELP_12MP_03.01.2023_167275910711.png,failure,downloads/7/images/all_images256/ELP_12MP_03.01.2023_167275910711.png
ELP_12MP_10.01.2023_167338267305.png,failure,downloads/7/images/all_images256/ELP_12MP_10.01.2023_167338267305.png
ELP_12MP_03.01.2023_167277467741.png,failure,downloads/7/images/all_images256/ELP_12MP_03.01.2023_167277467741.png
ELP_12MP_10.01.2023_167338857428.png,failure,downloads/7/images/all_images256/ELP_12MP_10.01.2023_167338857428.png
ELP_12MP_05.01.2023_167292034723.png,failure,downloads/7/images/all_images256/ELP_12MP_05.01.2023_167292034723.png
i_jpg.rf.9064af9e915cacb8d2fecdf8b057902c.jpg,failure,downloads/5/test/i_jpg.rf.9064af9e915cacb8d2fecdf8b057902c.jpg
ELP_12MP_03.01.2023_167275920188.png,failure,downloads/7/images/all_images256/ELP_12MP_03.01.2023_167275920188.png
14_jpg.jpg,failure,downloads/1/valid/14_jpg.rf.ea2a0683d1dfff78e707d88caf23f73b.jpg
imag-136-_jpg.jpg,failure,downloads/1/train/imag-136-_jpg.rf.fcb3ba705b6e3e5d0cd90dc7e9c873ab.jpg
ELP_12MP_06.01.2023_167301122452.png,failure,downloads/7/images/all_images256/ELP_12MP_06.01.2023_167301122452.png
ELP_12MP_05.01.2023_167291786671.png,failure,downloads/7/images/all_images256/ELP_12MP_05.01.2023_167291786671.png
ELP_12MP_14.02.2023_167641450592.png,failure,downloads/7/images/all_images256/ELP_12MP_14.02.2023_167641450592.png
6hprdawknt341_jpg.jpg,failure,downloads/1/train/6hprdawknt341_jpg.rf.f78f6ddf4e922a8b7ced593cfd947bfc.jpg
ELP_12MP_14.02.2023_167641338307.png,failure,downloads/7/images/all_images256/ELP_12MP_14.02.2023_167641338307.png
ELP_12MP_05.01.2023_167292017111.png,failure,downloads/7/images/all_images256/ELP_12MP_05.01.2023_167292017111.png
imag-137-_jpg.jpg,failure,downloads/1/train/imag-137-_jpg.rf.3e683324a7b290c53dce30b556d6de5b.jpg
ELP_12MP_05.01.2023_167291886526.png,failure,downloads/7/images/all_images256/ELP_12MP_05.01.2023_167291886526.png
ELP_12MP_10.01.2023_167339137106.png,failure,downloads/7/images/all_images256/ELP_12MP_10.01.2023_167339137106.png
ELP_12MP_06.01.2023_167301136433.png,failure,downloads/7/images/all_images256/ELP_12MP_06.01.2023_167301136433.png
ELP_12MP_10.01.2023_167339135739.png,failure,downloads/7/images/all_images256/ELP_12MP_10.01.2023_167339135739.png
ELP_12MP_02.12.2022_166999657010.png,failure,downloads/7/images/all_images256/ELP_12MP_02.12.2022_166999657010.png
ELP_12MP_01.12.2022_166991218815.png,failure,downloads/7/images/all_images256/ELP_12MP_01.12.2022_166991218815.png
failure (161).jpg,failure,downloads/4/test/failure/failure (161).jpg
ELP_12MP_08.01.2023_167319175629.png,failure,downloads/7/images/all_images256/ELP_12MP_08.01.2023_167319175629.png
ELP_12MP_08.01.2023_167319145932.png,failure,downloads/7/images/all_images256/ELP_12MP_08.01.2023_167319145932.png
ELP_12MP_03.01.2023_167276697938.png,failure,downloads/7/images/all_images256/ELP_12MP_03.01.2023_167276697938.png
ELP_12MP_10.01.2023_167336363430.png,failure,downloads/7/images/all_images256/ELP_12MP_10.01.2023_167336363430.png
ELP_12MP_06.01.2023_167302061013.png,failure,downloads/7/images/all_images256/ELP_12MP_06.01.2023_167302061013.png
8267846360_9a97ae0e3a_k_jpg.jpg,failure,downloads/1/train/8267846360_9a97ae0e3a_k_jpg.rf.5a7c6b8420a02729967bf9be8216e03d.jpg
ELP_12MP_04.01.2023_167284920866.png,failure,downloads/7/images/all_images256/ELP_12MP_04.01.2023_167284920866.png
ELP_12MP_05.01.2023_167292061905.png,failure,downloads/7/images/all_images256/ELP_12MP_05.01.2023_167292061905.png
ELP_12MP_02.01.2023_167267470143.png,failure,downloads/7/images/all_images256/ELP_12MP_02.01.2023_167267470143.png
ELP_12MP_02.01.2023_167267465228.png,failure,downloads/7/images/all_images256/ELP_12MP_02.01.2023_167267465228.png
ELP_12MP_22.12.2022_167170887086.png,failure,downloads/7/images/all_images256/ELP_12MP_22.12.2022_167170887086.png
ELP_12MP_20.12.2022_167154400388.png,failure,downloads/7/images/all_images256/ELP_12MP_20.12.2022_167154400388.png
ELP_12MP_11.01.2023_167343983291.png,failure,downloads/7/images/all_images256/ELP_12MP_11.01.2023_167343983291.png
ELP_12MP_05.01.2023_167291801850.png,failure,downloads/7/images/all_images256/ELP_12MP_05.01.2023_167291801850.png
d762d60aecc932573660d84932716e96_jpg.rf.3139f1ac47b4271bac74717b6843a0dc.jpg,failure,downloads/2/train/d762d60aecc932573660d84932716e96_jpg.rf.3139f1ac47b4271bac74717b6843a0dc.jpg
ELP_12MP_22.12.2022_167171396464.png,failure,downloads/7/images/all_images256/ELP_12MP_22.12.2022_167171396464.png
ELP_12MP_08.01.2023_167318425473.png,failure,downloads/7/images/all_images256/ELP_12MP_08.01.2023_167318425473.png
ELP_12MP_04.01.2023_167284898086.png,failure,downloads/7/images/all_images256/ELP_12MP_04.01.2023_167284898086.png
imag-13-_jpg.rf.010dc3ce62ea06d89979bcfb12a8fbcf.jpg,failure,downloads/5/train/imag-13-_jpg.rf.010dc3ce62ea06d89979bcfb12a8fbcf.jpg
DYWKrIBVQAAORHW_jpg.rf.bf1deb93e4a850cc0fd29a36bc6c4fd2.jpg,failure,downloads/2/train/DYWKrIBVQAAORHW_jpg.rf.bf1deb93e4a850cc0fd29a36bc6c4fd2.jpg
ELP_12MP_02.01.2023_167267251103.png,failure,downloads/7/images/all_images256/ELP_12MP_02.01.2023_167267251103.png
ELP_12MP_05.01.2023_167292015289.png,failure,downloads/7/images/all_images256/ELP_12MP_05.01.2023_167292015289.png
ELP_12MP_10.01.2023_167339019774.png,failure,downloads/7/images/all_images256/ELP_12MP_10.01.2023_167339019774.png
ELP_12MP_01.12.2022_166991244415.png,failure,downloads/7/images/all_images256/ELP_12MP_01.12.2022_166991244415.png
ELP_12MP_17.02.2023_167664751811.png,failure,downloads/7/images/all_images256/ELP_12MP_17.02.2023_167664751811.png
ELP_12MP_11.01.2023_167343970443.png,failure,downloads/7/images/all_images256/ELP_12MP_11.01.2023_167343970443.png
ELP_12MP_04.01.2023_167284891908.png,failure,downloads/7/images/all_images256/ELP_12MP_04.01.2023_167284891908.png
ELP_12MP_03.01.2023_167277504966.png,failure,downloads/7/images/all_images256/ELP_12MP_03.01.2023_167277504966.png
ELP_12MP_29.11.2022_166975488607.png,failure,downloads/7/images/all_images256/ELP_12MP_29.11.2022_166975488607.png
ELP_12MP_15.02.2023_167647043632.png,failure,downloads/7/images/all_images256/ELP_12MP_15.02.2023_167647043632.png
ELP_12MP_05.01.2023_167292790027.png,failure,downloads/7/images/all_images256/ELP_12MP_05.01.2023_167292790027.png
ELP_12MP_21.12.2022_167165745922.png,failure,downloads/7/images/all_images256/ELP_12MP_21.12.2022_167165745922.png
ELP_12MP_16.02.2023_167658198908.png,failure,downloads/7/images/all_images256/ELP_12MP_16.02.2023_167658198908.png
ELP_12MP_08.01.2023_167318661510.png,failure,downloads/7/images/all_images256/ELP_12MP_08.01.2023_167318661510.png
ELP_12MP_02.12.2022_166999792172.png,failure,downloads/7/images/all_images256/ELP_12MP_02.12.2022_166999792172.png
Capture-d-ecran--580-_jpg.rf.536a3776d40f4ec00fd13fd42e2727cf.jpg,failure,downloads/2/test/Capture-d-ecran--580-_jpg.rf.536a3776d40f4ec00fd13fd42e2727cf.jpg
ELP_12MP_08.01.2023_167319143827.png,failure,downloads/7/images/all_images256/ELP_12MP_08.01.2023_167319143827.png
ELP_12MP_16.02.2023_167657140270.png,failure,downloads/7/images/all_images256/ELP_12MP_16.02.2023_167657140270.png
ELP_12MP_05.01.2023_167292798335.png,failure,downloads/7/images/all_images256/ELP_12MP_05.01.2023_167292798335.png
failure (136).jpg,failure,downloads/4/valid/failure/failure (136).jpg
ELP_12MP_04.01.2023_167284939714.png,failure,downloads/7/images/all_images256/ELP_12MP_04.01.2023_167284939714.png
ELP_12MP_10.01.2023_167338089112.png,failure,downloads/7/images/all_images256/ELP_12MP_10.01.2023_167338089112.png
ELP_12MP_10.01.2023_167338385790.png,failure,downloads/7/images/all_images256/ELP_12MP_10.01.2023_167338385790.png
ELP_12MP_23.02.2023_167717152863.png,failure,downloads/7/images/all_images256/ELP_12MP_23.02.2023_167717152863.png
ELP_12MP_02.01.2023_167267455076.png,failure,downloads/7/images/all_images256/ELP_12MP_02.01.2023_167267455076.png
ELP_12MP_06.01.2023_167300884463.png,failure,downloads/7/images/all_images256/ELP_12MP_06.01.2023_167300884463.png
ELP_12MP_04.01.2023_167284905947.png,failure,downloads/7/images/all_images256/ELP_12MP_04.01.2023_167284905947.png
ELP_12MP_03.01.2023_167276723872.png,failure,downloads/7/images/all_images256/ELP_12MP_03.01.2023_167276723872.png
ELP_12MP_08.01.2023_167318422268.png,failure,downloads/7/images/all_images256/ELP_12MP_08.01.2023_167318422268.png
cracks_4_jpg.rf.5abfd73c776591f9895caeef24b8f01c.jpg,failure,downloads/5/train/cracks_4_jpg.rf.5abfd73c776591f9895caeef24b8f01c.jpg
ELP_12MP_22.12.2022_167173642495.png,failure,downloads/7/images/all_images256/ELP_12MP_22.12.2022_167173642495.png
ELP_12MP_03.01.2023_167275900884.png,failure,downloads/7/images/all_images256/ELP_12MP_03.01.2023_167275900884.png
ELP_12MP_22.12.2022_167172860886.png,failure,downloads/7/images/all_images256/ELP_12MP_22.12.2022_167172860886.png
ELP_12MP_02.12.2022_166999759388.png,failure,downloads/7/images/all_images256/ELP_12MP_02.12.2022_166999759388.png
ELP_12MP_03.01.2023_167276708375.png,failure,downloads/7/images/all_images256/ELP_12MP_03.01.2023_167276708375.png
ELP_12MP_04.01.2023_167284937711.png,failure,downloads/7/images/all_images256/ELP_12MP_04.01.2023_167284937711.png
ELP_12MP_04.01.2023_167284660287.png,failure,downloads/7/images/all_images256/ELP_12MP_04.01.2023_167284660287.png
132_jpg.rf.24137a7e981a83dc66e9565520002740.jpg,failure,downloads/5/train/132_jpg.rf.24137a7e981a83dc66e9565520002740.jpg
ELP_12MP_21.12.2022_167165212535.png,failure,downloads/7/images/all_images256/ELP_12MP_21.12.2022_167165212535.png
ELP_12MP_05.01.2023_167291909405.png,failure,downloads/7/images/all_images256/ELP_12MP_05.01.2023_167291909405.png
ELP_12MP_03.01.2023_167276722577.png,failure,downloads/7/images/all_images256/ELP_12MP_03.01.2023_167276722577.png
ELP_12MP_03.01.2023_167275874644.png,failure,downloads/7/images/all_images256/ELP_12MP_03.01.2023_167275874644.png
tumblr_o5xoa63Rmh1thio9do1_1280.jpg,failure,downloads/3/spaghetti/tumblr_o5xoa63Rmh1thio9do1_1280.jpg
ELP_12MP_04.01.2023_167284889014.png,failure,downloads/7/images/all_images256/ELP_12MP_04.01.2023_167284889014.png
ELP_12MP_10.01.2023_167339133758.png,failure,downloads/7/images/all_images256/ELP_12MP_10.01.2023_167339133758.png
ELP_12MP_02.01.2023_167267432774.png,failure,downloads/7/images/all_images256/ELP_12MP_02.01.2023_167267432774.png
_69324630_squiggles_jpg.jpg,failure,downloads/1/train/_69324630_squiggles_jpg.rf.0c64794e591e088515cf9e4180504548.jpg
failure (120).jpg,failure,downloads/4/valid/failure/failure (120).jpg
ELP_12MP_03.01.2023_167276725230.png,failure,downloads/7/images/all_images256/ELP_12MP_03.01.2023_167276725230.png
Capture-d-ecran--647-_jpg.rf.2c742f3a929228849c0af5ccc6cd68ba.jpg,failure,downloads/2/train/Capture-d-ecran--647-_jpg.rf.2c742f3a929228849c0af5ccc6cd68ba.jpg
ELP_12MP_05.01.2023_167291999980.png,failure,downloads/7/images/all_images256/ELP_12MP_05.01.2023_167291999980.png
ELP_12MP_04.01.2023_167284881312.png,failure,downloads/7/images/all_images256/ELP_12MP_04.01.2023_167284881312.png
Capture-d-ecran--375-_jpg.rf.4cc0af09da3fe58579778251c544377c.jpg,failure,downloads/2/test/Capture-d-ecran--375-_jpg.rf.4cc0af09da3fe58579778251c544377c.jpg
ELP_12MP_29.12.2022_167232587360.png,failure,downloads/7/images/all_images256/ELP_12MP_29.12.2022_167232587360.png
ELP_12MP_04.01.2023_167284913499.png,failure,downloads/7/images/all_images256/ELP_12MP_04.01.2023_167284913499.png
ELP_12MP_01.12.2022_166991187974.png,failure,downloads/7/images/all_images256/ELP_12MP_01.12.2022_166991187974.png
ELP_12MP_03.01.2023_167277466503.png,failure,downloads/7/images/all_images256/ELP_12MP_03.01.2023_167277466503.png
ELP_12MP_11.01.2023_167344891236.png,failure,downloads/7/images/all_images256/ELP_12MP_11.01.2023_167344891236.png
failure (49).jpg,failure,downloads/4/train/failure/failure (49).jpg
ELP_12MP_02.01.2023_167267463922.png,failure,downloads/7/images/all_images256/ELP_12MP_02.01.2023_167267463922.png
ELP_12MP_10.01.2023_167338239443.png,failure,downloads/7/images/all_images256/ELP_12MP_10.01.2023_167338239443.png
ELP_12MP_10.01.2023_167338829928.png,failure,downloads/7/images/all_images256/ELP_12MP_10.01.2023_167338829928.png
ELP_12MP_22.12.2022_167172899947.png,failure,downloads/7/images/all_images256/ELP_12MP_22.12.2022_167172899947.png
ELP_12MP_22.12.2022_167172322903.png,failure,downloads/7/images/all_images256/ELP_12MP_22.12.2022_167172322903.png
ELP_12MP_05.01.2023_167291900145.png,failure,downloads/7/images/all_images256/ELP_12MP_05.01.2023_167291900145.png
66_jpg.jpg,failure,downloads/1/valid/66_jpg.rf.7aad57bc88670cf18dbbd59136056df7.jpg
ELP_12MP_06.12.2022_167033874017.png,failure,downloads/7/images/all_images256/ELP_12MP_06.12.2022_167033874017.png
7_jpg.jpg,failure,downloads/1/valid/7_jpg.rf.96965a8fbd70b5590f4d1e63081d2d56.jpg
76_jpg.jpg,failure,downloads/1/valid/76_jpg.rf.42033c82f7355d4a7d9f8ffec2ceb964.jpg
ELP_12MP_21.12.2022_167165772234.png,failure,downloads/7/images/all_images256/ELP_12MP_21.12.2022_167165772234.png
ELP_12MP_14.02.2023_167641313790.png,failure,downloads/7/images/all_images256/ELP_12MP_14.02.2023_167641313790.png
ELP_12MP_03.01.2023_167276071162.png,failure,downloads/7/images/all_images256/ELP_12MP_03.01.2023_167276071162.png
ELP_12MP_10.01.2023_167338737100.png,failure,downloads/7/images/all_images256/ELP_12MP_10.01.2023_167338737100.png
ELP_12MP_04.01.2023_167284692561.png,failure,downloads/7/images/all_images256/ELP_12MP_04.01.2023_167284692561.png
ELP_12MP_17.02.2023_167664757119.png,failure,downloads/7/images/all_images256/ELP_12MP_17.02.2023_167664757119.png
ELP_12MP_17.02.2023_167664232210.png,failure,downloads/7/images/all_images256/ELP_12MP_17.02.2023_167664232210.png
Screen_Shot_2018-03-23_at_6-18-24_PM_large_png.rf.ac16a5a852ac70bec0009dd25ee93122.jpg,failure,downloads/5/train/Screen_Shot_2018-03-23_at_6-18-24_PM_large_png.rf.ac16a5a852ac70bec0009dd25ee93122.jpg
ELP_12MP_05.01.2023_167291881301.png,failure,downloads/7/images/all_images256/ELP_12MP_05.01.2023_167291881301.png
ELP_12MP_01.12.2022_166991243971.png,failure,downloads/7/images/all_images256/ELP_12MP_01.12.2022_166991243971.png
ELP_12MP_03.01.2023_167275895848.png,failure,downloads/7/images/all_images256/ELP_12MP_03.01.2023_167275895848.png
ELP_12MP_03.01.2023_167277480079.png,failure,downloads/7/images/all_images256/ELP_12MP_03.01.2023_167277480079.png
ELP_12MP_14.02.2023_167639814530.png,failure,downloads/7/images/all_images256/ELP_12MP_14.02.2023_167639814530.png
89_jpg.rf.01cc75b5fa187a65f5a5b63c35d818ce.jpg,failure,downloads/5/train/89_jpg.rf.01cc75b5fa187a65f5a5b63c35d818ce.jpg
ELP_12MP_05.01.2023_167292682769.png,failure,downloads/7/images/all_images256/ELP_12MP_05.01.2023_167292682769.png
Capture-d-ecran--320-_jpg.rf.14087bb1104108569c1812ffce16020d.jpg,failure,downloads/2/train/Capture-d-ecran--320-_jpg.rf.14087bb1104108569c1812ffce16020d.jpg
40_jpg.jpg,failure,downloads/1/valid/40_jpg.rf.b090b098ac2ec42787fc629e9d71ac4f.jpg
ELP_12MP_14.02.2023_167640468508.png,failure,downloads/7/images/all_images256/ELP_12MP_14.02.2023_167640468508.png
ELP_12MP_22.12.2022_167171114754.png,failure,downloads/7/images/all_images256/ELP_12MP_22.12.2022_167171114754.png
ELP_12MP_14.02.2023_167640983652.png,failure,downloads/7/images/all_images256/ELP_12MP_14.02.2023_167640983652.png
ELP_12MP_05.01.2023_167292915032.png,failure,downloads/7/images/all_images256/ELP_12MP_05.01.2023_167292915032.png
ELP_12MP_02.12.2022_166999574713.png,failure,downloads/7/images/all_images256/ELP_12MP_02.12.2022_166999574713.png
50_jpg.jpg,failure,downloads/1/valid/50_jpg.rf.5d2aa07aa84e16369d257986f575b1b9.jpg
ELP_12MP_02.01.2023_167267430439.png,failure,downloads/7/images/all_images256/ELP_12MP_02.01.2023_167267430439.png
a3.jpg,failure,downloads/3/spaghetti/a3.jpg
ELP_12MP_10.01.2023_167336840203.png,failure,downloads/7/images/all_images256/ELP_12MP_10.01.2023_167336840203.png
ELP_12MP_06.01.2023_167302039332.png,failure,downloads/7/images/all_images256/ELP_12MP_06.01.2023_167302039332.png
ELP_12MP_14.02.2023_167640977937.png,failure,downloads/7/images/all_images256/ELP_12MP_14.02.2023_167640977937.png
img63_jpg.jpg,failure,downloads/1/valid/img63_jpg.rf.9eca126ba3a9e84f4655e7d61989b3d3.jpg
ELP_12MP_03.01.2023_167276045548.png,failure,downloads/7/images/all_images256/ELP_12MP_03.01.2023_167276045548.png
ELP_12MP_02.12.2022_166999771610.png,failure,downloads/7/images/all_images256/ELP_12MP_02.12.2022_166999771610.png
ELP_12MP_29.11.2022_166974716545.png,failure,downloads/7/images/all_images256/ELP_12MP_29.11.2022_166974716545.png
4uxth1yl7ah21_jpg.rf.79194cf1d41e7836fc9d85b2d375c4b0.jpg,failure,downloads/2/train/4uxth1yl7ah21_jpg.rf.79194cf1d41e7836fc9d85b2d375c4b0.jpg
ELP_12MP_06.01.2023_167302015141.png,failure,downloads/7/images/all_images256/ELP_12MP_06.01.2023_167302015141.png
ELP_12MP_10.01.2023_167338990015.png,failure,downloads/7/images/all_images256/ELP_12MP_10.01.2023_167338990015.png
ELP_12MP_02.01.2023_167267412883.png,failure,downloads/7/images/all_images256/ELP_12MP_02.01.2023_167267412883.png
ELP_12MP_05.01.2023_167293916821.png,failure,downloads/7/images/all_images256/ELP_12MP_05.01.2023_167293916821.png
ELP_12MP_11.01.2023_167344897137.png,failure,downloads/7/images/all_images256/ELP_12MP_11.01.2023_167344897137.png
ELP_12MP_14.02.2023_167641429682.png,failure,downloads/7/images/all_images256/ELP_12MP_14.02.2023_167641429682.png
ELP_12MP_02.12.2022_166999595506.png,failure,downloads/7/images/all_images256/ELP_12MP_02.12.2022_166999595506.png
ELP_12MP_14.02.2023_167641425912.png,failure,downloads/7/images/all_images256/ELP_12MP_14.02.2023_167641425912.png
ELP_12MP_05.01.2023_167292028532.png,failure,downloads/7/images/all_images256/ELP_12MP_05.01.2023_167292028532.png
ELP_12MP_17.02.2023_167664233859.png,failure,downloads/7/images/all_images256/ELP_12MP_17.02.2023_167664233859.png
ELP_12MP_08.01.2023_167319239274.png,failure,downloads/7/images/all_images256/ELP_12MP_08.01.2023_167319239274.png
ELP_12MP_04.01.2023_167284640380.png,failure,downloads/7/images/all_images256/ELP_12MP_04.01.2023_167284640380.png
ELP_12MP_16.02.2023_167657140845.png,failure,downloads/7/images/all_images256/ELP_12MP_16.02.2023_167657140845.png
ELP_12MP_03.01.2023_167277481615.png,failure,downloads/7/images/all_images256/ELP_12MP_03.01.2023_167277481615.png
ELP_12MP_02.01.2023_167267454395.png,failure,downloads/7/images/all_images256/ELP_12MP_02.01.2023_167267454395.png
cracks_96_jpg.jpg,failure,downloads/1/train/cracks_96_jpg.rf.43a11546a179f23ca641d73aea48a002.jpg
ELP_12MP_04.01.2023_167284943045.png,failure,downloads/7/images/all_images256/ELP_12MP_04.01.2023_167284943045.png
ELP_12MP_23.02.2023_167718314748.png,failure,downloads/7/images/all_images256/ELP_12MP_23.02.2023_167718314748.png
ELP_12MP_03.01.2023_167276725226.png,failure,downloads/7/images/all_images256/ELP_12MP_03.01.2023_167276725226.png
failure (157).jpg,failure,downloads/4/test/failure/failure (157).jpg
ELP_12MP_10.01.2023_167338060765.png,failure,downloads/7/images/all_images256/ELP_12MP_10.01.2023_167338060765.png
ELP_12MP_10.01.2023_167336827930.png,failure,downloads/7/images/all_images256/ELP_12MP_10.01.2023_167336827930.png
ELP_12MP_02.12.2022_166999661198.png,failure,downloads/7/images/all_images256/ELP_12MP_02.12.2022_166999661198.png
ELP_12MP_14.02.2023_167639976823.png,failure,downloads/7/images/all_images256/ELP_12MP_14.02.2023_167639976823.png
ELP_12MP_04.01.2023_167284895359.png,failure,downloads/7/images/all_images256/ELP_12MP_04.01.2023_167284895359.png
failure (69).jpg,failure,downloads/4/train/failure/failure (69).jpg
ELP_12MP_05.01.2023_167292060760.png,failure,downloads/7/images/all_images256/ELP_12MP_05.01.2023_167292060760.png
ELP_12MP_05.01.2023_167291888694.png,failure,downloads/7/images/all_images256/ELP_12MP_05.01.2023_167291888694.png
ELP_12MP_06.12.2022_167033861197.png,failure,downloads/7/images/all_images256/ELP_12MP_06.12.2022_167033861197.png
ELP_12MP_04.01.2023_167284937707.png,failure,downloads/7/images/all_images256/ELP_12MP_04.01.2023_167284937707.png
ELP_12MP_03.01.2023_167275926841.png,failure,downloads/7/images/all_images256/ELP_12MP_03.01.2023_167275926841.png
ELP_12MP_10.01.2023_167338980004.png,failure,downloads/7/images/all_images256/ELP_12MP_10.01.2023_167338980004.png
ELP_12MP_22.12.2022_167171060200.png,failure,downloads/7/images/all_images256/ELP_12MP_22.12.2022_167171060200.png
Capture-d-ecran--538-_jpg.rf.14e5fce960a15a7fcdcdb311c34179c2.jpg,failure,downloads/2/train/Capture-d-ecran--538-_jpg.rf.14e5fce960a15a7fcdcdb311c34179c2.jpg
ELP_12MP_04.01.2023_167284905951.png,failure,downloads/7/images/all_images256/ELP_12MP_04.01.2023_167284905951.png
ELP_12MP_03.01.2023_167277508964.png,failure,downloads/7/images/all_images256/ELP_12MP_03.01.2023_167277508964.png
ELP_12MP_03.01.2023_167277476504.png,failure,downloads/7/images/all_images256/ELP_12MP_03.01.2023_167277476504.png
failure (86).jpg,failure,downloads/4/train/failure/failure (86).jpg
1e0889f0d3cb71fe1a1dc15a23bcda8cf78d4241_jpg.jpg,failure,downloads/1/train/1e0889f0d3cb71fe1a1dc15a23bcda8cf78d4241_jpg.rf.f8882125a2e6ed4e2b42ce3b550ed53b.jpg
ELP_12MP_06.01.2023_167301057583.png,failure,downloads/7/images/all_images256/ELP_12MP_06.01.2023_167301057583.png
20180528_212845_jpg.jpg,failure,downloads/1/train/20180528_212845_jpg.rf.50dc9ad4cb1f06de0f444bd1e6a97595.jpg
1_uWD6NUewKoDvmyWSHg3OIw.png,failure,downloads/3/spaghetti/1_uWD6NUewKoDvmyWSHg3OIw.png
spag-640_png.jpg,failure,downloads/1/train/spag-640_png.rf.d3bab3ca8225e7c26055df44348a1609.jpg
failure (141).jpg,failure,downloads/4/valid/failure/failure (141).jpg
ELP_12MP_14.02.2023_167640985627.png,failure,downloads/7/images/all_images256/ELP_12MP_14.02.2023_167640985627.png
e29d7afc12e4d54fae4b5b08b9858f11-failedprint2_img_5eb0af2d67ead_jpg.rf.7fa24b30a6515658104992089d5036a9.jpg,failure,downloads/2/train/e29d7afc12e4d54fae4b5b08b9858f11-failedprint2_img_5eb0af2d67ead_jpg.rf.7fa24b30a6515658104992089d5036a9.jpg
ELP_12MP_05.01.2023_167292676588.png,failure,downloads/7/images/all_images256/ELP_12MP_05.01.2023_167292676588.png
ELP_12MP_05.01.2023_167292677682.png,failure,downloads/7/images/all_images256/ELP_12MP_05.01.2023_167292677682.png
ELP_12MP_01.12.2022_166991198249.png,failure,downloads/7/images/all_images256/ELP_12MP_01.12.2022_166991198249.png
ELP_12MP_08.01.2023_167318661506.png,failure,downloads/7/images/all_images256/ELP_12MP_08.01.2023_167318661506.png
ELP_12MP_16.02.2023_167658465494.png,failure,downloads/7/images/all_images256/ELP_12MP_16.02.2023_167658465494.png
Capture-d-ecran--611-_jpg.rf.0ddfd3073ffd7925c7cea2486fb32ff1.jpg,failure,downloads/2/train/Capture-d-ecran--611-_jpg.rf.0ddfd3073ffd7925c7cea2486fb32ff1.jpg
ELP_12MP_10.01.2023_167338702224.png,failure,downloads/7/images/all_images256/ELP_12MP_10.01.2023_167338702224.png
6hprdawknt341.jpg,failure,downloads/3/spaghetti/6hprdawknt341.jpg
ELP_12MP_10.01.2023_167339014520.png,failure,downloads/7/images/all_images256/ELP_12MP_10.01.2023_167339014520.png
ELP_12MP_14.02.2023_167641289525.png,failure,downloads/7/images/all_images256/ELP_12MP_14.02.2023_167641289525.png
ELP_12MP_04.01.2023_167284898090.png,failure,downloads/7/images/all_images256/ELP_12MP_04.01.2023_167284898090.png
ELP_12MP_14.02.2023_167640861576.png,failure,downloads/7/images/all_images256/ELP_12MP_14.02.2023_167640861576.png
ELP_12MP_06.01.2023_167302095379.png,failure,downloads/7/images/all_images256/ELP_12MP_06.01.2023_167302095379.png
failure (90).jpg,failure,downloads/4/train/failure/failure (90).jpg
ELP_12MP_02.12.2022_166999669467.png,failure,downloads/7/images/all_images256/ELP_12MP_02.12.2022_166999669467.png
ELP_12MP_22.12.2022_167172386325.png,failure,downloads/7/images/all_images256/ELP_12MP_22.12.2022_167172386325.png
ELP_12MP_10.01.2023_167338983445.png,failure,downloads/7/images/all_images256/ELP_12MP_10.01.2023_167338983445.png
ELP_12MP_04.01.2023_167284913504.png,failure,downloads/7/images/all_images256/ELP_12MP_04.01.2023_167284913504.png
ELP_12MP_14.02.2023_167639793118.png,failure,downloads/7/images/all_images256/ELP_12MP_14.02.2023_167639793118.png
ELP_12MP_05.01.2023_167292681302.png,failure,downloads/7/images/all_images256/ELP_12MP_05.01.2023_167292681302.png
ELP_12MP_16.02.2023_167658247650.png,failure,downloads/7/images/all_images256/ELP_12MP_16.02.2023_167658247650.png
ELP_12MP_04.01.2023_167284920870.png,failure,downloads/7/images/all_images256/ELP_12MP_04.01.2023_167284920870.png
ELP_12MP_17.02.2023_167664229020.png,failure,downloads/7/images/all_images256/ELP_12MP_17.02.2023_167664229020.png
ELP_12MP_05.01.2023_167292025189.png,failure,downloads/7/images/all_images256/ELP_12MP_05.01.2023_167292025189.png
ELP_12MP_03.01.2023_167276695687.png,failure,downloads/7/images/all_images256/ELP_12MP_03.01.2023_167276695687.png
failure (116).jpg,failure,downloads/4/valid/failure/failure (116).jpg
ELP_12MP_14.02.2023_167640452086.png,failure,downloads/7/images/all_images256/ELP_12MP_14.02.2023_167640452086.png
ELP_12MP_23.02.2023_167718632632.png,failure,downloads/7/images/all_images256/ELP_12MP_23.02.2023_167718632632.png
ELP_12MP_22.12.2022_167171052891.png,failure,downloads/7/images/all_images256/ELP_12MP_22.12.2022_167171052891.png
ELP_12MP_22.12.2022_167171057731.png,failure,downloads/7/images/all_images256/ELP_12MP_22.12.2022_167171057731.png
ELP_12MP_05.01.2023_167292796656.png,failure,downloads/7/images/all_images256/ELP_12MP_05.01.2023_167292796656.png
ELP_12MP_22.12.2022_167173612129.png,failure,downloads/7/images/all_images256/ELP_12MP_22.12.2022_167173612129.png
cv8id8asdfc41_jpg.rf.9ac3eb08e40d7097ac53b183605f6bdc.jpg,failure,downloads/2/train/cv8id8asdfc41_jpg.rf.9ac3eb08e40d7097ac53b183605f6bdc.jpg
FH5JEQSIHF6MY0Q_jpg.jpg,failure,downloads/1/train/FH5JEQSIHF6MY0Q_jpg.rf.49e42fa60160da80f997b28f2f9f1823.jpg
ELP_12MP_01.12.2022_166991200725.png,failure,downloads/7/images/all_images256/ELP_12MP_01.12.2022_166991200725.png
ELP_12MP_17.02.2023_167663954133.png,failure,downloads/7/images/all_images256/ELP_12MP_17.02.2023_167663954133.png
failure (28).jpg,failure,downloads/4/train/failure/failure (28).jpg
C3FHBKAXAAAE7CY_jpg.jpg,failure,downloads/1/train/C3FHBKAXAAAE7CY_jpg.rf.40f08eff4cd1974e5c6093f0dc3eae1d.jpg
ELP_12MP_14.02.2023_167641424588.png,failure,downloads/7/images/all_images256/ELP_12MP_14.02.2023_167641424588.png
ELP_12MP_22.12.2022_167172287211.png,failure,downloads/7/images/all_images256/ELP_12MP_22.12.2022_167172287211.png
ELP_12MP_10.01.2023_167337877143.png,failure,downloads/7/images/all_images256/ELP_12MP_10.01.2023_167337877143.png
Capture-d-ecran--574-_jpg.rf.0d85ed273dba033d7087823e6bd91ee5.jpg,failure,downloads/2/train/Capture-d-ecran--574-_jpg.rf.0d85ed273dba033d7087823e6bd91ee5.jpg
ELP_12MP_05.01.2023_167291878639.png,failure,downloads/7/images/all_images256/ELP_12MP_05.01.2023_167291878639.png
ELP_12MP_16.02.2023_167658231739.png,failure,downloads/7/images/all_images256/ELP_12MP_16.02.2023_167658231739.png
ELP_12MP_17.02.2023_167664402001.png,failure,downloads/7/images/all_images256/ELP_12MP_17.02.2023_167664402001.png
22_jpg.jpg,failure,downloads/1/test/22_jpg.rf.585ba8f920d9e59b14e7396ed435b5bf.jpg
imag-14-_jpg.jpg,failure,downloads/1/train/imag-14-_jpg.rf.3ef1e5d9a861cfbb344d2a6eedaac6f7.jpg
ELP_12MP_10.01.2023_167336448375.png,failure,downloads/7/images/all_images256/ELP_12MP_10.01.2023_167336448375.png
32_jpg.jpg,failure,downloads/1/valid/32_jpg.rf.e0ceeb55378f06aa4e3281849abfc672.jpg
vRQMKNk.png,failure,downloads/3/spaghetti/vRQMKNk.png
ELP_12MP_05.01.2023_167292019842.png,failure,downloads/7/images/all_images256/ELP_12MP_05.01.2023_167292019842.png
130_jpg.rf.64aa44bdf9efab03def3b7b91c7b783f.jpg,failure,downloads/5/train/130_jpg.rf.64aa44bdf9efab03def3b7b91c7b783f.jpg
ELP_12MP_16.02.2023_167658455783.png,failure,downloads/7/images/all_images256/ELP_12MP_16.02.2023_167658455783.png
ELP_12MP_17.02.2023_167664244568.png,failure,downloads/7/images/all_images256/ELP_12MP_17.02.2023_167664244568.png
ELP_12MP_03.01.2023_167276694215.png,failure,downloads/7/images/all_images256/ELP_12MP_03.01.2023_167276694215.png
ELP_12MP_01.12.2022_166991203211.png,failure,downloads/7/images/all_images256/ELP_12MP_01.12.2022_166991203211.png
ELP_12MP_10.01.2023_167337585985.png,failure,downloads/7/images/all_images256/ELP_12MP_10.01.2023_167337585985.png
ELP_12MP_11.01.2023_167344883037.png,failure,downloads/7/images/all_images256/ELP_12MP_11.01.2023_167344883037.png
C1UZKDsW8AAZ54B.jpg,failure,downloads/3/spaghetti/C1UZKDsW8AAZ54B.jpg
ELP_12MP_22.12.2022_167171037749.png,failure,downloads/7/images/all_images256/ELP_12MP_22.12.2022_167171037749.png
ELP_12MP_02.01.2023_167267449702.png,failure,downloads/7/images/all_images256/ELP_12MP_02.01.2023_167267449702.png
ELP_12MP_05.01.2023_167292010682.png,failure,downloads/7/images/all_images256/ELP_12MP_05.01.2023_167292010682.png
ELP_12MP_05.01.2023_167293219251.png,failure,downloads/7/images/all_images256/ELP_12MP_05.01.2023_167293219251.png
ELP_12MP_04.01.2023_167284693085.png,failure,downloads/7/images/all_images256/ELP_12MP_04.01.2023_167284693085.png
ELP_12MP_17.02.2023_167664284770.png,failure,downloads/7/images/all_images256/ELP_12MP_17.02.2023_167664284770.png
124_jpg.jpg,failure,downloads/1/valid/124_jpg.rf.3553feade039b47d31960507975e18c6.jpg
mistakes_cover-600x353_jpg.jpg,failure,downloads/1/train/mistakes_cover-600x353_jpg.rf.114ef4de5581feec55a345ca1c5430d5.jpg
spaghetti.jpg,failure,downloads/3/spaghetti/spaghetti.jpg
ELP_12MP_10.01.2023_167338838013.png,failure,downloads/7/images/all_images256/ELP_12MP_10.01.2023_167338838013.png
134_jpg.jpg,failure,downloads/1/test/134_jpg.rf.e28e9b4e6958fc47bce48ef2e6e354ef.jpg
ELP_12MP_05.01.2023_167292017106.png,failure,downloads/7/images/all_images256/ELP_12MP_05.01.2023_167292017106.png
failure (53).jpg,failure,downloads/4/train/failure/failure (53).jpg
ELP_12MP_03.01.2023_167276723252.png,failure,downloads/7/images/all_images256/ELP_12MP_03.01.2023_167276723252.png
ELP_12MP_04.01.2023_167284642409.png,failure,downloads/7/images/all_images256/ELP_12MP_04.01.2023_167284642409.png
ELP_12MP_10.01.2023_167338850387.png,failure,downloads/7/images/all_images256/ELP_12MP_10.01.2023_167338850387.png
ELP_12MP_03.01.2023_167277503561.png,failure,downloads/7/images/all_images256/ELP_12MP_03.01.2023_167277503561.png
ELP_12MP_06.12.2022_167033756243.png,failure,downloads/7/images/all_images256/ELP_12MP_06.12.2022_167033756243.png
ELP_12MP_14.02.2023_167641334099.png,failure,downloads/7/images/all_images256/ELP_12MP_14.02.2023_167641334099.png
ELP_12MP_20.12.2022_167154775974.png,failure,downloads/7/images/all_images256/ELP_12MP_20.12.2022_167154775974.png
ELP_12MP_03.01.2023_167276049987.png,failure,downloads/7/images/all_images256/ELP_12MP_03.01.2023_167276049987.png
ELP_12MP_05.01.2023_167294378350.png,failure,downloads/7/images/all_images256/ELP_12MP_05.01.2023_167294378350.png
ELP_12MP_23.02.2023_167718311786.png,failure,downloads/7/images/all_images256/ELP_12MP_23.02.2023_167718311786.png
ELP_12MP_03.01.2023_167276700886.png,failure,downloads/7/images/all_images256/ELP_12MP_03.01.2023_167276700886.png
ELP_12MP_02.01.2023_167267456420.png,failure,downloads/7/images/all_images256/ELP_12MP_02.01.2023_167267456420.png
ELP_12MP_06.01.2023_167301140983.png,failure,downloads/7/images/all_images256/ELP_12MP_06.01.2023_167301140983.png
ELP_12MP_16.02.2023_167658469536.png,failure,downloads/7/images/all_images256/ELP_12MP_16.02.2023_167658469536.png
ELP_12MP_05.01.2023_167291898519.png,failure,downloads/7/images/all_images256/ELP_12MP_05.01.2023_167291898519.png
WhatsApp-Image-2023-03-21-at-01-40-27_cropped_jpg.jpg,failure,downloads/1/train/WhatsApp-Image-2023-03-21-at-01-40-27_cropped_jpg.rf.9172af91df710e742ab44b258899c5fd.jpg
ELP_12MP_02.12.2022_166999796317.png,failure,downloads/7/images/all_images256/ELP_12MP_02.12.2022_166999796317.png
ELP_12MP_22.12.2022_167172642620.png,failure,downloads/7/images/all_images256/ELP_12MP_22.12.2022_167172642620.png
ELP_12MP_11.01.2023_167344351204.png,failure,downloads/7/images/all_images256/ELP_12MP_11.01.2023_167344351204.png
ELP_12MP_10.01.2023_167338079427.png,failure,downloads/7/images/all_images256/ELP_12MP_10.01.2023_167338079427.png
ELP_12MP_01.12.2022_166991225771.png,failure,downloads/7/images/all_images256/ELP_12MP_01.12.2022_166991225771.png
ELP_12MP_03.01.2023_167277493416.png,failure,downloads/7/images/all_images256/ELP_12MP_03.01.2023_167277493416.png
ELP_12MP_03.01.2023_167276731440.png,failure,downloads/7/images/all_images256/ELP_12MP_03.01.2023_167276731440.png
ELP_12MP_01.12.2022_166991230340.png,failure,downloads/7/images/all_images256/ELP_12MP_01.12.2022_166991230340.png
ELP_12MP_15.02.2023_167646956031.png,failure,downloads/7/images/all_images256/ELP_12MP_15.02.2023_167646956031.png
imag-174-_jpg.jpg,failure,downloads/1/train/imag-174-_jpg.rf.2b0bb9f554251849153d105c8727ec5a.jpg
ELP_12MP_03.01.2023_167275909914.png,failure,downloads/7/images/all_images256/ELP_12MP_03.01.2023_167275909914.png
ELP_12MP_22.12.2022_167170848794.png,failure,downloads/7/images/all_images256/ELP_12MP_22.12.2022_167170848794.png
ELP_12MP_10.01.2023_167338084347.png,failure,downloads/7/images/all_images256/ELP_12MP_10.01.2023_167338084347.png
ELP_12MP_05.01.2023_167293218577.png,failure,downloads/7/images/all_images256/ELP_12MP_05.01.2023_167293218577.png
ELP_12MP_02.12.2022_166999826152.png,failure,downloads/7/images/all_images256/ELP_12MP_02.12.2022_166999826152.png
ELP_12MP_10.01.2023_167339122859.png,failure,downloads/7/images/all_images256/ELP_12MP_10.01.2023_167339122859.png
ELP_12MP_21.12.2022_167165118048.png,failure,downloads/7/images/all_images256/ELP_12MP_21.12.2022_167165118048.png
ELP_12MP_08.01.2023_167319218085.png,failure,downloads/7/images/all_images256/ELP_12MP_08.01.2023_167319218085.png
ELP_12MP_03.01.2023_167276713030.png,failure,downloads/7/images/all_images256/ELP_12MP_03.01.2023_167276713030.png
ELP_12MP_10.01.2023_167337866477.png,failure,downloads/7/images/all_images256/ELP_12MP_10.01.2023_167337866477.png
ELP_12MP_06.01.2023_167301048273.png,failure,downloads/7/images/all_images256/ELP_12MP_06.01.2023_167301048273.png
ELP_12MP_22.12.2022_167173380520.png,failure,downloads/7/images/all_images256/ELP_12MP_22.12.2022_167173380520.png
ELP_12MP_11.01.2023_167344347506.png,failure,downloads/7/images/all_images256/ELP_12MP_11.01.2023_167344347506.png
maxresdefault-2-_jpg.jpg,failure,downloads/1/train/maxresdefault-2-_jpg.rf.3bdce43829735ad3484f77ced65e308c.jpg
ELP_12MP_22.12.2022_167170891036.png,failure,downloads/7/images/all_images256/ELP_12MP_22.12.2022_167170891036.png
ELP_12MP_05.01.2023_167293943410.png,failure,downloads/7/images/all_images256/ELP_12MP_05.01.2023_167293943410.png
ELP_12MP_10.01.2023_167338257602.png,failure,downloads/7/images/all_images256/ELP_12MP_10.01.2023_167338257602.png
ELP_12MP_04.01.2023_167284897215.png,failure,downloads/7/images/all_images256/ELP_12MP_04.01.2023_167284897215.png
failure (12).jpg,failure,downloads/4/train/failure/failure (12).jpg
ELP_12MP_03.01.2023_167276046295.png,failure,downloads/7/images/all_images256/ELP_12MP_03.01.2023_167276046295.png
ELP_12MP_04.01.2023_167284895364.png,failure,downloads/7/images/all_images256/ELP_12MP_04.01.2023_167284895364.png
ELP_12MP_17.02.2023_167663971991.png,failure,downloads/7/images/all_images256/ELP_12MP_17.02.2023_167663971991.png
ELP_12MP_22.12.2022_167171056002.png,failure,downloads/7/images/all_images256/ELP_12MP_22.12.2022_167171056002.png
ELP_12MP_10.01.2023_167339123548.png,failure,downloads/7/images/all_images256/ELP_12MP_10.01.2023_167339123548.png
ELP_12MP_03.01.2023_167275897292.png,failure,downloads/7/images/all_images256/ELP_12MP_03.01.2023_167275897292.png
ELP_12MP_03.01.2023_167277483765.png,failure,downloads/7/images/all_images256/ELP_12MP_03.01.2023_167277483765.png
ELP_12MP_10.01.2023_167338268141.png,failure,downloads/7/images/all_images256/ELP_12MP_10.01.2023_167338268141.png
ELP_12MP_05.01.2023_167291753846.png,failure,downloads/7/images/all_images256/ELP_12MP_05.01.2023_167291753846.png
ELP_12MP_11.01.2023_167344855263.png,failure,downloads/7/images/all_images256/ELP_12MP_11.01.2023_167344855263.png
ELP_12MP_17.02.2023_167664747490.png,failure,downloads/7/images/all_images256/ELP_12MP_17.02.2023_167664747490.png
ELP_12MP_10.01.2023_167336429198.png,failure,downloads/7/images/all_images256/ELP_12MP_10.01.2023_167336429198.png
146_jpg.jpg,failure,downloads/1/valid/146_jpg.rf.4c8cfdca043f7a09a29446d3b4cf8735.jpg
ELP_12MP_03.01.2023_167275907326.png,failure,downloads/7/images/all_images256/ELP_12MP_03.01.2023_167275907326.png
ELP_12MP_22.12.2022_167171126724.png,failure,downloads/7/images/all_images256/ELP_12MP_22.12.2022_167171126724.png
ELP_12MP_22.12.2022_167171048957.png,failure,downloads/7/images/all_images256/ELP_12MP_22.12.2022_167171048957.png
ELP_12MP_21.12.2022_167165044535.png,failure,downloads/7/images/all_images256/ELP_12MP_21.12.2022_167165044535.png
ELP_12MP_15.02.2023_167647357213.png,failure,downloads/7/images/all_images256/ELP_12MP_15.02.2023_167647357213.png
ELP_12MP_03.01.2023_167277500861.png,failure,downloads/7/images/all_images256/ELP_12MP_03.01.2023_167277500861.png
ELP_12MP_05.01.2023_167292021259.png,failure,downloads/7/images/all_images256/ELP_12MP_05.01.2023_167292021259.png
ELP_12MP_03.01.2023_167276056535.png,failure,downloads/7/images/all_images256/ELP_12MP_03.01.2023_167276056535.png
ELP_12MP_05.01.2023_167291749605.png,failure,downloads/7/images/all_images256/ELP_12MP_05.01.2023_167291749605.png
ELP_12MP_10.01.2023_167338977116.png,failure,downloads/7/images/all_images256/ELP_12MP_10.01.2023_167338977116.png
ELP_12MP_04.01.2023_167284899006.png,failure,downloads/7/images/all_images256/ELP_12MP_04.01.2023_167284899006.png
ELP_12MP_22.12.2022_167171111177.png,failure,downloads/7/images/all_images256/ELP_12MP_22.12.2022_167171111177.png
ELP_12MP_05.01.2023_167292682024.png,failure,downloads/7/images/all_images256/ELP_12MP_05.01.2023_167292682024.png
ELP_12MP_15.02.2023_167647008988.png,failure,downloads/7/images/all_images256/ELP_12MP_15.02.2023_167647008988.png
ELP_12MP_21.12.2022_167165163175.png,failure,downloads/7/images/all_images256/ELP_12MP_21.12.2022_167165163175.png
ELP_12MP_11.01.2023_167344307334.png,failure,downloads/7/images/all_images256/ELP_12MP_11.01.2023_167344307334.png
ELP_12MP_03.01.2023_167277510333.png,failure,downloads/7/images/all_images256/ELP_12MP_03.01.2023_167277510333.png
ELP_12MP_20.12.2022_167154419221.png,failure,downloads/7/images/all_images256/ELP_12MP_20.12.2022_167154419221.png
i.jpg,failure,downloads/3/spaghetti/i.jpg
ELP_12MP_02.01.2023_167267422772.png,failure,downloads/7/images/all_images256/ELP_12MP_02.01.2023_167267422772.png
ELP_12MP_01.12.2022_166991243966.png,failure,downloads/7/images/all_images256/ELP_12MP_01.12.2022_166991243966.png
ELP_12MP_08.01.2023_167318636073.png,failure,downloads/7/images/all_images256/ELP_12MP_08.01.2023_167318636073.png
ELP_12MP_14.02.2023_167640487916.png,failure,downloads/7/images/all_images256/ELP_12MP_14.02.2023_167640487916.png
ELP_12MP_14.02.2023_167640442492.png,failure,downloads/7/images/all_images256/ELP_12MP_14.02.2023_167640442492.png
ELP_12MP_05.01.2023_167292056012.png,failure,downloads/7/images/all_images256/ELP_12MP_05.01.2023_167292056012.png
ELP_12MP_02.01.2023_167267446592.png,failure,downloads/7/images/all_images256/ELP_12MP_02.01.2023_167267446592.png
failure (45).jpg,failure,downloads/4/train/failure/failure (45).jpg
ELP_12MP_17.02.2023_167664746749.png,failure,downloads/7/images/all_images256/ELP_12MP_17.02.2023_167664746749.png
ELP_12MP_29.11.2022_166975431291.png,failure,downloads/7/images/all_images256/ELP_12MP_29.11.2022_166975431291.png
ELP_12MP_05.01.2023_167292682020.png,failure,downloads/7/images/all_images256/ELP_12MP_05.01.2023_167292682020.png
ELP_12MP_29.11.2022_166974723276.png,failure,downloads/7/images/all_images256/ELP_12MP_29.11.2022_166974723276.png
ELP_12MP_04.01.2023_167284692566.png,failure,downloads/7/images/all_images256/ELP_12MP_04.01.2023_167284692566.png
tsd-rwg42985-via-youtube-200923.jpg,failure,downloads/3/spaghetti/tsd-rwg42985-via-youtube-200923.jpg
ELP_12MP_08.01.2023_167318636077.png,failure,downloads/7/images/all_images256/ELP_12MP_08.01.2023_167318636077.png
ELP_12MP_02.01.2023_167267461897.png,failure,downloads/7/images/all_images256/ELP_12MP_02.01.2023_167267461897.png
images-7-_jpg.jpg,failure,downloads/1/train/images-7-_jpg.rf.7fa4c3cf8786cf6f00f979506ac17f97.jpg
ELP_12MP_03.01.2023_167275923531.png,failure,downloads/7/images/all_images256/ELP_12MP_03.01.2023_167275923531.png
ELP_12MP_02.01.2023_167267422776.png,failure,downloads/7/images/all_images256/ELP_12MP_02.01.2023_167267422776.png
ELP_12MP_15.02.2023_167646969819.png,failure,downloads/7/images/all_images256/ELP_12MP_15.02.2023_167646969819.png
ELP_12MP_03.01.2023_167277507663.png,failure,downloads/7/images/all_images256/ELP_12MP_03.01.2023_167277507663.png
failure (44).jpg,failure,downloads/4/train/failure/failure (44).jpg
ELP_12MP_14.02.2023_167639718728.png,failure,downloads/7/images/all_images256/ELP_12MP_14.02.2023_167639718728.png
ELP_12MP_03.01.2023_167275906014.png,failure,downloads/7/images/all_images256/ELP_12MP_03.01.2023_167275906014.png
failed-toothbrush_jpg.rf.0749250524ed5323bc83adb74aecda04.jpg,failure,downloads/2/train/failed-toothbrush_jpg.rf.0749250524ed5323bc83adb74aecda04.jpg
ELP_12MP_11.01.2023_167344855267.png,failure,downloads/7/images/all_images256/ELP_12MP_11.01.2023_167344855267.png
ELP_12MP_14.02.2023_167639972659.png,failure,downloads/7/images/all_images256/ELP_12MP_14.02.2023_167639972659.png
ELP_12MP_04.01.2023_167284640385.png,failure,downloads/7/images/all_images256/ELP_12MP_04.01.2023_167284640385.png
ELP_12MP_05.01.2023_167293127277.png,failure,downloads/7/images/all_images256/ELP_12MP_05.01.2023_167293127277.png
ELP_12MP_11.01.2023_167344900500.png,failure,downloads/7/images/all_images256/ELP_12MP_11.01.2023_167344900500.png
ELP_12MP_05.01.2023_167292032221.png,failure,downloads/7/images/all_images256/ELP_12MP_05.01.2023_167292032221.png
FM637CFIHF6MY36_jpg.rf.06fffdaa88c2a3abe7d392032d438d37.jpg,failure,downloads/2/train/FM637CFIHF6MY36_jpg.rf.06fffdaa88c2a3abe7d392032d438d37.jpg
ELP_12MP_04.01.2023_167284638564.png,failure,downloads/7/images/all_images256/ELP_12MP_04.01.2023_167284638564.png
ELP_12MP_02.01.2023_167267425964.png,failure,downloads/7/images/all_images256/ELP_12MP_02.01.2023_167267425964.png
ELP_12MP_14.02.2023_167641294613.png,failure,downloads/7/images/all_images256/ELP_12MP_14.02.2023_167641294613.png
ELP_12MP_22.12.2022_167173434231.png,failure,downloads/7/images/all_images256/ELP_12MP_22.12.2022_167173434231.png
ELP_12MP_17.02.2023_167664750329.png,failure,downloads/7/images/all_images256/ELP_12MP_17.02.2023_167664750329.png
ELP_12MP_29.11.2022_166975485250.png,failure,downloads/7/images/all_images256/ELP_12MP_29.11.2022_166975485250.png
ELP_12MP_08.01.2023_167318700937.png,failure,downloads/7/images/all_images256/ELP_12MP_08.01.2023_167318700937.png
ELP_12MP_14.02.2023_167639712749.png,failure,downloads/7/images/all_images256/ELP_12MP_14.02.2023_167639712749.png
ELP_12MP_21.12.2022_167165171777.png,failure,downloads/7/images/all_images256/ELP_12MP_21.12.2022_167165171777.png
ELP_12MP_06.12.2022_167033757788.png,failure,downloads/7/images/all_images256/ELP_12MP_06.12.2022_167033757788.png
ELP_12MP_10.01.2023_167338259159.png,failure,downloads/7/images/all_images256/ELP_12MP_10.01.2023_167338259159.png
ELP_12MP_06.12.2022_167033754281.png,failure,downloads/7/images/all_images256/ELP_12MP_06.12.2022_167033754281.png
ELP_12MP_11.01.2023_167344317335.png,failure,downloads/7/images/all_images256/ELP_12MP_11.01.2023_167344317335.png
ELP_12MP_22.12.2022_167171056990.png,failure,downloads/7/images/all_images256/ELP_12MP_22.12.2022_167171056990.png
ELP_12MP_11.01.2023_167343696321.png,failure,downloads/7/images/all_images256/ELP_12MP_11.01.2023_167343696321.png
failure (13).jpg,failure,downloads/4/train/failure/failure (13).jpg
ELP_12MP_08.01.2023_167318707902.png,failure,downloads/7/images/all_images256/ELP_12MP_08.01.2023_167318707902.png
ELP_12MP_05.01.2023_167291743660.png,failure,downloads/7/images/all_images256/ELP_12MP_05.01.2023_167291743660.png
51_jpg.jpg,failure,downloads/1/valid/51_jpg.rf.a036af57948b66677e5748ca15f6ca04.jpg
ELP_12MP_10.01.2023_167338987961.png,failure,downloads/7/images/all_images256/ELP_12MP_10.01.2023_167338987961.png
ELP_12MP_06.12.2022_167033867246.png,failure,downloads/7/images/all_images256/ELP_12MP_06.12.2022_167033867246.png
41_jpg.jpg,failure,downloads/1/valid/41_jpg.rf.2d0c888ffed8aa3ed625651e4b7b9b59.jpg
Failed-3D-Print_png.jpg,failure,downloads/1/train/Failed-3D-Print_png.rf.8b13d747971753c93669c02a13e94c69.jpg
ELP_12MP_04.01.2023_167284897211.png,failure,downloads/7/images/all_images256/ELP_12MP_04.01.2023_167284897211.png
ELP_12MP_03.01.2023_167275915518.png,failure,downloads/7/images/all_images256/ELP_12MP_03.01.2023_167275915518.png
ELP_12MP_22.12.2022_167173380524.png,failure,downloads/7/images/all_images256/ELP_12MP_22.12.2022_167173380524.png
ELP_12MP_10.01.2023_167337867779.png,failure,downloads/7/images/all_images256/ELP_12MP_10.01.2023_167337867779.png
ELP_12MP_15.02.2023_167646941398.png,failure,downloads/7/images/all_images256/ELP_12MP_15.02.2023_167646941398.png
benchy_fail_20201005_010753_jpg.rf.21ab0502cfd39d923cc687d106b120a7.jpg,failure,downloads/2/train/benchy_fail_20201005_010753_jpg.rf.21ab0502cfd39d923cc687d106b120a7.jpg
ELP_12MP_03.01.2023_167276713034.png,failure,downloads/7/images/all_images256/ELP_12MP_03.01.2023_167276713034.png
ELP_12MP_22.12.2022_167172860881.png,failure,downloads/7/images/all_images256/ELP_12MP_22.12.2022_167172860881.png
ELP_12MP_03.01.2023_167275926717.png,failure,downloads/7/images/all_images256/ELP_12MP_03.01.2023_167275926717.png
ELP_12MP_10.01.2023_167337603023.png,failure,downloads/7/images/all_images256/ELP_12MP_10.01.2023_167337603023.png
ELP_12MP_17.02.2023_167663963573.png,failure,downloads/7/images/all_images256/ELP_12MP_17.02.2023_167663963573.png
ELP_12MP_05.01.2023_167292680555.png,failure,downloads/7/images/all_images256/ELP_12MP_05.01.2023_167292680555.png
ELP_12MP_14.02.2023_167641443099.png,failure,downloads/7/images/all_images256/ELP_12MP_14.02.2023_167641443099.png
ELP_12MP_16.02.2023_167657134284.png,failure,downloads/7/images/all_images256/ELP_12MP_16.02.2023_167657134284.png
gfdim8oam0e51_jpg.rf.1a107061df0d0f4d52e22303f9007bb6.jpg,failure,downloads/2/train/gfdim8oam0e51_jpg.rf.1a107061df0d0f4d52e22303f9007bb6.jpg
ELP_12MP_16.02.2023_167658230807.png,failure,downloads/7/images/all_images256/ELP_12MP_16.02.2023_167658230807.png
ELP_12MP_06.01.2023_167301154931.png,failure,downloads/7/images/all_images256/ELP_12MP_06.01.2023_167301154931.png
ELP_12MP_05.01.2023_167291903073.png,failure,downloads/7/images/all_images256/ELP_12MP_05.01.2023_167291903073.png
ELP_12MP_11.01.2023_167344360793.png,failure,downloads/7/images/all_images256/ELP_12MP_11.01.2023_167344360793.png
Capture-d-ecran--258-_jpg.rf.41ac8a823537a324919233077ef5a2f4.jpg,failure,downloads/2/train/Capture-d-ecran--258-_jpg.rf.41ac8a823537a324919233077ef5a2f4.jpg
33_jpg.jpg,failure,downloads/1/valid/33_jpg.rf.60199eba790106e54de3e1857bea89b3.jpg
ELP_12MP_02.12.2022_166999669462.png,failure,downloads/7/images/all_images256/ELP_12MP_02.12.2022_166999669462.png
ELP_12MP_22.12.2022_167171256647.png,failure,downloads/7/images/all_images256/ELP_12MP_22.12.2022_167171256647.png
ELP_12MP_02.01.2023_167267443001.png,failure,downloads/7/images/all_images256/ELP_12MP_02.01.2023_167267443001.png
ELP_12MP_03.01.2023_167276721864.png,failure,downloads/7/images/all_images256/ELP_12MP_03.01.2023_167276721864.png
ELP_12MP_05.01.2023_167292799979.png,failure,downloads/7/images/all_images256/ELP_12MP_05.01.2023_167292799979.png
ELP_12MP_05.01.2023_167292678239.png,failure,downloads/7/images/all_images256/ELP_12MP_05.01.2023_167292678239.png
ELP_12MP_03.01.2023_167276049983.png,failure,downloads/7/images/all_images256/ELP_12MP_03.01.2023_167276049983.png
ELP_12MP_05.01.2023_167291890828.png,failure,downloads/7/images/all_images256/ELP_12MP_05.01.2023_167291890828.png
ELP_12MP_11.01.2023_167343983296.png,failure,downloads/7/images/all_images256/ELP_12MP_11.01.2023_167343983296.png
23_jpg.jpg,failure,downloads/1/valid/23_jpg.rf.2258900b1b965c573c7a1c99cdc85c4b.jpg
ELP_12MP_05.01.2023_167292002094.png,failure,downloads/7/images/all_images256/ELP_12MP_05.01.2023_167292002094.png
ELP_12MP_02.12.2022_166999710189.png,failure,downloads/7/images/all_images256/ELP_12MP_02.12.2022_166999710189.png
ELP_12MP_21.12.2022_167165748226.png,failure,downloads/7/images/all_images256/ELP_12MP_21.12.2022_167165748226.png
ELP_12MP_02.01.2023_167267444034.png,failure,downloads/7/images/all_images256/ELP_12MP_02.01.2023_167267444034.png
ELP_12MP_02.01.2023_167267456424.png,failure,downloads/7/images/all_images256/ELP_12MP_02.01.2023_167267456424.png
ELP_12MP_02.12.2022_166999677674.png,failure,downloads/7/images/all_images256/ELP_12MP_02.12.2022_166999677674.png
ELP_12MP_05.01.2023_167292047053.png,failure,downloads/7/images/all_images256/ELP_12MP_05.01.2023_167292047053.png
ELP_12MP_21.12.2022_167165776121.png,failure,downloads/7/images/all_images256/ELP_12MP_21.12.2022_167165776121.png
ELP_12MP_17.02.2023_167664235424.png,failure,downloads/7/images/all_images256/ELP_12MP_17.02.2023_167664235424.png
ELP_12MP_03.01.2023_167277503565.png,failure,downloads/7/images/all_images256/ELP_12MP_03.01.2023_167277503565.png
failure (52).jpg,failure,downloads/4/train/failure/failure (52).jpg
Snmek-obrazovky-2022-04-01-213704_jpg.jpg,failure,downloads/1/test/Snmek-obrazovky-2022-04-01-213704_jpg.rf.37332e9294245a05ffea02eaea624330.jpg
ELP_12MP_03.01.2023_167276695682.png,failure,downloads/7/images/all_images256/ELP_12MP_03.01.2023_167276695682.png
ELP_12MP_22.12.2022_167172890838.png,failure,downloads/7/images/all_images256/ELP_12MP_22.12.2022_167172890838.png
Beautiful_Failures_-41.jpg,failure,downloads/3/spaghetti/Beautiful_Failures_-41.jpg
ELP_12MP_05.01.2023_167292023264.png,failure,downloads/7/images/all_images256/ELP_12MP_05.01.2023_167292023264.png
o_jpg.jpg,failure,downloads/1/train/o_jpg.rf.5dda05b319c0bca99bc66401326f37c2.jpg
ELP_12MP_03.01.2023_167276714411.png,failure,downloads/7/images/all_images256/ELP_12MP_03.01.2023_167276714411.png
ELP_12MP_03.01.2023_167276685308.png,failure,downloads/7/images/all_images256/ELP_12MP_03.01.2023_167276685308.png
ELP_12MP_03.01.2023_167276692112.png,failure,downloads/7/images/all_images256/ELP_12MP_03.01.2023_167276692112.png
ELP_12MP_14.02.2023_167641310329.png,failure,downloads/7/images/all_images256/ELP_12MP_14.02.2023_167641310329.png
ELP_12MP_11.01.2023_167344151079.png,failure,downloads/7/images/all_images256/ELP_12MP_11.01.2023_167344151079.png
ELP_12MP_01.12.2022_166991200720.png,failure,downloads/7/images/all_images256/ELP_12MP_01.12.2022_166991200720.png
ELP_12MP_17.02.2023_167664300460.png,failure,downloads/7/images/all_images256/ELP_12MP_17.02.2023_167664300460.png
ELP_12MP_10.01.2023_167338047730.png,failure,downloads/7/images/all_images256/ELP_12MP_10.01.2023_167338047730.png
ELP_12MP_03.01.2023_167276717124.png,failure,downloads/7/images/all_images256/ELP_12MP_03.01.2023_167276717124.png
ELP_12MP_02.01.2023_167267453038.png,failure,downloads/7/images/all_images256/ELP_12MP_02.01.2023_167267453038.png
ELP_12MP_05.01.2023_167291760318.png,failure,downloads/7/images/all_images256/ELP_12MP_05.01.2023_167291760318.png
ELP_12MP_05.01.2023_167292010686.png,failure,downloads/7/images/all_images256/ELP_12MP_05.01.2023_167292010686.png
ELP_12MP_14.02.2023_167640573924.png,failure,downloads/7/images/all_images256/ELP_12MP_14.02.2023_167640573924.png
failure (29).jpg,failure,downloads/4/train/failure/failure (29).jpg
ELP_12MP_05.01.2023_167291795838.png,failure,downloads/7/images/all_images256/ELP_12MP_05.01.2023_167291795838.png
ELP_12MP_04.01.2023_167284884867.png,failure,downloads/7/images/all_images256/ELP_12MP_04.01.2023_167284884867.png
ELP_12MP_01.12.2022_166991241769.png,failure,downloads/7/images/all_images256/ELP_12MP_01.12.2022_166991241769.png
ELP_12MP_20.12.2022_167154409194.png,failure,downloads/7/images/all_images256/ELP_12MP_20.12.2022_167154409194.png
ELP_12MP_01.12.2022_166991195594.png,failure,downloads/7/images/all_images256/ELP_12MP_01.12.2022_166991195594.png
ELP_12MP_20.12.2022_167154569112.png,failure,downloads/7/images/all_images256/ELP_12MP_20.12.2022_167154569112.png
ELP_12MP_11.01.2023_167343405645.png,failure,downloads/7/images/all_images256/ELP_12MP_11.01.2023_167343405645.png
ELP_12MP_03.01.2023_167276717119.png,failure,downloads/7/images/all_images256/ELP_12MP_03.01.2023_167276717119.png
ELP_12MP_29.11.2022_166975435633.png,failure,downloads/7/images/all_images256/ELP_12MP_29.11.2022_166975435633.png
20180528_212845_jpg.rf.3f67f5a8309553095a52e8ffb19631d7.jpg,failure,downloads/5/train/20180528_212845_jpg.rf.3f67f5a8309553095a52e8ffb19631d7.jpg
ELP_12MP_10.01.2023_167336887837.png,failure,downloads/7/images/all_images256/ELP_12MP_10.01.2023_167336887837.png
ELP_12MP_05.01.2023_167292034719.png,failure,downloads/7/images/all_images256/ELP_12MP_05.01.2023_167292034719.png
ELP_12MP_03.01.2023_167277490318.png,failure,downloads/7/images/all_images256/ELP_12MP_03.01.2023_167277490318.png
ELP_12MP_22.12.2022_167172885575.png,failure,downloads/7/images/all_images256/ELP_12MP_22.12.2022_167172885575.png
ELP_12MP_05.01.2023_167292791667.png,failure,downloads/7/images/all_images256/ELP_12MP_05.01.2023_167292791667.png
ELP_12MP_22.12.2022_167173334335.png,failure,downloads/7/images/all_images256/ELP_12MP_22.12.2022_167173334335.png
ELP_12MP_03.01.2023_167275896599.png,failure,downloads/7/images/all_images256/ELP_12MP_03.01.2023_167275896599.png
ELP_12MP_08.01.2023_167318737208.png,failure,downloads/7/images/all_images256/ELP_12MP_08.01.2023_167318737208.png
Capture-d-ecran--367-_jpg.rf.32575758c18a145e0fb1267ed8aefda6.jpg,failure,downloads/2/train/Capture-d-ecran--367-_jpg.rf.32575758c18a145e0fb1267ed8aefda6.jpg
ELP_12MP_05.01.2023_167292681306.png,failure,downloads/7/images/all_images256/ELP_12MP_05.01.2023_167292681306.png
ELP_12MP_11.01.2023_167344151093.png,failure,downloads/7/images/all_images256/ELP_12MP_11.01.2023_167344151093.png
ELP_12MP_17.02.2023_167664752675.png,failure,downloads/7/images/all_images256/ELP_12MP_17.02.2023_167664752675.png
failure (117).jpg,failure,downloads/4/valid/failure/failure (117).jpg
ELP_12MP_03.01.2023_167276723257.png,failure,downloads/7/images/all_images256/ELP_12MP_03.01.2023_167276723257.png
unnamed_png.rf.95af9a2dd814a0bb571f51128e9f0f35.jpg,failure,downloads/5/train/unnamed_png.rf.95af9a2dd814a0bb571f51128e9f0f35.jpg
ELP_12MP_02.12.2022_166999847634.png,failure,downloads/7/images/all_images256/ELP_12MP_02.12.2022_166999847634.png
ELP_12MP_06.01.2023_167300862255.png,failure,downloads/7/images/all_images256/ELP_12MP_06.01.2023_167300862255.png
ELP_12MP_14.02.2023_167639716894.png,failure,downloads/7/images/all_images256/ELP_12MP_14.02.2023_167639716894.png
ELP_12MP_22.12.2022_167171356493.png,failure,downloads/7/images/all_images256/ELP_12MP_22.12.2022_167171356493.png
Capture-d-ecran--575-_jpg.rf.27ee5886ca809606eb84ea80412b61d7.jpg,failure,downloads/2/train/Capture-d-ecran--575-_jpg.rf.27ee5886ca809606eb84ea80412b61d7.jpg
ELP_12MP_03.01.2023_167276062291.png,failure,downloads/7/images/all_images256/ELP_12MP_03.01.2023_167276062291.png
ELP_12MP_10.01.2023_167337880083.png,failure,downloads/7/images/all_images256/ELP_12MP_10.01.2023_167337880083.png
ELP_12MP_03.01.2023_167275919519.png,failure,downloads/7/images/all_images256/ELP_12MP_03.01.2023_167275919519.png
ELP_12MP_05.01.2023_167291787794.png,failure,downloads/7/images/all_images256/ELP_12MP_05.01.2023_167291787794.png
ELP_12MP_14.02.2023_167639822325.png,failure,downloads/7/images/all_images256/ELP_12MP_14.02.2023_167639822325.png
error_jpg.jpg,failure,downloads/1/train/error_jpg.rf.401f3600f8fd41df8c7dc44c529af427.jpg
failure (91).jpg,failure,downloads/4/train/failure/failure (91).jpg
ELP_12MP_03.01.2023_167277515851.png,failure,downloads/7/images/all_images256/ELP_12MP_03.01.2023_167277515851.png
ELP_12MP_02.12.2022_166999722674.png,failure,downloads/7/images/all_images256/ELP_12MP_02.12.2022_166999722674.png
ELP_12MP_16.02.2023_167657098190.png,failure,downloads/7/images/all_images256/ELP_12MP_16.02.2023_167657098190.png
ELP_12MP_22.12.2022_167170909861.png,failure,downloads/7/images/all_images256/ELP_12MP_22.12.2022_167170909861.png
ELP_12MP_16.02.2023_167656987295.png,failure,downloads/7/images/all_images256/ELP_12MP_16.02.2023_167656987295.png
Capture-d-ecran--334-_jpg.rf.55731de6e40b08d1eda4fce32690f6df.jpg,failure,downloads/2/test/Capture-d-ecran--334-_jpg.rf.55731de6e40b08d1eda4fce32690f6df.jpg
ELP_12MP_05.01.2023_167292891054.png,failure,downloads/7/images/all_images256/ELP_12MP_05.01.2023_167292891054.png
ELP_12MP_10.01.2023_167338349571.png,failure,downloads/7/images/all_images256/ELP_12MP_10.01.2023_167338349571.png
failure (140).jpg,failure,downloads/4/valid/failure/failure (140).jpg
ELP_12MP_05.01.2023_167292677686.png,failure,downloads/7/images/all_images256/ELP_12MP_05.01.2023_167292677686.png
ELP_12MP_02.12.2022_166999718517.png,failure,downloads/7/images/all_images256/ELP_12MP_02.12.2022_166999718517.png
ELP_12MP_03.01.2023_167275916831.png,failure,downloads/7/images/all_images256/ELP_12MP_03.01.2023_167275916831.png
ELP_12MP_05.01.2023_167291785626.png,failure,downloads/7/images/all_images256/ELP_12MP_05.01.2023_167291785626.png
ELP_12MP_04.01.2023_167284924810.png,failure,downloads/7/images/all_images256/ELP_12MP_04.01.2023_167284924810.png
ELP_12MP_05.01.2023_167291745402.png,failure,downloads/7/images/all_images256/ELP_12MP_05.01.2023_167291745402.png
_69324806_legs_jpg.jpg,failure,downloads/1/train/_69324806_legs_jpg.rf.6b3a290e3b4943db7576fee871dd6444.jpg
ELP_12MP_10.01.2023_167339121560.png,failure,downloads/7/images/all_images256/ELP_12MP_10.01.2023_167339121560.png
ELP_12MP_05.01.2023_167292057057.png,failure,downloads/7/images/all_images256/ELP_12MP_05.01.2023_167292057057.png
ELP_12MP_06.01.2023_167301140979.png,failure,downloads/7/images/all_images256/ELP_12MP_06.01.2023_167301140979.png
ELP_12MP_22.12.2022_167172642625.png,failure,downloads/7/images/all_images256/ELP_12MP_22.12.2022_167172642625.png
ELP_12MP_16.02.2023_167656917137.png,failure,downloads/7/images/all_images256/ELP_12MP_16.02.2023_167656917137.png
135_jpg.jpg,failure,downloads/1/test/135_jpg.rf.3fed3018ae17cb86b77cc6731b2449c1.jpg
ELP_12MP_03.01.2023_167275918834.png,failure,downloads/7/images/all_images256/ELP_12MP_03.01.2023_167275918834.png
ELP_12MP_21.12.2022_167165143868.png,failure,downloads/7/images/all_images256/ELP_12MP_21.12.2022_167165143868.png
ELP_12MP_10.01.2023_167339025706.png,failure,downloads/7/images/all_images256/ELP_12MP_10.01.2023_167339025706.png
ELP_12MP_14.02.2023_167639841899.png,failure,downloads/7/images/all_images256/ELP_12MP_14.02.2023_167639841899.png
ELP_12MP_05.01.2023_167291995038.png,failure,downloads/7/images/all_images256/ELP_12MP_05.01.2023_167291995038.png
125_jpg.jpg,failure,downloads/1/valid/125_jpg.rf.2f60ed8ddd573d5aff54ef15a5ff52b0.jpg
ELP_12MP_22.12.2022_167171111576.png,failure,downloads/7/images/all_images256/ELP_12MP_22.12.2022_167171111576.png
failure (68).jpg,failure,downloads/4/train/failure/failure (68).jpg
ELP_12MP_14.02.2023_167641443675.png,failure,downloads/7/images/all_images256/ELP_12MP_14.02.2023_167641443675.png
ELP_12MP_11.01.2023_167344882072.png,failure,downloads/7/images/all_images256/ELP_12MP_11.01.2023_167344882072.png
ELP_12MP_04.01.2023_167284874148.png,failure,downloads/7/images/all_images256/ELP_12MP_04.01.2023_167284874148.png
ELP_12MP_08.01.2023_167319277447.png,failure,downloads/7/images/all_images256/ELP_12MP_08.01.2023_167319277447.png
ELP_12MP_22.12.2022_167172851491.png,failure,downloads/7/images/all_images256/ELP_12MP_22.12.2022_167172851491.png
ELP_12MP_05.01.2023_167291888690.png,failure,downloads/7/images/all_images256/ELP_12MP_05.01.2023_167291888690.png
ELP_12MP_10.01.2023_167337895288.png,failure,downloads/7/images/all_images256/ELP_12MP_10.01.2023_167337895288.png
ELP_12MP_02.12.2022_166999632249.png,failure,downloads/7/images/all_images256/ELP_12MP_02.12.2022_166999632249.png
147_jpg.jpg,failure,downloads/1/valid/147_jpg.rf.37a341632f1db98760186d283a4dc584.jpg
ELP_12MP_17.02.2023_167664768106.png,failure,downloads/7/images/all_images256/ELP_12MP_17.02.2023_167664768106.png
ELP_12MP_08.01.2023_167318608417.png,failure,downloads/7/images/all_images256/ELP_12MP_08.01.2023_167318608417.png
ELP_12MP_03.01.2023_167275896604.png,failure,downloads/7/images/all_images256/ELP_12MP_03.01.2023_167275896604.png
ELP_12MP_22.12.2022_167171350343.png,failure,downloads/7/images/all_images256/ELP_12MP_22.12.2022_167171350343.png
337677283_227984763122287_5386236488572119121_n_jpg.rf.0b5a48c3bca4c3831074c70bee53e88c.jpg,failure,downloads/5/train/337677283_227984763122287_5386236488572119121_n_jpg.rf.0b5a48c3bca4c3831074c70bee53e88c.jpg
ELP_12MP_05.01.2023_167293206980.png,failure,downloads/7/images/all_images256/ELP_12MP_05.01.2023_167293206980.png
ELP_12MP_10.01.2023_167337532482.png,failure,downloads/7/images/all_images256/ELP_12MP_10.01.2023_167337532482.png
failure (87).jpg,failure,downloads/4/train/failure/failure (87).jpg
ELP_12MP_03.01.2023_167277476500.png,failure,downloads/7/images/all_images256/ELP_12MP_03.01.2023_167277476500.png
ELP_12MP_04.01.2023_167284943041.png,failure,downloads/7/images/all_images256/ELP_12MP_04.01.2023_167284943041.png
ELP_12MP_05.01.2023_167291797356.png,failure,downloads/7/images/all_images256/ELP_12MP_05.01.2023_167291797356.png
ELP_12MP_04.01.2023_167284941656.png,failure,downloads/7/images/all_images256/ELP_12MP_04.01.2023_167284941656.png
failure (156).jpg,failure,downloads/4/test/failure/failure (156).jpg
3Doptimizer-cover_jpg.rf.7118211f6e0c8e002c959722db613a9f.jpg,failure,downloads/2/test/3Doptimizer-cover_jpg.rf.7118211f6e0c8e002c959722db613a9f.jpg
ELP_12MP_16.02.2023_167658634713.png,failure,downloads/7/images/all_images256/ELP_12MP_16.02.2023_167658634713.png
ELP_12MP_22.12.2022_167172850002.png,failure,downloads/7/images/all_images256/ELP_12MP_22.12.2022_167172850002.png
ELP_12MP_17.02.2023_167664756995.png,failure,downloads/7/images/all_images256/ELP_12MP_17.02.2023_167664756995.png
20-epic-3d-printing-fails_jpg.jpg,failure,downloads/1/train/20-epic-3d-printing-fails_jpg.rf.f6c1ca541cbb1786582b2f3ddcedb30d.jpg
20181015_125226-jpg-e50c46c9551d8d81dad2be1cc0ab3b2f_jpg.rf.6dfdc7419a19476f705cccc85008a701.jpg,failure,downloads/2/train/20181015_125226-jpg-e50c46c9551d8d81dad2be1cc0ab3b2f_jpg.rf.6dfdc7419a19476f705cccc85008a701.jpg
ELP_12MP_22.12.2022_167173572517.png,failure,downloads/7/images/all_images256/ELP_12MP_22.12.2022_167173572517.png
ELP_12MP_23.02.2023_167718331043.png,failure,downloads/7/images/all_images256/ELP_12MP_23.02.2023_167718331043.png
ELP_12MP_02.12.2022_166999730884.png,failure,downloads/7/images/all_images256/ELP_12MP_02.12.2022_166999730884.png
ELP_12MP_05.01.2023_167292066103.png,failure,downloads/7/images/all_images256/ELP_12MP_05.01.2023_167292066103.png
ELP_12MP_01.12.2022_166991228867.png,failure,downloads/7/images/all_images256/ELP_12MP_01.12.2022_166991228867.png
ELP_12MP_14.02.2023_167640476929.png,failure,downloads/7/images/all_images256/ELP_12MP_14.02.2023_167640476929.png
ELP_12MP_05.01.2023_167294415080.png,failure,downloads/7/images/all_images256/ELP_12MP_05.01.2023_167294415080.png
ELP_12MP_05.01.2023_167293121161.png,failure,downloads/7/images/all_images256/ELP_12MP_05.01.2023_167293121161.png
ELP_12MP_02.12.2022_166999771614.png,failure,downloads/7/images/all_images256/ELP_12MP_02.12.2022_166999771614.png
printfail_jpg.jpg,failure,downloads/1/test/printfail_jpg.rf.fb39ddd9a0257315f57e78b43beb08fa.jpg
ELP_12MP_04.01.2023_167284638559.png,failure,downloads/7/images/all_images256/ELP_12MP_04.01.2023_167284638559.png
ELP_12MP_05.01.2023_167292028536.png,failure,downloads/7/images/all_images256/ELP_12MP_05.01.2023_167292028536.png
ELP_12MP_10.01.2023_167336765449.png,failure,downloads/7/images/all_images256/ELP_12MP_10.01.2023_167336765449.png
ELP_12MP_13.12.2022_167097095208.png,failure,downloads/7/images/all_images256/ELP_12MP_13.12.2022_167097095208.png
ELP_12MP_04.01.2023_167284934746.png,failure,downloads/7/images/all_images256/ELP_12MP_04.01.2023_167284934746.png
ELP_12MP_08.01.2023_167318466174.png,failure,downloads/7/images/all_images256/ELP_12MP_08.01.2023_167318466174.png
ELP_12MP_06.01.2023_167300897169.png,failure,downloads/7/images/all_images256/ELP_12MP_06.01.2023_167300897169.png
ELP_12MP_10.01.2023_167338221550.png,failure,downloads/7/images/all_images256/ELP_12MP_10.01.2023_167338221550.png
failure (101).jpg,failure,downloads/4/train/failure/failure (101).jpg
istockphoto-507545376-612x612.jpg,failure,downloads/3/spaghetti/istockphoto-507545376-612x612.jpg
ELP_12MP_14.02.2023_167639713668.png,failure,downloads/7/images/all_images256/ELP_12MP_14.02.2023_167639713668.png
ELP_12MP_02.01.2023_167267446597.png,failure,downloads/7/images/all_images256/ELP_12MP_02.01.2023_167267446597.png
ELP_12MP_05.01.2023_167292044375.png,failure,downloads/7/images/all_images256/ELP_12MP_05.01.2023_167292044375.png
ELP_12MP_06.01.2023_167302069501.png,failure,downloads/7/images/all_images256/ELP_12MP_06.01.2023_167302069501.png
ELP_12MP_16.02.2023_167656762589.png,failure,downloads/7/images/all_images256/ELP_12MP_16.02.2023_167656762589.png
ELP_12MP_21.12.2022_167165005593.png,failure,downloads/7/images/all_images256/ELP_12MP_21.12.2022_167165005593.png
ELP_12MP_16.02.2023_167656764852.png,failure,downloads/7/images/all_images256/ELP_12MP_16.02.2023_167656764852.png
ELP_12MP_02.01.2023_167267428264.png,failure,downloads/7/images/all_images256/ELP_12MP_02.01.2023_167267428264.png
ELP_12MP_03.01.2023_167277484541.png,failure,downloads/7/images/all_images256/ELP_12MP_03.01.2023_167277484541.png
ELP_12MP_03.01.2023_167276071166.png,failure,downloads/7/images/all_images256/ELP_12MP_03.01.2023_167276071166.png
ELP_12MP_01.12.2022_166991193078.png,failure,downloads/7/images/all_images256/ELP_12MP_01.12.2022_166991193078.png
ELP_12MP_29.11.2022_166975431286.png,failure,downloads/7/images/all_images256/ELP_12MP_29.11.2022_166975431286.png
ELP_12MP_04.01.2023_167284899001.png,failure,downloads/7/images/all_images256/ELP_12MP_04.01.2023_167284899001.png
ELP_12MP_02.01.2023_167267434881.png,failure,downloads/7/images/all_images256/ELP_12MP_02.01.2023_167267434881.png
ELP_12MP_22.12.2022_167172647373.png,failure,downloads/7/images/all_images256/ELP_12MP_22.12.2022_167172647373.png
ELP_12MP_03.01.2023_167275923526.png,failure,downloads/7/images/all_images256/ELP_12MP_03.01.2023_167275923526.png
ELP_12MP_05.01.2023_167291763969.png,failure,downloads/7/images/all_images256/ELP_12MP_05.01.2023_167291763969.png
ELP_12MP_01.12.2022_166991243961.png,failure,downloads/7/images/all_images256/ELP_12MP_01.12.2022_166991243961.png
ELP_12MP_03.01.2023_167277511016.png,failure,downloads/7/images/all_images256/ELP_12MP_03.01.2023_167277511016.png
ELP_12MP_05.01.2023_167292683467.png,failure,downloads/7/images/all_images256/ELP_12MP_05.01.2023_167292683467.png
ELP_12MP_01.12.2022_166991222435.png,failure,downloads/7/images/all_images256/ELP_12MP_01.12.2022_166991222435.png
ELP_12MP_14.02.2023_167640986738.png,failure,downloads/7/images/all_images256/ELP_12MP_14.02.2023_167640986738.png
s2_jpg.jpg,failure,downloads/1/test/s2_jpg.rf.b99f5aef47a4dd9a62e872c1189fea3f.jpg
ELP_12MP_03.01.2023_167277466507.png,failure,downloads/7/images/all_images256/ELP_12MP_03.01.2023_167277466507.png
ELP_12MP_22.12.2022_167171354443.png,failure,downloads/7/images/all_images256/ELP_12MP_22.12.2022_167171354443.png
ELP_12MP_01.12.2022_166991228871.png,failure,downloads/7/images/all_images256/ELP_12MP_01.12.2022_166991228871.png
failure (48).jpg,failure,downloads/4/train/failure/failure (48).jpg
ELP_12MP_22.12.2022_167171122551.png,failure,downloads/7/images/all_images256/ELP_12MP_22.12.2022_167171122551.png
ELP_12MP_06.01.2023_167300895026.png,failure,downloads/7/images/all_images256/ELP_12MP_06.01.2023_167300895026.png
ELP_12MP_03.01.2023_167277500866.png,failure,downloads/7/images/all_images256/ELP_12MP_03.01.2023_167277500866.png
ELP_12MP_02.01.2023_167267463926.png,failure,downloads/7/images/all_images256/ELP_12MP_02.01.2023_167267463926.png
ELP_12MP_03.01.2023_167277502917.png,failure,downloads/7/images/all_images256/ELP_12MP_03.01.2023_167277502917.png
imag-136-_jpg.rf.053342635e83fcbbac690fb3958766a2.jpg,failure,downloads/5/train/imag-136-_jpg.rf.053342635e83fcbbac690fb3958766a2.jpg
93_jpg.jpg,failure,downloads/1/valid/93_jpg.rf.c30c70567ce6d895afbf3689ba060cec.jpg
ELP_12MP_10.01.2023_167338721202.png,failure,downloads/7/images/all_images256/ELP_12MP_10.01.2023_167338721202.png
ELP_12MP_02.01.2023_167267251098.png,failure,downloads/7/images/all_images256/ELP_12MP_02.01.2023_167267251098.png
ELP_12MP_06.12.2022_167033870711.png,failure,downloads/7/images/all_images256/ELP_12MP_06.12.2022_167033870711.png
ELP_12MP_03.01.2023_167276722573.png,failure,downloads/7/images/all_images256/ELP_12MP_03.01.2023_167276722573.png
lk0wysh0fgr41_jpg.rf.220516290660af8c707a37e2162a07db.jpg,failure,downloads/2/train/lk0wysh0fgr41_jpg.rf.220516290660af8c707a37e2162a07db.jpg
83_jpg.jpg,failure,downloads/1/valid/83_jpg.rf.dbcc518308599b6306d2192986262f8b.jpg
ELP_12MP_05.01.2023_167291754445.png,failure,downloads/7/images/all_images256/ELP_12MP_05.01.2023_167291754445.png
ELP_12MP_10.01.2023_167337885066.png,failure,downloads/7/images/all_images256/ELP_12MP_10.01.2023_167337885066.png
ELP_12MP_08.01.2023_167318461396.png,failure,downloads/7/images/all_images256/ELP_12MP_08.01.2023_167318461396.png
ELP_12MP_05.01.2023_167292673596.png,failure,downloads/7/images/all_images256/ELP_12MP_05.01.2023_167292673596.png
failure (121).JPG,failure,downloads/4/valid/failure/failure (121).JPG
ELP_12MP_03.01.2023_167275889901.png,failure,downloads/7/images/all_images256/ELP_12MP_03.01.2023_167275889901.png
ELP_12MP_16.02.2023_167658248607.png,failure,downloads/7/images/all_images256/ELP_12MP_16.02.2023_167658248607.png
ELP_12MP_05.01.2023_167291999984.png,failure,downloads/7/images/all_images256/ELP_12MP_05.01.2023_167291999984.png
ELP_12MP_05.01.2023_167291751515.png,failure,downloads/7/images/all_images256/ELP_12MP_05.01.2023_167291751515.png
ELP_12MP_22.12.2022_167171059336.png,failure,downloads/7/images/all_images256/ELP_12MP_22.12.2022_167171059336.png
ELP_12MP_03.01.2023_167276714957.png,failure,downloads/7/images/all_images256/ELP_12MP_03.01.2023_167276714957.png
ELP_12MP_14.02.2023_167639792176.png,failure,downloads/7/images/all_images256/ELP_12MP_14.02.2023_167639792176.png
ELP_12MP_22.12.2022_167171346245.png,failure,downloads/7/images/all_images256/ELP_12MP_22.12.2022_167171346245.png
ELP_12MP_03.01.2023_167276723876.png,failure,downloads/7/images/all_images256/ELP_12MP_03.01.2023_167276723876.png
ELP_12MP_06.01.2023_167300884467.png,failure,downloads/7/images/all_images256/ELP_12MP_06.01.2023_167300884467.png
ELP_12MP_06.01.2023_167301145778.png,failure,downloads/7/images/all_images256/ELP_12MP_06.01.2023_167301145778.png
ELP_12MP_10.01.2023_167338852178.png,failure,downloads/7/images/all_images256/ELP_12MP_10.01.2023_167338852178.png
ELP_12MP_17.02.2023_167664292539.png,failure,downloads/7/images/all_images256/ELP_12MP_17.02.2023_167664292539.png
ELP_12MP_03.01.2023_167276708371.png,failure,downloads/7/images/all_images256/ELP_12MP_03.01.2023_167276708371.png
ELP_12MP_11.01.2023_167344324065.png,failure,downloads/7/images/all_images256/ELP_12MP_11.01.2023_167344324065.png
ELP_12MP_10.01.2023_167338752561.png,failure,downloads/7/images/all_images256/ELP_12MP_10.01.2023_167338752561.png
ELP_12MP_05.01.2023_167292026055.png,failure,downloads/7/images/all_images256/ELP_12MP_05.01.2023_167292026055.png
ELP_12MP_16.02.2023_167656826263.png,failure,downloads/7/images/all_images256/ELP_12MP_16.02.2023_167656826263.png
ELP_12MP_22.12.2022_167172893659.png,failure,downloads/7/images/all_images256/ELP_12MP_22.12.2022_167172893659.png
ELP_12MP_10.01.2023_167338198812.png,failure,downloads/7/images/all_images256/ELP_12MP_10.01.2023_167338198812.png
ELP_12MP_11.01.2023_167343471449.png,failure,downloads/7/images/all_images256/ELP_12MP_11.01.2023_167343471449.png
ELP_12MP_04.01.2023_167284656123.png,failure,downloads/7/images/all_images256/ELP_12MP_04.01.2023_167284656123.png
ELP_12MP_04.01.2023_167284900998.png,failure,downloads/7/images/all_images256/ELP_12MP_04.01.2023_167284900998.png
hm3f9nr6xiaa1_jpg.jpg,failure,downloads/1/train/hm3f9nr6xiaa1_jpg.rf.f4132055c1ef4d604cef19c53ac08f68.jpg
ELP_12MP_22.12.2022_167172856511.png,failure,downloads/7/images/all_images256/ELP_12MP_22.12.2022_167172856511.png
ELP_12MP_03.01.2023_167276060309.png,failure,downloads/7/images/all_images256/ELP_12MP_03.01.2023_167276060309.png
ELP_12MP_05.01.2023_167292790023.png,failure,downloads/7/images/all_images256/ELP_12MP_05.01.2023_167292790023.png
8F9cMfJ_jpg.rf.2e55eaeffbfa39a949c27fd6465c9dcd.jpg,failure,downloads/2/train/8F9cMfJ_jpg.rf.2e55eaeffbfa39a949c27fd6465c9dcd.jpg
1H1ekr9_jpg.rf.c5b4853ef4f8a2e8c7aa29dfa9ca3f3f.jpg,failure,downloads/2/train/1H1ekr9_jpg.rf.c5b4853ef4f8a2e8c7aa29dfa9ca3f3f.jpg
ELP_12MP_04.01.2023_167284886243.png,failure,downloads/7/images/all_images256/ELP_12MP_04.01.2023_167284886243.png
ELP_12MP_05.01.2023_167292008223.png,failure,downloads/7/images/all_images256/ELP_12MP_05.01.2023_167292008223.png
ELP_12MP_22.12.2022_167173443858.png,failure,downloads/7/images/all_images256/ELP_12MP_22.12.2022_167173443858.png
113_jpg.jpg,failure,downloads/1/valid/113_jpg.rf.a91bd25fda5df40bbb5bc0c03df0482c.jpg
ELP_12MP_04.01.2023_167284924806.png,failure,downloads/7/images/all_images256/ELP_12MP_04.01.2023_167284924806.png
ELP_12MP_10.01.2023_167338836561.png,failure,downloads/7/images/all_images256/ELP_12MP_10.01.2023_167338836561.png
ELP_12MP_23.02.2023_167717154345.png,failure,downloads/7/images/all_images256/ELP_12MP_23.02.2023_167717154345.png
failure (137).jpg,failure,downloads/4/valid/failure/failure (137).jpg
103_jpg.jpg,failure,downloads/1/test/103_jpg.rf.2eee282aefe2fc337b635f517c86fa35.jpg
ELP_12MP_02.12.2022_166999743277.png,failure,downloads/7/images/all_images256/ELP_12MP_02.12.2022_166999743277.png
ELP_12MP_14.02.2023_167639786077.png,failure,downloads/7/images/all_images256/ELP_12MP_14.02.2023_167639786077.png
ELP_12MP_03.01.2023_167276731453.png,failure,downloads/7/images/all_images256/ELP_12MP_03.01.2023_167276731453.png
Screen-Shot-2021-06-29-at-3-10-33-PM_png.jpg,failure,downloads/1/train/Screen-Shot-2021-06-29-at-3-10-33-PM_png.rf.43506fd0f563645a0572b49dafe1642c.jpg
ELP_12MP_23.02.2023_167718916172.png,failure,downloads/7/images/all_images256/ELP_12MP_23.02.2023_167718916172.png
ELP_12MP_02.01.2023_167267442308.png,failure,downloads/7/images/all_images256/ELP_12MP_02.01.2023_167267442308.png
ELP_12MP_05.01.2023_167291801854.png,failure,downloads/7/images/all_images256/ELP_12MP_05.01.2023_167291801854.png
ELP_12MP_22.12.2022_167172615964.png,failure,downloads/7/images/all_images256/ELP_12MP_22.12.2022_167172615964.png
FM637CFIHF6MY36.jpg,failure,downloads/3/spaghetti/FM637CFIHF6MY36.jpg
ELP_12MP_03.01.2023_167277515847.png,failure,downloads/7/images/all_images256/ELP_12MP_03.01.2023_167277515847.png
ELP_12MP_03.01.2023_167277504962.png,failure,downloads/7/images/all_images256/ELP_12MP_03.01.2023_167277504962.png
ELP_12MP_23.02.2023_167718701765.png,failure,downloads/7/images/all_images256/ELP_12MP_23.02.2023_167718701765.png
ELP_12MP_03.01.2023_167276700881.png,failure,downloads/7/images/all_images256/ELP_12MP_03.01.2023_167276700881.png
ELP_12MP_06.12.2022_167033883074.png,failure,downloads/7/images/all_images256/ELP_12MP_06.12.2022_167033883074.png
ELP_12MP_08.01.2023_167318428621.png,failure,downloads/7/images/all_images256/ELP_12MP_08.01.2023_167318428621.png
ELP_12MP_02.01.2023_167267244278.png,failure,downloads/7/images/all_images256/ELP_12MP_02.01.2023_167267244278.png
ELP_12MP_03.01.2023_167276062287.png,failure,downloads/7/images/all_images256/ELP_12MP_03.01.2023_167276062287.png
ELP_12MP_01.12.2022_166991224118.png,failure,downloads/7/images/all_images256/ELP_12MP_01.12.2022_166991224118.png
ELP_12MP_05.01.2023_167291886522.png,failure,downloads/7/images/all_images256/ELP_12MP_05.01.2023_167291886522.png
ELP_12MP_06.12.2022_167033876770.png,failure,downloads/7/images/all_images256/ELP_12MP_06.12.2022_167033876770.png
ELP_12MP_16.02.2023_167658249121.png,failure,downloads/7/images/all_images256/ELP_12MP_16.02.2023_167658249121.png
ELP_12MP_22.12.2022_167171247588.png,failure,downloads/7/images/all_images256/ELP_12MP_22.12.2022_167171247588.png
ELP_12MP_05.01.2023_167291786675.png,failure,downloads/7/images/all_images256/ELP_12MP_05.01.2023_167291786675.png
48_jpg.jpg,failure,downloads/1/valid/48_jpg.rf.df36e2b42da8f6960f58a89c869419b8.jpg
ELP_12MP_05.01.2023_167292791671.png,failure,downloads/7/images/all_images256/ELP_12MP_05.01.2023_167292791671.png
ELP_12MP_16.02.2023_167656810316.png,failure,downloads/7/images/all_images256/ELP_12MP_16.02.2023_167656810316.png
failure (160).jpg,failure,downloads/4/test/failure/failure (160).jpg
ELP_12MP_22.12.2022_167171365715.png,failure,downloads/7/images/all_images256/ELP_12MP_22.12.2022_167171365715.png
ELP_12MP_02.12.2022_166999751465.png,failure,downloads/7/images/all_images256/ELP_12MP_02.12.2022_166999751465.png
ELP_12MP_11.01.2023_167343407093.png,failure,downloads/7/images/all_images256/ELP_12MP_11.01.2023_167343407093.png
58_jpg.jpg,failure,downloads/1/valid/58_jpg.rf.abe09fcd6860f6bf6c550db92df6b6d6.jpg
s_jpg.jpg,failure,downloads/1/train/s_jpg.rf.6fe3a36ab1beaea4cdc369ed7807d318.jpg
ELP_12MP_22.12.2022_167171385193.png,failure,downloads/7/images/all_images256/ELP_12MP_22.12.2022_167171385193.png
ELP_12MP_10.01.2023_167336863580.png,failure,downloads/7/images/all_images256/ELP_12MP_10.01.2023_167336863580.png
2-20-4-_jpg.jpg,failure,downloads/1/train/2-20-4-_jpg.rf.5674db2490a148e2ae69b06cd18ff859.jpg
ELP_12MP_02.12.2022_166999657014.png,failure,downloads/7/images/all_images256/ELP_12MP_02.12.2022_166999657014.png
ELP_12MP_06.01.2023_167300876587.png,failure,downloads/7/images/all_images256/ELP_12MP_06.01.2023_167300876587.png
ELP_12MP_05.01.2023_167292045690.png,failure,downloads/7/images/all_images256/ELP_12MP_05.01.2023_167292045690.png
ELP_12MP_03.01.2023_167275910715.png,failure,downloads/7/images/all_images256/ELP_12MP_03.01.2023_167275910715.png
ELP_12MP_22.12.2022_167173427689.png,failure,downloads/7/images/all_images256/ELP_12MP_22.12.2022_167173427689.png
ELP_12MP_17.02.2023_167663914539.png,failure,downloads/7/images/all_images256/ELP_12MP_17.02.2023_167663914539.png
ELP_12MP_04.01.2023_167284662735.png,failure,downloads/7/images/all_images256/ELP_12MP_04.01.2023_167284662735.png
ELP_12MP_03.01.2023_167276714406.png,failure,downloads/7/images/all_images256/ELP_12MP_03.01.2023_167276714406.png
ELP_12MP_02.12.2022_166999607804.png,failure,downloads/7/images/all_images256/ELP_12MP_02.12.2022_166999607804.png
ELP_12MP_02.12.2022_166999624005.png,failure,downloads/7/images/all_images256/ELP_12MP_02.12.2022_166999624005.png
ELP_12MP_04.01.2023_167284931774.png,failure,downloads/7/images/all_images256/ELP_12MP_04.01.2023_167284931774.png
ELP_12MP_05.01.2023_167292038109.png,failure,downloads/7/images/all_images256/ELP_12MP_05.01.2023_167292038109.png
ELP_12MP_04.01.2023_167284884871.png,failure,downloads/7/images/all_images256/ELP_12MP_04.01.2023_167284884871.png
ELP_12MP_03.01.2023_167276073189.png,failure,downloads/7/images/all_images256/ELP_12MP_03.01.2023_167276073189.png
ELP_12MP_11.01.2023_167344844546.png,failure,downloads/7/images/all_images256/ELP_12MP_11.01.2023_167344844546.png
ELP_12MP_16.02.2023_167657136644.png,failure,downloads/7/images/all_images256/ELP_12MP_16.02.2023_167657136644.png
ELP_12MP_21.12.2022_167165792266.png,failure,downloads/7/images/all_images256/ELP_12MP_21.12.2022_167165792266.png
ELP_12MP_16.02.2023_167656975564.png,failure,downloads/7/images/all_images256/ELP_12MP_16.02.2023_167656975564.png
ELP_12MP_02.12.2022_166999628158.png,failure,downloads/7/images/all_images256/ELP_12MP_02.12.2022_166999628158.png
ELP_12MP_08.01.2023_167318703151.png,failure,downloads/7/images/all_images256/ELP_12MP_08.01.2023_167318703151.png
ELP_12MP_20.12.2022_167154406298.png,failure,downloads/7/images/all_images256/ELP_12MP_20.12.2022_167154406298.png
ELP_12MP_05.01.2023_167292059535.png,failure,downloads/7/images/all_images256/ELP_12MP_05.01.2023_167292059535.png
ELP_12MP_02.12.2022_166999751470.png,failure,downloads/7/images/all_images256/ELP_12MP_02.12.2022_166999751470.png
ELP_12MP_22.12.2022_167172876398.png,failure,downloads/7/images/all_images256/ELP_12MP_22.12.2022_167172876398.png
ELP_12MP_10.01.2023_167338352422.png,failure,downloads/7/images/all_images256/ELP_12MP_10.01.2023_167338352422.png
ELP_12MP_29.11.2022_166975451349.png,failure,downloads/7/images/all_images256/ELP_12MP_29.11.2022_166975451349.png
ELP_12MP_10.01.2023_167337895658.png,failure,downloads/7/images/all_images256/ELP_12MP_10.01.2023_167337895658.png
ELP_12MP_03.01.2023_167276064344.png,failure,downloads/7/images/all_images256/ELP_12MP_03.01.2023_167276064344.png
ELP_12MP_03.01.2023_167276051499.png,failure,downloads/7/images/all_images256/ELP_12MP_03.01.2023_167276051499.png
failure (25).jpg,failure,downloads/4/train/failure/failure (25).jpg
ELP_12MP_16.02.2023_167658465861.png,failure,downloads/7/images/all_images256/ELP_12MP_16.02.2023_167658465861.png
ELP_12MP_05.01.2023_167292001004.png,failure,downloads/7/images/all_images256/ELP_12MP_05.01.2023_167292001004.png
ELP_12MP_21.12.2022_167165135241.png,failure,downloads/7/images/all_images256/ELP_12MP_21.12.2022_167165135241.png
ELP_12MP_23.02.2023_167718624731.png,failure,downloads/7/images/all_images256/ELP_12MP_23.02.2023_167718624731.png
ELP_12MP_05.01.2023_167292053024.png,failure,downloads/7/images/all_images256/ELP_12MP_05.01.2023_167292053024.png
ELP_12MP_16.02.2023_167658469901.png,failure,downloads/7/images/all_images256/ELP_12MP_16.02.2023_167658469901.png
mistakes_cover-600x353.jpg,failure,downloads/3/spaghetti/mistakes_cover-600x353.jpg
ELP_12MP_05.01.2023_167292892760.png,failure,downloads/7/images/all_images256/ELP_12MP_05.01.2023_167292892760.png
ELP_12MP_14.02.2023_167640469995.png,failure,downloads/7/images/all_images256/ELP_12MP_14.02.2023_167640469995.png
ELP_12MP_06.12.2022_167033878984.png,failure,downloads/7/images/all_images256/ELP_12MP_06.12.2022_167033878984.png
ELP_12MP_03.01.2023_167277496756.png,failure,downloads/7/images/all_images256/ELP_12MP_03.01.2023_167277496756.png
ELP_12MP_17.02.2023_167664394015.png,failure,downloads/7/images/all_images256/ELP_12MP_17.02.2023_167664394015.png
15_jpg.jpg,failure,downloads/1/valid/15_jpg.rf.a844f109aa189fd4e9a764e992525f2b.jpg
ELP_12MP_03.01.2023_167275917537.png,failure,downloads/7/images/all_images256/ELP_12MP_03.01.2023_167275917537.png
ELP_12MP_02.01.2023_167267247002.png,failure,downloads/7/images/all_images256/ELP_12MP_02.01.2023_167267247002.png
ELP_12MP_17.02.2023_167664249274.png,failure,downloads/7/images/all_images256/ELP_12MP_17.02.2023_167664249274.png
ELP_12MP_14.02.2023_167640861571.png,failure,downloads/7/images/all_images256/ELP_12MP_14.02.2023_167640861571.png
ELP_12MP_22.12.2022_167172855794.png,failure,downloads/7/images/all_images256/ELP_12MP_22.12.2022_167172855794.png
ELP_12MP_04.01.2023_167284916876.png,failure,downloads/7/images/all_images256/ELP_12MP_04.01.2023_167284916876.png
ELP_12MP_10.01.2023_167338842550.png,failure,downloads/7/images/all_images256/ELP_12MP_10.01.2023_167338842550.png
ELP_12MP_05.01.2023_167291745398.png,failure,downloads/7/images/all_images256/ELP_12MP_05.01.2023_167291745398.png
ELP_12MP_17.02.2023_167663944119.png,failure,downloads/7/images/all_images256/ELP_12MP_17.02.2023_167663944119.png
failure (72).jpg,failure,downloads/4/train/failure/failure (72).jpg
ELP_12MP_04.01.2023_167284887606.png,failure,downloads/7/images/all_images256/ELP_12MP_04.01.2023_167284887606.png
ELP_12MP_05.01.2023_167291778958.png,failure,downloads/7/images/all_images256/ELP_12MP_05.01.2023_167291778958.png
ELP_12MP_04.01.2023_167285023395.png,failure,downloads/7/images/all_images256/ELP_12MP_04.01.2023_167285023395.png
ELP_12MP_05.01.2023_167291801114.png,failure,downloads/7/images/all_images256/ELP_12MP_05.01.2023_167291801114.png
ELP_12MP_05.01.2023_167291785631.png,failure,downloads/7/images/all_images256/ELP_12MP_05.01.2023_167291785631.png
ELP_12MP_03.01.2023_167275916826.png,failure,downloads/7/images/all_images256/ELP_12MP_03.01.2023_167275916826.png
ELP_12MP_05.01.2023_167291898523.png,failure,downloads/7/images/all_images256/ELP_12MP_05.01.2023_167291898523.png
ELP_12MP_05.01.2023_167292798330.png,failure,downloads/7/images/all_images256/ELP_12MP_05.01.2023_167292798330.png
ELP_12MP_16.02.2023_167658230811.png,failure,downloads/7/images/all_images256/ELP_12MP_16.02.2023_167658230811.png
4qs80vo82v431_jpg.rf.25d440beb523cd6f94e5dd9cb27b75e8.jpg,failure,downloads/2/test/4qs80vo82v431_jpg.rf.25d440beb523cd6f94e5dd9cb27b75e8.jpg
ELP_12MP_10.01.2023_167338981282.png,failure,downloads/7/images/all_images256/ELP_12MP_10.01.2023_167338981282.png
ELP_12MP_10.01.2023_167339025711.png,failure,downloads/7/images/all_images256/ELP_12MP_10.01.2023_167339025711.png
ELP_12MP_22.12.2022_167171366745.png,failure,downloads/7/images/all_images256/ELP_12MP_22.12.2022_167171366745.png
ELP_12MP_05.01.2023_167291765921.png,failure,downloads/7/images/all_images256/ELP_12MP_05.01.2023_167291765921.png
ELP_12MP_10.01.2023_167337620001.png,failure,downloads/7/images/all_images256/ELP_12MP_10.01.2023_167337620001.png
ELP_12MP_04.01.2023_167284876748.png,failure,downloads/7/images/all_images256/ELP_12MP_04.01.2023_167284876748.png
ELP_12MP_03.01.2023_167276075842.png,failure,downloads/7/images/all_images256/ELP_12MP_03.01.2023_167276075842.png
ELP_12MP_06.01.2023_167302080161.png,failure,downloads/7/images/all_images256/ELP_12MP_06.01.2023_167302080161.png
ELP_12MP_22.12.2022_167170877210.png,failure,downloads/7/images/all_images256/ELP_12MP_22.12.2022_167170877210.png
ELP_12MP_06.01.2023_167300894107.png,failure,downloads/7/images/all_images256/ELP_12MP_06.01.2023_167300894107.png
ELP_12MP_04.01.2023_167284651088.png,failure,downloads/7/images/all_images256/ELP_12MP_04.01.2023_167284651088.png
Examples-of-complete-3D-printing-failures_png.jpg,failure,downloads/1/train/Examples-of-complete-3D-printing-failures_png.rf.36f98e3cb76c34dbee152650a8d569e0.jpg
ELP_12MP_16.02.2023_167657121714.png,failure,downloads/7/images/all_images256/ELP_12MP_16.02.2023_167657121714.png
ELP_12MP_05.01.2023_167291743104.png,failure,downloads/7/images/all_images256/ELP_12MP_05.01.2023_167291743104.png
ELP_12MP_05.01.2023_167291753317.png,failure,downloads/7/images/all_images256/ELP_12MP_05.01.2023_167291753317.png
ELP_12MP_21.12.2022_167165771260.png,failure,downloads/7/images/all_images256/ELP_12MP_21.12.2022_167165771260.png
Capture-d-ecran--682-_jpg.rf.1915e45f646f70a94a94a7eed4b682d2.jpg,failure,downloads/2/train/Capture-d-ecran--682-_jpg.rf.1915e45f646f70a94a94a7eed4b682d2.jpg
ELP_12MP_03.01.2023_167276047833.png,failure,downloads/7/images/all_images256/ELP_12MP_03.01.2023_167276047833.png
336527928_6096597747092855_3944648601710228715_n_jpg.jpg,failure,downloads/1/train/336527928_6096597747092855_3944648601710228715_n_jpg.rf.45eeb7f946402313aac146d2947579cc.jpg
failure (64).jpg,failure,downloads/4/train/failure/failure (64).jpg
ELP_12MP_04.01.2023_167284881317.png,failure,downloads/7/images/all_images256/ELP_12MP_04.01.2023_167284881317.png
ELP_12MP_22.12.2022_167173373337.png,failure,downloads/7/images/all_images256/ELP_12MP_22.12.2022_167173373337.png
ELP_12MP_02.12.2022_166999848128.png,failure,downloads/7/images/all_images256/ELP_12MP_02.12.2022_166999848128.png
77_jpg.jpg,failure,downloads/1/valid/77_jpg.rf.3bf8404410a46d6022f0bad3f581b6f1.jpg
ELP_12MP_06.01.2023_167301134143.png,failure,downloads/7/images/all_images256/ELP_12MP_06.01.2023_167301134143.png
6_jpg.jpg,failure,downloads/1/valid/6_jpg.rf.bc307dd6976559c3a236ed946b47eb08.jpg
ELP_12MP_04.01.2023_167284660282.png,failure,downloads/7/images/all_images256/ELP_12MP_04.01.2023_167284660282.png
ELP_12MP_15.02.2023_167646943214.png,failure,downloads/7/images/all_images256/ELP_12MP_15.02.2023_167646943214.png
ELP_12MP_16.02.2023_167658240514.png,failure,downloads/7/images/all_images256/ELP_12MP_16.02.2023_167658240514.png
ELP_12MP_05.01.2023_167291908078.png,failure,downloads/7/images/all_images256/ELP_12MP_05.01.2023_167291908078.png
ELP_12MP_02.01.2023_167267246297.png,failure,downloads/7/images/all_images256/ELP_12MP_02.01.2023_167267246297.png
ELP_12MP_03.01.2023_167277482333.png,failure,downloads/7/images/all_images256/ELP_12MP_03.01.2023_167277482333.png
ELP_12MP_03.01.2023_167275918214.png,failure,downloads/7/images/all_images256/ELP_12MP_03.01.2023_167275918214.png
ELP_12MP_11.01.2023_167343481354.png,failure,downloads/7/images/all_images256/ELP_12MP_11.01.2023_167343481354.png
ELP_12MP_02.01.2023_167267416412.png,failure,downloads/7/images/all_images256/ELP_12MP_02.01.2023_167267416412.png
ELP_12MP_22.12.2022_167172899942.png,failure,downloads/7/images/all_images256/ELP_12MP_22.12.2022_167172899942.png
3D_Printing_FAIL.png,failure,downloads/3/spaghetti/3D_Printing_FAIL.png
ELP_12MP_04.01.2023_167284669701.png,failure,downloads/7/images/all_images256/ELP_12MP_04.01.2023_167284669701.png
ELP_12MP_08.01.2023_167319215955.png,failure,downloads/7/images/all_images256/ELP_12MP_08.01.2023_167319215955.png
ELP_12MP_22.12.2022_167171246720.png,failure,downloads/7/images/all_images256/ELP_12MP_22.12.2022_167171246720.png
ELP_12MP_04.01.2023_167284934751.png,failure,downloads/7/images/all_images256/ELP_12MP_04.01.2023_167284934751.png
ELP_12MP_10.01.2023_167338091228.png,failure,downloads/7/images/all_images256/ELP_12MP_10.01.2023_167338091228.png
ELP_12MP_22.12.2022_167171105879.png,failure,downloads/7/images/all_images256/ELP_12MP_22.12.2022_167171105879.png
ELP_12MP_03.01.2023_167277480083.png,failure,downloads/7/images/all_images256/ELP_12MP_03.01.2023_167277480083.png
failure (33).jpg,failure,downloads/4/train/failure/failure (33).jpg
a84378fdda9ddd47f21daf1978cd9c50.png,failure,downloads/3/spaghetti/a84378fdda9ddd47f21daf1978cd9c50.png
ELP_12MP_05.01.2023_167292009276.png,failure,downloads/7/images/all_images256/ELP_12MP_05.01.2023_167292009276.png
ELP_12MP_03.01.2023_167277498141.png,failure,downloads/7/images/all_images256/ELP_12MP_03.01.2023_167277498141.png
ELP_12MP_04.01.2023_167284948473.png,failure,downloads/7/images/all_images256/ELP_12MP_04.01.2023_167284948473.png
ELP_12MP_02.01.2023_167267439354.png,failure,downloads/7/images/all_images256/ELP_12MP_02.01.2023_167267439354.png
ELP_12MP_15.02.2023_167647375063.png,failure,downloads/7/images/all_images256/ELP_12MP_15.02.2023_167647375063.png
ELP_12MP_10.01.2023_167337859440.png,failure,downloads/7/images/all_images256/ELP_12MP_10.01.2023_167337859440.png
o.jpg,failure,downloads/3/spaghetti/o.jpg
ELP_12MP_05.01.2023_167292683472.png,failure,downloads/7/images/all_images256/ELP_12MP_05.01.2023_167292683472.png
ELP_12MP_20.12.2022_167154405168.png,failure,downloads/7/images/all_images256/ELP_12MP_20.12.2022_167154405168.png
ELP_12MP_17.02.2023_167663956858.png,failure,downloads/7/images/all_images256/ELP_12MP_17.02.2023_167663956858.png
failure (3).jpg,failure,downloads/4/train/failure/failure (3).jpg
ELP_12MP_02.01.2023_167267468133.png,failure,downloads/7/images/all_images256/ELP_12MP_02.01.2023_167267468133.png
ELP_12MP_05.01.2023_167291900140.png,failure,downloads/7/images/all_images256/ELP_12MP_05.01.2023_167291900140.png
ELP_12MP_06.12.2022_167033757588.png,failure,downloads/7/images/all_images256/ELP_12MP_06.12.2022_167033757588.png
ELP_12MP_02.01.2023_167267469239.png,failure,downloads/7/images/all_images256/ELP_12MP_02.01.2023_167267469239.png
ELP_12MP_20.12.2022_167154401332.png,failure,downloads/7/images/all_images256/ELP_12MP_20.12.2022_167154401332.png
ELP_12MP_14.02.2023_167640483586.png,failure,downloads/7/images/all_images256/ELP_12MP_14.02.2023_167640483586.png
ELP_12MP_05.01.2023_167294391127.png,failure,downloads/7/images/all_images256/ELP_12MP_05.01.2023_167294391127.png
ELP_12MP_03.01.2023_167276067063.png,failure,downloads/7/images/all_images256/ELP_12MP_03.01.2023_167276067063.png
ELP_12MP_08.01.2023_167319169464.png,failure,downloads/7/images/all_images256/ELP_12MP_08.01.2023_167319169464.png
ELP_12MP_10.01.2023_167337892030.png,failure,downloads/7/images/all_images256/ELP_12MP_10.01.2023_167337892030.png
ELP_12MP_02.01.2023_167267472124.png,failure,downloads/7/images/all_images256/ELP_12MP_02.01.2023_167267472124.png
ELP_12MP_22.12.2022_167172857251.png,failure,downloads/7/images/all_images256/ELP_12MP_22.12.2022_167172857251.png
failure (106).jpg,failure,downloads/4/train/failure/failure (106).jpg
ELP_12MP_03.01.2023_167275892189.png,failure,downloads/7/images/all_images256/ELP_12MP_03.01.2023_167275892189.png
ELP_12MP_03.01.2023_167275877105.png,failure,downloads/7/images/all_images256/ELP_12MP_03.01.2023_167275877105.png
21_jpg.jpg,failure,downloads/1/test/21_jpg.rf.d8aa23bed647105f1add77571d64dea9.jpg
ELP_12MP_02.12.2022_166999739185.png,failure,downloads/7/images/all_images256/ELP_12MP_02.12.2022_166999739185.png
ELP_12MP_02.01.2023_167267467273.png,failure,downloads/7/images/all_images256/ELP_12MP_02.01.2023_167267467273.png
ELP_12MP_01.12.2022_166991237076.png,failure,downloads/7/images/all_images256/ELP_12MP_01.12.2022_166991237076.png
ELP_12MP_22.12.2022_167172333139.png,failure,downloads/7/images/all_images256/ELP_12MP_22.12.2022_167172333139.png
31_jpg.jpg,failure,downloads/1/valid/31_jpg.rf.39e94706d8d71e70d887dadb966e8402.jpg
ELP_12MP_02.12.2022_166999640446.png,failure,downloads/7/images/all_images256/ELP_12MP_02.12.2022_166999640446.png
ELP_12MP_15.02.2023_167646999580.png,failure,downloads/7/images/all_images256/ELP_12MP_15.02.2023_167646999580.png
ELP_12MP_17.02.2023_167664384665.png,failure,downloads/7/images/all_images256/ELP_12MP_17.02.2023_167664384665.png
failure (38).jpg,failure,downloads/4/train/failure/failure (38).jpg
ELP_12MP_03.01.2023_167276049306.png,failure,downloads/7/images/all_images256/ELP_12MP_03.01.2023_167276049306.png
ELP_12MP_03.01.2023_167276701643.png,failure,downloads/7/images/all_images256/ELP_12MP_03.01.2023_167276701643.png
failure (8).jpg,failure,downloads/4/train/failure/failure (8).jpg
ELP_12MP_21.12.2022_167165223211.png,failure,downloads/7/images/all_images256/ELP_12MP_21.12.2022_167165223211.png
fallingsupports-1-768x768_jpg.jpg,failure,downloads/1/train/fallingsupports-1-768x768_jpg.rf.56a5a3561bfbd94210aa535a35039637.jpg
ELP_12MP_14.02.2023_167639992910.png,failure,downloads/7/images/all_images256/ELP_12MP_14.02.2023_167639992910.png
ELP_12MP_11.01.2023_167344868829.png,failure,downloads/7/images/all_images256/ELP_12MP_11.01.2023_167344868829.png
ELP_12MP_03.01.2023_167277506281.png,failure,downloads/7/images/all_images256/ELP_12MP_03.01.2023_167277506281.png
failure (151).jpg,failure,downloads/4/test/failure/failure (151).jpg
ELP_12MP_02.01.2023_167267242914.png,failure,downloads/7/images/all_images256/ELP_12MP_02.01.2023_167267242914.png
ELP_12MP_11.01.2023_167343682457.png,failure,downloads/7/images/all_images256/ELP_12MP_11.01.2023_167343682457.png
ELP_12MP_11.01.2023_167343684026.png,failure,downloads/7/images/all_images256/ELP_12MP_11.01.2023_167343684026.png
ELP_12MP_02.01.2023_167267465896.png,failure,downloads/7/images/all_images256/ELP_12MP_02.01.2023_167267465896.png
ELP_12MP_23.02.2023_167718549674.png,failure,downloads/7/images/all_images256/ELP_12MP_23.02.2023_167718549674.png
ELP_12MP_21.12.2022_167165122376.png,failure,downloads/7/images/all_images256/ELP_12MP_21.12.2022_167165122376.png
images-1-_jpg.jpg,failure,downloads/1/train/images-1-_jpg.rf.622d629b54648cec657774d00d2a0885.jpg
ELP_12MP_22.12.2022_167171119990.png,failure,downloads/7/images/all_images256/ELP_12MP_22.12.2022_167171119990.png
ELP_12MP_03.01.2023_167276732060.png,failure,downloads/7/images/all_images256/ELP_12MP_03.01.2023_167276732060.png
ELP_12MP_02.12.2022_166999816999.png,failure,downloads/7/images/all_images256/ELP_12MP_02.12.2022_166999816999.png
ig-kevincaron-petg_fail-300x300.jpg,failure,downloads/3/spaghetti/ig-kevincaron-petg_fail-300x300.jpg
ELP_12MP_05.01.2023_167291906754.png,failure,downloads/7/images/all_images256/ELP_12MP_05.01.2023_167291906754.png
Capture-d-ecran--284-_jpg.rf.cc407a3bc3f023285af911d406ccb82b.jpg,failure,downloads/2/test/Capture-d-ecran--284-_jpg.rf.cc407a3bc3f023285af911d406ccb82b.jpg
ELP_12MP_03.01.2023_167276075170.png,failure,downloads/7/images/all_images256/ELP_12MP_03.01.2023_167276075170.png
ELP_12MP_04.01.2023_167284692715.png,failure,downloads/7/images/all_images256/ELP_12MP_04.01.2023_167284692715.png
ELP_12MP_10.01.2023_167337886509.png,failure,downloads/7/images/all_images256/ELP_12MP_10.01.2023_167337886509.png
ELP_12MP_05.01.2023_167291752734.png,failure,downloads/7/images/all_images256/ELP_12MP_05.01.2023_167291752734.png
ELP_12MP_08.01.2023_167319230768.png,failure,downloads/7/images/all_images256/ELP_12MP_08.01.2023_167319230768.png
ELP_12MP_10.01.2023_167337609386.png,failure,downloads/7/images/all_images256/ELP_12MP_10.01.2023_167337609386.png
ELP_12MP_08.01.2023_167318451596.png,failure,downloads/7/images/all_images256/ELP_12MP_08.01.2023_167318451596.png
ELP_12MP_01.12.2022_166991212745.png,failure,downloads/7/images/all_images256/ELP_12MP_01.12.2022_166991212745.png
ELP_12MP_03.01.2023_167276052256.png,failure,downloads/7/images/all_images256/ELP_12MP_03.01.2023_167276052256.png
ELP_12MP_08.01.2023_167318463530.png,failure,downloads/7/images/all_images256/ELP_12MP_08.01.2023_167318463530.png
ELP_12MP_17.02.2023_167664413540.png,failure,downloads/7/images/all_images256/ELP_12MP_17.02.2023_167664413540.png
ELP_12MP_01.12.2022_166991238184.png,failure,downloads/7/images/all_images256/ELP_12MP_01.12.2022_166991238184.png
98_jpg.jpg,failure,downloads/1/valid/98_jpg.rf.1657c67f7cb5936816a1df7f1ad1097f.jpg
failure (80).jpg,failure,downloads/4/train/failure/failure (80).jpg
ELP_12MP_10.01.2023_167338255909.png,failure,downloads/7/images/all_images256/ELP_12MP_10.01.2023_167338255909.png
88_jpg.jpg,failure,downloads/1/valid/88_jpg.rf.216855f5b7fdc2b69fed81c564424767.jpg
ELP_12MP_23.02.2023_167717235822.png,failure,downloads/7/images/all_images256/ELP_12MP_23.02.2023_167717235822.png
ELP_12MP_05.01.2023_167291879976.png,failure,downloads/7/images/all_images256/ELP_12MP_05.01.2023_167291879976.png
ELP_12MP_01.12.2022_166991230335.png,failure,downloads/7/images/all_images256/ELP_12MP_01.12.2022_166991230335.png
failure (147).jpg,failure,downloads/4/test/failure/failure (147).jpg
ELP_12MP_10.01.2023_167336788360.png,failure,downloads/7/images/all_images256/ELP_12MP_10.01.2023_167336788360.png
ELP_12MP_14.02.2023_167641329042.png,failure,downloads/7/images/all_images256/ELP_12MP_14.02.2023_167641329042.png
ELP_12MP_04.01.2023_167284883349.png,failure,downloads/7/images/all_images256/ELP_12MP_04.01.2023_167284883349.png
ELP_12MP_03.01.2023_167276726607.png,failure,downloads/7/images/all_images256/ELP_12MP_03.01.2023_167276726607.png
ELP_12MP_04.01.2023_167284907049.png,failure,downloads/7/images/all_images256/ELP_12MP_04.01.2023_167284907049.png
ELP_12MP_10.01.2023_167337853254.png,failure,downloads/7/images/all_images256/ELP_12MP_10.01.2023_167337853254.png
bedadherence-fail_1_watermark_1000x759.jpg,failure,downloads/3/spaghetti/bedadherence-fail_1_watermark_1000x759.jpg
ELP_12MP_02.12.2022_166999775774.png,failure,downloads/7/images/all_images256/ELP_12MP_02.12.2022_166999775774.png
failure (79).jpg,failure,downloads/4/train/failure/failure (79).jpg
ELP_12MP_14.02.2023_167640453887.png,failure,downloads/7/images/all_images256/ELP_12MP_14.02.2023_167640453887.png
ELP_12MP_03.01.2023_167275893650.png,failure,downloads/7/images/all_images256/ELP_12MP_03.01.2023_167275893650.png
ELP_12MP_10.01.2023_167338050995.png,failure,downloads/7/images/all_images256/ELP_12MP_10.01.2023_167338050995.png
ELP_12MP_16.02.2023_167658439360.png,failure,downloads/7/images/all_images256/ELP_12MP_16.02.2023_167658439360.png
ELP_12MP_22.12.2022_167173412318.png,failure,downloads/7/images/all_images256/ELP_12MP_22.12.2022_167173412318.png
ELP_12MP_02.01.2023_167267466596.png,failure,downloads/7/images/all_images256/ELP_12MP_02.01.2023_167267466596.png
ELP_12MP_21.12.2022_167165803471.png,failure,downloads/7/images/all_images256/ELP_12MP_21.12.2022_167165803471.png
108_jpg.jpg,failure,downloads/1/test/108_jpg.rf.3a72b5ec9316fa4fd7ce94607e19dbdb.jpg
ELP_12MP_06.12.2022_167033885339.png,failure,downloads/7/images/all_images256/ELP_12MP_06.12.2022_167033885339.png
ELP_12MP_08.01.2023_167318376548.png,failure,downloads/7/images/all_images256/ELP_12MP_08.01.2023_167318376548.png
failure (96).jpg,failure,downloads/4/train/failure/failure (96).jpg
3D-printed-vase-fail-spaghetti-prototyping-hive-800x800_jpg.jpg,failure,downloads/1/test/3D-printed-vase-fail-spaghetti-prototyping-hive-800x800_jpg.rf.799b16a1e2942a4a3d24fcdd54eb461f.jpg
ELP_12MP_03.01.2023_167276697219.png,failure,downloads/7/images/all_images256/ELP_12MP_03.01.2023_167276697219.png
ELP_12MP_02.12.2022_166999583066.png,failure,downloads/7/images/all_images256/ELP_12MP_02.12.2022_166999583066.png
ELP_12MP_06.01.2023_167302002065.png,failure,downloads/7/images/all_images256/ELP_12MP_06.01.2023_167302002065.png
ELP_12MP_05.01.2023_167292674300.png,failure,downloads/7/images/all_images256/ELP_12MP_05.01.2023_167292674300.png
ELP_12MP_05.01.2023_167293119539.png,failure,downloads/7/images/all_images256/ELP_12MP_05.01.2023_167293119539.png
failure (110).jpg,failure,downloads/4/train/failure/failure (110).jpg
ELP_12MP_11.01.2023_167344138727.png,failure,downloads/7/images/all_images256/ELP_12MP_11.01.2023_167344138727.png
ELP_12MP_06.01.2023_167300877614.png,failure,downloads/7/images/all_images256/ELP_12MP_06.01.2023_167300877614.png
ELP_12MP_05.01.2023_167292048339.png,failure,downloads/7/images/all_images256/ELP_12MP_05.01.2023_167292048339.png
ELP_12MP_05.01.2023_167291783757.png,failure,downloads/7/images/all_images256/ELP_12MP_05.01.2023_167291783757.png
ELP_12MP_17.02.2023_167664262531.png,failure,downloads/7/images/all_images256/ELP_12MP_17.02.2023_167664262531.png
ELP_12MP_17.02.2023_167664748107.png,failure,downloads/7/images/all_images256/ELP_12MP_17.02.2023_167664748107.png
ELP_12MP_11.01.2023_167344312638.png,failure,downloads/7/images/all_images256/ELP_12MP_11.01.2023_167344312638.png
ELP_12MP_05.01.2023_167292812107.png,failure,downloads/7/images/all_images256/ELP_12MP_05.01.2023_167292812107.png
ELP_12MP_22.12.2022_167171251401.png,failure,downloads/7/images/all_images256/ELP_12MP_22.12.2022_167171251401.png
ELP_12MP_03.01.2023_167277467737.png,failure,downloads/7/images/all_images256/ELP_12MP_03.01.2023_167277467737.png
43_jpg.jpg,failure,downloads/1/test/43_jpg.rf.dbb02a3122675172d4c2d3d5b33a2017.jpg
53_jpg.jpg,failure,downloads/1/valid/53_jpg.rf.1030f9c376ac27e0018c64961c3d6333.jpg
ELP_12MP_02.12.2022_166999599566.png,failure,downloads/7/images/all_images256/ELP_12MP_02.12.2022_166999599566.png
ELP_12MP_02.01.2023_167267255105.png,failure,downloads/7/images/all_images256/ELP_12MP_02.01.2023_167267255105.png
ELP_12MP_02.01.2023_167267440035.png,failure,downloads/7/images/all_images256/ELP_12MP_02.01.2023_167267440035.png
ELP_12MP_08.01.2023_167318447096.png,failure,downloads/7/images/all_images256/ELP_12MP_08.01.2023_167318447096.png
ELP_12MP_05.01.2023_167292024234.png,failure,downloads/7/images/all_images256/ELP_12MP_05.01.2023_167292024234.png
ELP_12MP_03.01.2023_167276062975.png,failure,downloads/7/images/all_images256/ELP_12MP_03.01.2023_167276062975.png
ELP_12MP_22.12.2022_167173594431.png,failure,downloads/7/images/all_images256/ELP_12MP_22.12.2022_167173594431.png
ELP_12MP_10.01.2023_167336463190.png,failure,downloads/7/images/all_images256/ELP_12MP_10.01.2023_167336463190.png
ELP_12MP_03.01.2023_167276719150.png,failure,downloads/7/images/all_images256/ELP_12MP_03.01.2023_167276719150.png
ELP_12MP_04.01.2023_167284926520.png,failure,downloads/7/images/all_images256/ELP_12MP_04.01.2023_167284926520.png
ELP_12MP_22.12.2022_167173602399.png,failure,downloads/7/images/all_images256/ELP_12MP_22.12.2022_167173602399.png
ELP_12MP_04.01.2023_167284879030.png,failure,downloads/7/images/all_images256/ELP_12MP_04.01.2023_167284879030.png
ELP_12MP_05.01.2023_167291756181.png,failure,downloads/7/images/all_images256/ELP_12MP_05.01.2023_167291756181.png
ELP_12MP_02.01.2023_167267417636.png,failure,downloads/7/images/all_images256/ELP_12MP_02.01.2023_167267417636.png
ELP_12MP_22.12.2022_167171128153.png,failure,downloads/7/images/all_images256/ELP_12MP_22.12.2022_167171128153.png
ELP_12MP_11.01.2023_167344010041.png,failure,downloads/7/images/all_images256/ELP_12MP_11.01.2023_167344010041.png
ELP_12MP_29.11.2022_166975690252.png,failure,downloads/7/images/all_images256/ELP_12MP_29.11.2022_166975690252.png
jrff1s7javz21_jpg.rf.1d67ce0bc5f8585327a900a312de63eb.jpg,failure,downloads/2/train/jrff1s7javz21_jpg.rf.1d67ce0bc5f8585327a900a312de63eb.jpg
imag-137-_jpg.rf.28a28c719b4df06451819e6878126cbd.jpg,failure,downloads/5/train/imag-137-_jpg.rf.28a28c719b4df06451819e6878126cbd.jpg
ELP_12MP_14.02.2023_167641447714.png,failure,downloads/7/images/all_images256/ELP_12MP_14.02.2023_167641447714.png
imag-14-_jpg.rf.00e16a2775ed1b94d471ee8685d93a4e.jpg,failure,downloads/5/train/imag-14-_jpg.rf.00e16a2775ed1b94d471ee8685d93a4e.jpg
Capture-d-ecran--653-_jpg.rf.4301142f1bcee21a3169ccb2c6b3809f.jpg,failure,downloads/2/train/Capture-d-ecran--653-_jpg.rf.4301142f1bcee21a3169ccb2c6b3809f.jpg
ELP_12MP_16.02.2023_167657106087.png,failure,downloads/7/images/all_images256/ELP_12MP_16.02.2023_167657106087.png
ELP_12MP_02.12.2022_166999767615.png,failure,downloads/7/images/all_images256/ELP_12MP_02.12.2022_166999767615.png
file.jpg,failure,downloads/3/spaghetti/file.jpg
23603570754_dcaefb87a8_z-300x222.jpg,failure,downloads/3/spaghetti/23603570754_dcaefb87a8_z-300x222.jpg
ELP_12MP_20.12.2022_167155591268.png,failure,downloads/7/images/all_images256/ELP_12MP_20.12.2022_167155591268.png
ELP_12MP_22.12.2022_167172894353.png,failure,downloads/7/images/all_images256/ELP_12MP_22.12.2022_167172894353.png
ELP_12MP_04.01.2023_167284922948.png,failure,downloads/7/images/all_images256/ELP_12MP_04.01.2023_167284922948.png
ELP_12MP_29.11.2022_166975229959.png,failure,downloads/7/images/all_images256/ELP_12MP_29.11.2022_166975229959.png
ELP_12MP_02.01.2023_167267438602.png,failure,downloads/7/images/all_images256/ELP_12MP_02.01.2023_167267438602.png
ELP_12MP_14.02.2023_167640979827.png,failure,downloads/7/images/all_images256/ELP_12MP_14.02.2023_167640979827.png
ELP_12MP_16.02.2023_167657075914.png,failure,downloads/7/images/all_images256/ELP_12MP_16.02.2023_167657075914.png
failure (55).jpg,failure,downloads/4/train/failure/failure (55).jpg
ELP_12MP_15.02.2023_167647372178.png,failure,downloads/7/images/all_images256/ELP_12MP_15.02.2023_167647372178.png
ELP_12MP_08.01.2023_167319266842.png,failure,downloads/7/images/all_images256/ELP_12MP_08.01.2023_167319266842.png
Failed-3D-Print.png,failure,downloads/3/spaghetti/Failed-3D-Print.png
ELP_12MP_17.02.2023_167664390229.png,failure,downloads/7/images/all_images256/ELP_12MP_17.02.2023_167664390229.png
_jpg.jpg,failure,downloads/1/train/_jpg.rf.8fb7475e930ec13b3fa07d15bf23ce3e.jpg
ELP_12MP_14.02.2023_167639783197.png,failure,downloads/7/images/all_images256/ELP_12MP_14.02.2023_167639783197.png
ELP_12MP_02.01.2023_167267445414.png,failure,downloads/7/images/all_images256/ELP_12MP_02.01.2023_167267445414.png
ELP_12MP_04.01.2023_167284932756.png,failure,downloads/7/images/all_images256/ELP_12MP_04.01.2023_167284932756.png
ELP_12MP_16.02.2023_167658228779.png,failure,downloads/7/images/all_images256/ELP_12MP_16.02.2023_167658228779.png
ELP_12MP_22.12.2022_167172356415.png,failure,downloads/7/images/all_images256/ELP_12MP_22.12.2022_167172356415.png
ELP_12MP_03.01.2023_167276710377.png,failure,downloads/7/images/all_images256/ELP_12MP_03.01.2023_167276710377.png
ELP_12MP_10.01.2023_167338258394.png,failure,downloads/7/images/all_images256/ELP_12MP_10.01.2023_167338258394.png
ELP_12MP_03.01.2023_167276697224.png,failure,downloads/7/images/all_images256/ELP_12MP_03.01.2023_167276697224.png
ELP_12MP_10.01.2023_167338752314.png,failure,downloads/7/images/all_images256/ELP_12MP_10.01.2023_167338752314.png
ELP_12MP_05.01.2023_167291776708.png,failure,downloads/7/images/all_images256/ELP_12MP_05.01.2023_167291776708.png
ELP_12MP_02.01.2023_167267248343.png,failure,downloads/7/images/all_images256/ELP_12MP_02.01.2023_167267248343.png
cb7afa69396b8da7b092bcea0337193654a8ae99e3597e58851c8ba742c716e7_1.jpg,failure,downloads/3/spaghetti/cb7afa69396b8da7b092bcea0337193654a8ae99e3597e58851c8ba742c716e7_1.jpg
hgobj6m6lpha1_cropped_jpg.jpg,failure,downloads/1/train/hgobj6m6lpha1_cropped_jpg.rf.f2848f85c2713f09027710f9f99bbce0.jpg
ELP_12MP_23.02.2023_167718301293.png,failure,downloads/7/images/all_images256/ELP_12MP_23.02.2023_167718301293.png
ELP_12MP_08.01.2023_167318440505.png,failure,downloads/7/images/all_images256/ELP_12MP_08.01.2023_167318440505.png
ELP_12MP_10.01.2023_167337894078.png,failure,downloads/7/images/all_images256/ELP_12MP_10.01.2023_167337894078.png
ELP_12MP_03.01.2023_167276689783.png,failure,downloads/7/images/all_images256/ELP_12MP_03.01.2023_167276689783.png
ELP_12MP_05.01.2023_167293204923.png,failure,downloads/7/images/all_images256/ELP_12MP_05.01.2023_167293204923.png
ELP_12MP_17.02.2023_167664289977.png,failure,downloads/7/images/all_images256/ELP_12MP_17.02.2023_167664289977.png
ELP_12MP_03.01.2023_167276065564.png,failure,downloads/7/images/all_images256/ELP_12MP_03.01.2023_167276065564.png
ELP_12MP_15.02.2023_167647376120.png,failure,downloads/7/images/all_images256/ELP_12MP_15.02.2023_167647376120.png
ELP_12MP_14.02.2023_167640986367.png,failure,downloads/7/images/all_images256/ELP_12MP_14.02.2023_167640986367.png
ELP_12MP_22.12.2022_167171122873.png,failure,downloads/7/images/all_images256/ELP_12MP_22.12.2022_167171122873.png
11bf6290851b168b1222be87413e992c_jpg.rf.7f881d3127040b30f73357235eab1350.jpg,failure,downloads/2/train/11bf6290851b168b1222be87413e992c_jpg.rf.7f881d3127040b30f73357235eab1350.jpg
ELP_12MP_05.01.2023_167292065916.png,failure,downloads/7/images/all_images256/ELP_12MP_05.01.2023_167292065916.png
ELP_12MP_05.01.2023_167291794028.png,failure,downloads/7/images/all_images256/ELP_12MP_05.01.2023_167291794028.png
ELP_12MP_22.12.2022_167173610561.png,failure,downloads/7/images/all_images256/ELP_12MP_22.12.2022_167173610561.png
ELP_12MP_16.02.2023_167658241724.png,failure,downloads/7/images/all_images256/ELP_12MP_16.02.2023_167658241724.png
ELP_12MP_05.01.2023_167291746608.png,failure,downloads/7/images/all_images256/ELP_12MP_05.01.2023_167291746608.png
ELP_12MP_21.12.2022_167165836408.png,failure,downloads/7/images/all_images256/ELP_12MP_21.12.2022_167165836408.png
Capture-d-ecran--313-_jpg.rf.322cb3f75a2018f5f1a94580f2bc59e0.jpg,failure,downloads/2/train/Capture-d-ecran--313-_jpg.rf.322cb3f75a2018f5f1a94580f2bc59e0.jpg
ELP_12MP_01.12.2022_166990965180.png,failure,downloads/7/images/all_images256/ELP_12MP_01.12.2022_166990965180.png
ELP_12MP_03.01.2023_167276048555.png,failure,downloads/7/images/all_images256/ELP_12MP_03.01.2023_167276048555.png
ELP_12MP_22.12.2022_167171384163.png,failure,downloads/7/images/all_images256/ELP_12MP_22.12.2022_167171384163.png
Failed-3D-Print_png.rf.a459ed221f57e4d35df1981deec3769b.jpg,failure,downloads/5/test/Failed-3D-Print_png.rf.a459ed221f57e4d35df1981deec3769b.jpg
ELP_12MP_22.12.2022_167171049803.png,failure,downloads/7/images/all_images256/ELP_12MP_22.12.2022_167171049803.png
ELP_12MP_05.01.2023_167292679989.png,failure,downloads/7/images/all_images256/ELP_12MP_05.01.2023_167292679989.png
ELP_12MP_10.01.2023_167336900493.png,failure,downloads/7/images/all_images256/ELP_12MP_10.01.2023_167336900493.png
ELP_12MP_08.01.2023_167319196894.png,failure,downloads/7/images/all_images256/ELP_12MP_08.01.2023_167319196894.png
ELP_12MP_21.12.2022_167165011742.png,failure,downloads/7/images/all_images256/ELP_12MP_21.12.2022_167165011742.png
ELP_12MP_04.01.2023_167284910497.png,failure,downloads/7/images/all_images256/ELP_12MP_04.01.2023_167284910497.png
Capture-d-ecran--571-_jpg.rf.531b6b49c1d309e13b5b68c1ca8ec126.jpg,failure,downloads/2/train/Capture-d-ecran--571-_jpg.rf.531b6b49c1d309e13b5b68c1ca8ec126.jpg
ELP_12MP_23.02.2023_167717167677.png,failure,downloads/7/images/all_images256/ELP_12MP_23.02.2023_167717167677.png
ELP_12MP_03.01.2023_167275903336.png,failure,downloads/7/images/all_images256/ELP_12MP_03.01.2023_167275903336.png
ELP_12MP_01.12.2022_166991212750.png,failure,downloads/7/images/all_images256/ELP_12MP_01.12.2022_166991212750.png
ELP_12MP_03.01.2023_167275902028.png,failure,downloads/7/images/all_images256/ELP_12MP_03.01.2023_167275902028.png
ELP_12MP_02.01.2023_167267459175.png,failure,downloads/7/images/all_images256/ELP_12MP_02.01.2023_167267459175.png
ELP_12MP_04.01.2023_167284918791.png,failure,downloads/7/images/all_images256/ELP_12MP_04.01.2023_167284918791.png
ELP_12MP_03.01.2023_167276699369.png,failure,downloads/7/images/all_images256/ELP_12MP_03.01.2023_167276699369.png
ELP_12MP_14.02.2023_167639776254.png,failure,downloads/7/images/all_images256/ELP_12MP_14.02.2023_167639776254.png
ELP_12MP_06.12.2022_167033872175.png,failure,downloads/7/images/all_images256/ELP_12MP_06.12.2022_167033872175.png
ELP_12MP_14.02.2023_167640577105.png,failure,downloads/7/images/all_images256/ELP_12MP_14.02.2023_167640577105.png
ELP_12MP_16.02.2023_167657130870.png,failure,downloads/7/images/all_images256/ELP_12MP_16.02.2023_167657130870.png
ELP_12MP_04.01.2023_167284666695.png,failure,downloads/7/images/all_images256/ELP_12MP_04.01.2023_167284666695.png
ELP_12MP_14.02.2023_167639715056.png,failure,downloads/7/images/all_images256/ELP_12MP_14.02.2023_167639715056.png
ELP_12MP_03.01.2023_167276729469.png,failure,downloads/7/images/all_images256/ELP_12MP_03.01.2023_167276729469.png
imag-126-_jpg.jpg,failure,downloads/1/train/imag-126-_jpg.rf.f67b8bd68d2f630ce8654f095dc0bb31.jpg
ELP_12MP_02.12.2022_166999788015.png,failure,downloads/7/images/all_images256/ELP_12MP_02.12.2022_166999788015.png
ELP_12MP_02.01.2023_167267437109.png,failure,downloads/7/images/all_images256/ELP_12MP_02.01.2023_167267437109.png
ELP_12MP_22.12.2022_167170846732.png,failure,downloads/7/images/all_images256/ELP_12MP_22.12.2022_167170846732.png
failure (14).jpg,failure,downloads/4/train/failure/failure (14).jpg
ELP_12MP_16.02.2023_167657104525.png,failure,downloads/7/images/all_images256/ELP_12MP_16.02.2023_167657104525.png
ELP_12MP_23.02.2023_167718533873.png,failure,downloads/7/images/all_images256/ELP_12MP_23.02.2023_167718533873.png
ELP_12MP_21.12.2022_167165834196.png,failure,downloads/7/images/all_images256/ELP_12MP_21.12.2022_167165834196.png
ELP_12MP_21.12.2022_167165812637.png,failure,downloads/7/images/all_images256/ELP_12MP_21.12.2022_167165812637.png
ELP_12MP_22.12.2022_167171252055.png,failure,downloads/7/images/all_images256/ELP_12MP_22.12.2022_167171252055.png
127_jpg.jpg,failure,downloads/1/valid/127_jpg.rf.bdd10b42ded469c91127bf86f8febcc3.jpg
rooster-malfunction-1.jpg,failure,downloads/3/spaghetti/rooster-malfunction-1.jpg
ELP_12MP_03.01.2023_167277474170.png,failure,downloads/7/images/all_images256/ELP_12MP_03.01.2023_167277474170.png
ELP_12MP_11.01.2023_167344848252.png,failure,downloads/7/images/all_images256/ELP_12MP_11.01.2023_167344848252.png
ELP_12MP_05.01.2023_167291764734.png,failure,downloads/7/images/all_images256/ELP_12MP_05.01.2023_167291764734.png
ELP_12MP_16.02.2023_167658467625.png,failure,downloads/7/images/all_images256/ELP_12MP_16.02.2023_167658467625.png
ELP_12MP_03.01.2023_167277494090.png,failure,downloads/7/images/all_images256/ELP_12MP_03.01.2023_167277494090.png
ELP_12MP_20.12.2022_167154416833.png,failure,downloads/7/images/all_images256/ELP_12MP_20.12.2022_167154416833.png
ELP_12MP_10.01.2023_167338073585.png,failure,downloads/7/images/all_images256/ELP_12MP_10.01.2023_167338073585.png
ELP_12MP_01.12.2022_166990979608.png,failure,downloads/7/images/all_images256/ELP_12MP_01.12.2022_166990979608.png
ELP_12MP_29.11.2022_166975747324.png,failure,downloads/7/images/all_images256/ELP_12MP_29.11.2022_166975747324.png
ELP_12MP_29.11.2022_166975464223.png,failure,downloads/7/images/all_images256/ELP_12MP_29.11.2022_166975464223.png
ELP_12MP_16.02.2023_167657112186.png,failure,downloads/7/images/all_images256/ELP_12MP_16.02.2023_167657112186.png
ELP_12MP_03.01.2023_167276056541.png,failure,downloads/7/images/all_images256/ELP_12MP_03.01.2023_167276056541.png
ELP_12MP_15.02.2023_167647355470.png,failure,downloads/7/images/all_images256/ELP_12MP_15.02.2023_167647355470.png
ELP_12MP_14.02.2023_167639776903.png,failure,downloads/7/images/all_images256/ELP_12MP_14.02.2023_167639776903.png
ELP_12MP_16.02.2023_167658626602.png,failure,downloads/7/images/all_images256/ELP_12MP_16.02.2023_167658626602.png
ELP_12MP_05.01.2023_167291802043.png,failure,downloads/7/images/all_images256/ELP_12MP_05.01.2023_167291802043.png
ELP_12MP_02.01.2023_167267472119.png,failure,downloads/7/images/all_images256/ELP_12MP_02.01.2023_167267472119.png
ELP_12MP_02.12.2022_166999747328.png,failure,downloads/7/images/all_images256/ELP_12MP_02.12.2022_166999747328.png
ELP_12MP_03.01.2023_167275926411.png,failure,downloads/7/images/all_images256/ELP_12MP_03.01.2023_167275926411.png
ELP_12MP_14.02.2023_167639710462.png,failure,downloads/7/images/all_images256/ELP_12MP_14.02.2023_167639710462.png
ELP_12MP_05.01.2023_167291748553.png,failure,downloads/7/images/all_images256/ELP_12MP_05.01.2023_167291748553.png
failure (43).jpg,failure,downloads/4/train/failure/failure (43).jpg
ELP_12MP_03.01.2023_167276069766.png,failure,downloads/7/images/all_images256/ELP_12MP_03.01.2023_167276069766.png
a3_jpg.jpg,failure,downloads/1/train/a3_jpg.rf.4d83c999ddbe0dfcdab038b1b5655606.jpg
ELP_12MP_06.12.2022_167033877233.png,failure,downloads/7/images/all_images256/ELP_12MP_06.12.2022_167033877233.png
ELP_12MP_22.12.2022_167171046701.png,failure,downloads/7/images/all_images256/ELP_12MP_22.12.2022_167171046701.png
ELP_12MP_16.02.2023_167656842233.png,failure,downloads/7/images/all_images256/ELP_12MP_16.02.2023_167656842233.png
failure (4).jpg,failure,downloads/4/train/failure/failure (4).jpg
ELP_12MP_04.01.2023_167284901003.png,failure,downloads/7/images/all_images256/ELP_12MP_04.01.2023_167284901003.png
failure (34).jpg,failure,downloads/4/train/failure/failure (34).jpg
ELP_12MP_10.01.2023_167338357338.png,failure,downloads/7/images/all_images256/ELP_12MP_10.01.2023_167338357338.png
ELP_12MP_06.12.2022_167033865621.png,failure,downloads/7/images/all_images256/ELP_12MP_06.12.2022_167033865621.png
ELP_12MP_23.02.2023_167718541773.png,failure,downloads/7/images/all_images256/ELP_12MP_23.02.2023_167718541773.png
ELP_12MP_03.01.2023_167277513880.png,failure,downloads/7/images/all_images256/ELP_12MP_03.01.2023_167277513880.png
ELP_12MP_02.12.2022_166999836684.png,failure,downloads/7/images/all_images256/ELP_12MP_02.12.2022_166999836684.png
ELP_12MP_02.12.2022_166999644623.png,failure,downloads/7/images/all_images256/ELP_12MP_02.12.2022_166999644623.png
ELP_12MP_10.01.2023_167338083847.png,failure,downloads/7/images/all_images256/ELP_12MP_10.01.2023_167338083847.png
ELP_12MP_21.12.2022_167165161066.png,failure,downloads/7/images/all_images256/ELP_12MP_21.12.2022_167165161066.png
ELP_12MP_22.12.2022_167171109996.png,failure,downloads/7/images/all_images256/ELP_12MP_22.12.2022_167171109996.png
ELP_12MP_04.01.2023_167284896357.png,failure,downloads/7/images/all_images256/ELP_12MP_04.01.2023_167284896357.png
ELP_12MP_05.01.2023_167291756747.png,failure,downloads/7/images/all_images256/ELP_12MP_05.01.2023_167291756747.png
ELP_12MP_14.02.2023_167639721695.png,failure,downloads/7/images/all_images256/ELP_12MP_14.02.2023_167639721695.png
ELP_12MP_01.12.2022_166990958149.png,failure,downloads/7/images/all_images256/ELP_12MP_01.12.2022_166990958149.png
ELP_12MP_21.12.2022_167165787974.png,failure,downloads/7/images/all_images256/ELP_12MP_21.12.2022_167165787974.png
ELP_12MP_14.02.2023_167639787734.png,failure,downloads/7/images/all_images256/ELP_12MP_14.02.2023_167639787734.png
ELP_12MP_03.01.2023_167277508287.png,failure,downloads/7/images/all_images256/ELP_12MP_03.01.2023_167277508287.png
ELP_12MP_05.01.2023_167291747879.png,failure,downloads/7/images/all_images256/ELP_12MP_05.01.2023_167291747879.png
101_jpg.jpg,failure,downloads/1/valid/101_jpg.rf.1601d50bc52e4365d3053be4cbc3a215.jpg
111_jpg.jpg,failure,downloads/1/test/111_jpg.rf.138933f8c30542717b98a1736aac7054.jpg
ELP_12MP_17.02.2023_167664398501.png,failure,downloads/7/images/all_images256/ELP_12MP_17.02.2023_167664398501.png
ELP_12MP_03.01.2023_167277494086.png,failure,downloads/7/images/all_images256/ELP_12MP_03.01.2023_167277494086.png
ELP_12MP_03.01.2023_167277479330.png,failure,downloads/7/images/all_images256/ELP_12MP_03.01.2023_167277479330.png
ELP_12MP_03.01.2023_167275912761.png,failure,downloads/7/images/all_images256/ELP_12MP_03.01.2023_167275912761.png
ELP_12MP_23.02.2023_167717123235.png,failure,downloads/7/images/all_images256/ELP_12MP_23.02.2023_167717123235.png
7f8cd9c5c260893ba5730d7dfdb5d263.jpg,failure,downloads/3/spaghetti/7f8cd9c5c260893ba5730d7dfdb5d263.jpg
ELP_12MP_17.02.2023_167664298930.png,failure,downloads/7/images/all_images256/ELP_12MP_17.02.2023_167664298930.png
failure (63).jpg,failure,downloads/4/train/failure/failure (63).jpg
ELP_12MP_02.12.2022_166999779788.png,failure,downloads/7/images/all_images256/ELP_12MP_02.12.2022_166999779788.png
ELP_12MP_14.02.2023_167639804540.png,failure,downloads/7/images/all_images256/ELP_12MP_14.02.2023_167639804540.png
ELP_12MP_11.01.2023_167343684031.png,failure,downloads/7/images/all_images256/ELP_12MP_11.01.2023_167343684031.png
3D-Printing-Tips_4_9_2015.png,failure,downloads/3/spaghetti/3D-Printing-Tips_4_9_2015.png
ELP_12MP_05.01.2023_167291905510.png,failure,downloads/7/images/all_images256/ELP_12MP_05.01.2023_167291905510.png
ELP_12MP_29.12.2022_167232578896.png,failure,downloads/7/images/all_images256/ELP_12MP_29.12.2022_167232578896.png
ELP_12MP_03.01.2023_167276061660.png,failure,downloads/7/images/all_images256/ELP_12MP_03.01.2023_167276061660.png
Capture-d-ecran--604-_jpg.rf.3c42aab594a81a4bc892b90241d45aeb.jpg,failure,downloads/2/train/Capture-d-ecran--604-_jpg.rf.3c42aab594a81a4bc892b90241d45aeb.jpg
ELP_12MP_05.01.2023_167291798758.png,failure,downloads/7/images/all_images256/ELP_12MP_05.01.2023_167291798758.png
ELP_12MP_16.02.2023_167658443550.png,failure,downloads/7/images/all_images256/ELP_12MP_16.02.2023_167658443550.png
ELP_12MP_06.12.2022_167033879750.png,failure,downloads/7/images/all_images256/ELP_12MP_06.12.2022_167033879750.png
ELP_12MP_16.02.2023_167656739930.png,failure,downloads/7/images/all_images256/ELP_12MP_16.02.2023_167656739930.png
ELP_12MP_10.01.2023_167338967165.png,failure,downloads/7/images/all_images256/ELP_12MP_10.01.2023_167338967165.png
ELP_12MP_11.01.2023_167343687289.png,failure,downloads/7/images/all_images256/ELP_12MP_11.01.2023_167343687289.png
ELP_12MP_23.02.2023_167718917433.png,failure,downloads/7/images/all_images256/ELP_12MP_23.02.2023_167718917433.png
ELP_12MP_05.01.2023_167294411097.png,failure,downloads/7/images/all_images256/ELP_12MP_05.01.2023_167294411097.png
ELP_12MP_01.12.2022_166990967622.png,failure,downloads/7/images/all_images256/ELP_12MP_01.12.2022_166990967622.png
ELP_12MP_10.01.2023_167337623578.png,failure,downloads/7/images/all_images256/ELP_12MP_10.01.2023_167337623578.png
ELP_12MP_03.01.2023_167275914112.png,failure,downloads/7/images/all_images256/ELP_12MP_03.01.2023_167275914112.png
ELP_12MP_02.12.2022_166999673528.png,failure,downloads/7/images/all_images256/ELP_12MP_02.12.2022_166999673528.png
ELP_12MP_10.01.2023_167336785914.png,failure,downloads/7/images/all_images256/ELP_12MP_10.01.2023_167336785914.png
ELP_12MP_05.01.2023_167291910690.png,failure,downloads/7/images/all_images256/ELP_12MP_05.01.2023_167291910690.png
ELP_12MP_14.02.2023_167641318317.png,failure,downloads/7/images/all_images256/ELP_12MP_14.02.2023_167641318317.png
ELP_12MP_23.02.2023_167717240266.png,failure,downloads/7/images/all_images256/ELP_12MP_23.02.2023_167717240266.png
images (7).jpg,failure,downloads/3/spaghetti/images (7).jpg
ELP_12MP_03.01.2023_167276711679.png,failure,downloads/7/images/all_images256/ELP_12MP_03.01.2023_167276711679.png
ELP_12MP_14.02.2023_167640858343.png,failure,downloads/7/images/all_images256/ELP_12MP_14.02.2023_167640858343.png
ELP_12MP_03.01.2023_167276731436.png,failure,downloads/7/images/all_images256/ELP_12MP_03.01.2023_167276731436.png
ELP_12MP_03.01.2023_167275927335.png,failure,downloads/7/images/all_images256/ELP_12MP_03.01.2023_167275927335.png
ELP_12MP_03.01.2023_167276694934.png,failure,downloads/7/images/all_images256/ELP_12MP_03.01.2023_167276694934.png
ELP_12MP_01.12.2022_166990962821.png,failure,downloads/7/images/all_images256/ELP_12MP_01.12.2022_166990962821.png
ELP_12MP_02.12.2022_166999848004.png,failure,downloads/7/images/all_images256/ELP_12MP_02.12.2022_166999848004.png
failure (75).JPG,failure,downloads/4/train/failure/failure (75).JPG
ELP_12MP_01.12.2022_166991220643.png,failure,downloads/7/images/all_images256/ELP_12MP_01.12.2022_166991220643.png
ELP_12MP_04.01.2023_167284679833.png,failure,downloads/7/images/all_images256/ELP_12MP_04.01.2023_167284679833.png
ELP_12MP_02.12.2022_166999615732.png,failure,downloads/7/images/all_images256/ELP_12MP_02.12.2022_166999615732.png
ELP_12MP_05.01.2023_167291742450.png,failure,downloads/7/images/all_images256/ELP_12MP_05.01.2023_167291742450.png
38_jpg.jpg,failure,downloads/1/valid/38_jpg.rf.8fbe987d7f5c7b1f919eeddd0de1854d.jpg
ELP_12MP_08.01.2023_167318631352.png,failure,downloads/7/images/all_images256/ELP_12MP_08.01.2023_167318631352.png
ELP_12MP_05.01.2023_167292065928.png,failure,downloads/7/images/all_images256/ELP_12MP_05.01.2023_167292065928.png
ELP_12MP_22.12.2022_167172892250.png,failure,downloads/7/images/all_images256/ELP_12MP_22.12.2022_167172892250.png
ELP_12MP_22.12.2022_167171114469.png,failure,downloads/7/images/all_images256/ELP_12MP_22.12.2022_167171114469.png
ELP_12MP_08.01.2023_167318638410.png,failure,downloads/7/images/all_images256/ELP_12MP_08.01.2023_167318638410.png
imag-130-_jpg.rf.0e71e8e8136ff49e5b1a2b2bfcbee55a.jpg,failure,downloads/5/test/imag-130-_jpg.rf.0e71e8e8136ff49e5b1a2b2bfcbee55a.jpg
28_jpg.jpg,failure,downloads/1/test/28_jpg.rf.d85bcaad2bd9a791acd19eed59ed9d29.jpg
ELP_12MP_04.01.2023_167284946764.png,failure,downloads/7/images/all_images256/ELP_12MP_04.01.2023_167284946764.png
ELP_12MP_02.01.2023_167267436349.png,failure,downloads/7/images/all_images256/ELP_12MP_02.01.2023_167267436349.png
ELP_12MP_05.01.2023_167291744753.png,failure,downloads/7/images/all_images256/ELP_12MP_05.01.2023_167291744753.png
ELP_12MP_05.01.2023_167291770390.png,failure,downloads/7/images/all_images256/ELP_12MP_05.01.2023_167291770390.png
ELP_12MP_16.02.2023_167657123985.png,failure,downloads/7/images/all_images256/ELP_12MP_16.02.2023_167657123985.png
ELP_12MP_03.01.2023_167276053981.png,failure,downloads/7/images/all_images256/ELP_12MP_03.01.2023_167276053981.png
ELP_12MP_22.12.2022_167171045801.png,failure,downloads/7/images/all_images256/ELP_12MP_22.12.2022_167171045801.png
ELP_12MP_05.01.2023_167292885085.png,failure,downloads/7/images/all_images256/ELP_12MP_05.01.2023_167292885085.png
ELP_12MP_08.01.2023_167318652144.png,failure,downloads/7/images/all_images256/ELP_12MP_08.01.2023_167318652144.png
ELP_12MP_29.11.2022_166975693201.png,failure,downloads/7/images/all_images256/ELP_12MP_29.11.2022_166975693201.png
ELP_12MP_05.01.2023_167291763313.png,failure,downloads/7/images/all_images256/ELP_12MP_05.01.2023_167291763313.png
Capture-d-ecran--612-_jpg.rf.24179eed71e418c76ce86835c6184960.jpg,failure,downloads/2/train/Capture-d-ecran--612-_jpg.rf.24179eed71e418c76ce86835c6184960.jpg
ELP_12MP_05.01.2023_167291762743.png,failure,downloads/7/images/all_images256/ELP_12MP_05.01.2023_167291762743.png
ELP_12MP_10.01.2023_167337551591.png,failure,downloads/7/images/all_images256/ELP_12MP_10.01.2023_167337551591.png
a4ea5965333076758445fe3fc9812f11_jpg.rf.bad23638965c1d6be0ca639e4d7a79e1.jpg,failure,downloads/2/train/a4ea5965333076758445fe3fc9812f11_jpg.rf.bad23638965c1d6be0ca639e4d7a79e1.jpg
failure (22).jpg,failure,downloads/4/train/failure/failure (22).jpg
ELP_12MP_04.01.2023_167284915116.png,failure,downloads/7/images/all_images256/ELP_12MP_04.01.2023_167284915116.png
ELP_12MP_05.01.2023_167291758622.png,failure,downloads/7/images/all_images256/ELP_12MP_05.01.2023_167291758622.png
ELP_12MP_22.12.2022_167171128804.png,failure,downloads/7/images/all_images256/ELP_12MP_22.12.2022_167171128804.png
ELP_12MP_05.01.2023_167294422930.png,failure,downloads/7/images/all_images256/ELP_12MP_05.01.2023_167294422930.png
ELP_12MP_05.01.2023_167292684225.png,failure,downloads/7/images/all_images256/ELP_12MP_05.01.2023_167292684225.png
ELP_12MP_05.01.2023_167292679380.png,failure,downloads/7/images/all_images256/ELP_12MP_05.01.2023_167292679380.png
ELP_12MP_17.02.2023_167664767859.png,failure,downloads/7/images/all_images256/ELP_12MP_17.02.2023_167664767859.png
ELP_12MP_03.01.2023_167276730502.png,failure,downloads/7/images/all_images256/ELP_12MP_03.01.2023_167276730502.png
ELP_12MP_11.01.2023_167343493873.png,failure,downloads/7/images/all_images256/ELP_12MP_11.01.2023_167343493873.png
ELP_12MP_03.01.2023_167277499367.png,failure,downloads/7/images/all_images256/ELP_12MP_03.01.2023_167277499367.png
ELP_12MP_29.11.2022_166975483243.png,failure,downloads/7/images/all_images256/ELP_12MP_29.11.2022_166975483243.png
ELP_12MP_10.01.2023_167337600996.png,failure,downloads/7/images/all_images256/ELP_12MP_10.01.2023_167337600996.png
ELP_12MP_01.12.2022_166991244662.png,failure,downloads/7/images/all_images256/ELP_12MP_01.12.2022_166991244662.png
vRQMKNk_png.rf.00b1357b252980da5312b5b3891c32d3.jpg,failure,downloads/5/train/vRQMKNk_png.rf.00b1357b252980da5312b5b3891c32d3.jpg
ELP_12MP_04.01.2023_167284652863.png,failure,downloads/7/images/all_images256/ELP_12MP_04.01.2023_167284652863.png
ELP_12MP_22.12.2022_167173429831.png,failure,downloads/7/images/all_images256/ELP_12MP_22.12.2022_167173429831.png
Capture-d-ecran--599-_jpg.rf.25e10e0cb596f23dcbac14fad7be0846.jpg,failure,downloads/2/train/Capture-d-ecran--599-_jpg.rf.25e10e0cb596f23dcbac14fad7be0846.jpg
20210409_172720-jpg-8ae01c51a22d76203fe9c8e52b3dd0c0_jpg.rf.13b9bea3ff56eedc6f18006caa1cec44.jpg,failure,downloads/2/train/20210409_172720-jpg-8ae01c51a22d76203fe9c8e52b3dd0c0_jpg.rf.13b9bea3ff56eedc6f18006caa1cec44.jpg
ELP_12MP_22.12.2022_167172353037.png,failure,downloads/7/images/all_images256/ELP_12MP_22.12.2022_167172353037.png
ELP_12MP_17.02.2023_167664767118.png,failure,downloads/7/images/all_images256/ELP_12MP_17.02.2023_167664767118.png
ELP_12MP_16.02.2023_167657003857.png,failure,downloads/7/images/all_images256/ELP_12MP_16.02.2023_167657003857.png
ELP_12MP_17.02.2023_167663750713.png,failure,downloads/7/images/all_images256/ELP_12MP_17.02.2023_167663750713.png
ELP_12MP_04.01.2023_167284949872.png,failure,downloads/7/images/all_images256/ELP_12MP_04.01.2023_167284949872.png
81_jpg.jpg,failure,downloads/1/test/81_jpg.rf.1deac0e03f1865c0ac2f83aa68a5b0e9.jpg
ELP_12MP_03.01.2023_167277480839.png,failure,downloads/7/images/all_images256/ELP_12MP_03.01.2023_167277480839.png
ELP_12MP_05.01.2023_167291772034.png,failure,downloads/7/images/all_images256/ELP_12MP_05.01.2023_167291772034.png
ELP_12MP_01.12.2022_166991210569.png,failure,downloads/7/images/all_images256/ELP_12MP_01.12.2022_166991210569.png
ELP_12MP_10.01.2023_167336920423.png,failure,downloads/7/images/all_images256/ELP_12MP_10.01.2023_167336920423.png
ELP_12MP_10.01.2023_167338995052.png,failure,downloads/7/images/all_images256/ELP_12MP_10.01.2023_167338995052.png
ELP_12MP_22.12.2022_167173594426.png,failure,downloads/7/images/all_images256/ELP_12MP_22.12.2022_167173594426.png
ELP_12MP_05.01.2023_167293120350.png,failure,downloads/7/images/all_images256/ELP_12MP_05.01.2023_167293120350.png
ELP_12MP_03.01.2023_167276731813.png,failure,downloads/7/images/all_images256/ELP_12MP_03.01.2023_167276731813.png
ELP_12MP_10.01.2023_167338069483.png,failure,downloads/7/images/all_images256/ELP_12MP_10.01.2023_167338069483.png
ELP_12MP_22.12.2022_167171399534.png,failure,downloads/7/images/all_images256/ELP_12MP_22.12.2022_167171399534.png
91_jpg.jpg,failure,downloads/1/valid/91_jpg.rf.4be3b7bada6666de89f8d1c1c8c44911.jpg
ELP_12MP_11.01.2023_167343474795.png,failure,downloads/7/images/all_images256/ELP_12MP_11.01.2023_167343474795.png
failed-3d-print-260nw-778660537.jpg,failure,downloads/3/spaghetti/failed-3d-print-260nw-778660537.jpg
65_jpg.jpg,failure,downloads/1/test/65_jpg.rf.abccbae47e74e35ef5f2080a7ccd8944.jpg
ELP_12MP_02.01.2023_167267453705.png,failure,downloads/7/images/all_images256/ELP_12MP_02.01.2023_167267453705.png
ELP_12MP_23.02.2023_167718325118.png,failure,downloads/7/images/all_images256/ELP_12MP_23.02.2023_167718325118.png
4_jpg.jpg,failure,downloads/1/test/4_jpg.rf.ad52e893d8f35d9610d59a1dbba55fa7.jpg
75_jpg.jpg,failure,downloads/1/test/75_jpg.rf.e9f35e9592a1f63f15017b69cb0a2c8e.jpg
3d-printing-mistakes-problems_jpg.rf.2443ba36848f5d3e0634a875cd35e37b.jpg,failure,downloads/2/valid/3d-printing-mistakes-problems_jpg.rf.2443ba36848f5d3e0634a875cd35e37b.jpg
ELP_12MP_21.12.2022_167165229676.png,failure,downloads/7/images/all_images256/ELP_12MP_21.12.2022_167165229676.png
ELP_12MP_03.01.2023_167275905340.png,failure,downloads/7/images/all_images256/ELP_12MP_03.01.2023_167275905340.png
h910aqz8f0p51_jpg.rf.0bfc66c4c8cf3f89d00681ff3e050ea3.jpg,failure,downloads/2/train/h910aqz8f0p51_jpg.rf.0bfc66c4c8cf3f89d00681ff3e050ea3.jpg
ELP_12MP_04.01.2023_167284936719.png,failure,downloads/7/images/all_images256/ELP_12MP_04.01.2023_167284936719.png
ELP_12MP_02.12.2022_166999599570.png,failure,downloads/7/images/all_images256/ELP_12MP_02.12.2022_166999599570.png
ELP_12MP_03.01.2023_167276715754.png,failure,downloads/7/images/all_images256/ELP_12MP_03.01.2023_167276715754.png
ELP_12MP_14.02.2023_167640449407.png,failure,downloads/7/images/all_images256/ELP_12MP_14.02.2023_167640449407.png
failure (59).jpg,failure,downloads/4/train/failure/failure (59).jpg
ELP_12MP_05.01.2023_167291754964.png,failure,downloads/7/images/all_images256/ELP_12MP_05.01.2023_167291754964.png
ELP_12MP_16.02.2023_167658460015.png,failure,downloads/7/images/all_images256/ELP_12MP_16.02.2023_167658460015.png
ELP_12MP_10.01.2023_167337881853.png,failure,downloads/7/images/all_images256/ELP_12MP_10.01.2023_167337881853.png
ELP_12MP_04.01.2023_167284949867.png,failure,downloads/7/images/all_images256/ELP_12MP_04.01.2023_167284949867.png
ELP_12MP_06.01.2023_167301050729.png,failure,downloads/7/images/all_images256/ELP_12MP_06.01.2023_167301050729.png
ELP_12MP_02.01.2023_167267245499.png,failure,downloads/7/images/all_images256/ELP_12MP_02.01.2023_167267245499.png
ELP_12MP_05.01.2023_167292684230.png,failure,downloads/7/images/all_images256/ELP_12MP_05.01.2023_167292684230.png
ELP_12MP_21.12.2022_167165032239.png,failure,downloads/7/images/all_images256/ELP_12MP_21.12.2022_167165032239.png
ELP_12MP_14.02.2023_167640986614.png,failure,downloads/7/images/all_images256/ELP_12MP_14.02.2023_167640986614.png
ELP_12MP_02.12.2022_166999706217.png,failure,downloads/7/images/all_images256/ELP_12MP_02.12.2022_166999706217.png
337677283_227984763122287_5386236488572119121_n_jpg.jpg,failure,downloads/1/train/337677283_227984763122287_5386236488572119121_n_jpg.rf.4df79b44f2ce3551e631477f1a7c654d.jpg
Capture-d-ecran--418-_jpg.rf.0917fca404734234dc4220891300b1db.jpg,failure,downloads/2/train/Capture-d-ecran--418-_jpg.rf.0917fca404734234dc4220891300b1db.jpg
ELP_12MP_03.01.2023_167275878340.png,failure,downloads/7/images/all_images256/ELP_12MP_03.01.2023_167275878340.png
ELP_12MP_05.01.2023_167293199449.png,failure,downloads/7/images/all_images256/ELP_12MP_05.01.2023_167293199449.png
ELP_12MP_10.01.2023_167337860893.png,failure,downloads/7/images/all_images256/ELP_12MP_10.01.2023_167337860893.png
ELP_12MP_10.01.2023_167338361516.png,failure,downloads/7/images/all_images256/ELP_12MP_10.01.2023_167338361516.png
ELP_12MP_10.01.2023_167336926251.png,failure,downloads/7/images/all_images256/ELP_12MP_10.01.2023_167336926251.png
ELP_12MP_08.01.2023_167318464315.png,failure,downloads/7/images/all_images256/ELP_12MP_08.01.2023_167318464315.png
ELP_12MP_21.12.2022_167165003543.png,failure,downloads/7/images/all_images256/ELP_12MP_21.12.2022_167165003543.png
ELP_12MP_14.02.2023_167640444309.png,failure,downloads/7/images/all_images256/ELP_12MP_14.02.2023_167640444309.png
ELP_12MP_11.01.2023_167344146984.png,failure,downloads/7/images/all_images256/ELP_12MP_11.01.2023_167344146984.png
ELP_12MP_16.02.2023_167658239893.png,failure,downloads/7/images/all_images256/ELP_12MP_16.02.2023_167658239893.png
ELP_12MP_21.12.2022_167165753675.png,failure,downloads/7/images/all_images256/ELP_12MP_21.12.2022_167165753675.png
ELP_12MP_02.12.2022_166999847493.png,failure,downloads/7/images/all_images256/ELP_12MP_02.12.2022_166999847493.png
ELP_12MP_10.01.2023_167338343953.png,failure,downloads/7/images/all_images256/ELP_12MP_10.01.2023_167338343953.png
ELP_12MP_11.01.2023_167343966533.png,failure,downloads/7/images/all_images256/ELP_12MP_11.01.2023_167343966533.png
ELP_12MP_05.01.2023_167292013840.png,failure,downloads/7/images/all_images256/ELP_12MP_05.01.2023_167292013840.png
ELP_12MP_14.02.2023_167639978918.png,failure,downloads/7/images/all_images256/ELP_12MP_14.02.2023_167639978918.png
ELP_12MP_11.01.2023_167343460252.png,failure,downloads/7/images/all_images256/ELP_12MP_11.01.2023_167343460252.png
ELP_12MP_22.12.2022_167171057237.png,failure,downloads/7/images/all_images256/ELP_12MP_22.12.2022_167171057237.png
ELP_12MP_14.02.2023_167640982880.png,failure,downloads/7/images/all_images256/ELP_12MP_14.02.2023_167640982880.png
ELP_12MP_05.01.2023_167292805121.png,failure,downloads/7/images/all_images256/ELP_12MP_05.01.2023_167292805121.png
failure (130).jpg,failure,downloads/4/valid/failure/failure (130).jpg
ELP_12MP_04.01.2023_167284685445.png,failure,downloads/7/images/all_images256/ELP_12MP_04.01.2023_167284685445.png
ELP_12MP_29.12.2022_167232633580.png,failure,downloads/7/images/all_images256/ELP_12MP_29.12.2022_167232633580.png
ELP_12MP_04.01.2023_167284911952.png,failure,downloads/7/images/all_images256/ELP_12MP_04.01.2023_167284911952.png
ELP_12MP_22.12.2022_167172887099.png,failure,downloads/7/images/all_images256/ELP_12MP_22.12.2022_167172887099.png
ELP_12MP_05.01.2023_167291910685.png,failure,downloads/7/images/all_images256/ELP_12MP_05.01.2023_167291910685.png
ELP_12MP_04.01.2023_167284664056.png,failure,downloads/7/images/all_images256/ELP_12MP_04.01.2023_167284664056.png
ELP_12MP_02.01.2023_167267250447.png,failure,downloads/7/images/all_images256/ELP_12MP_02.01.2023_167267250447.png
ELP_12MP_16.02.2023_167657139658.png,failure,downloads/7/images/all_images256/ELP_12MP_16.02.2023_167657139658.png
ELP_12MP_03.01.2023_167276712365.png,failure,downloads/7/images/all_images256/ELP_12MP_03.01.2023_167276712365.png
ELP_12MP_01.12.2022_166991231808.png,failure,downloads/7/images/all_images256/ELP_12MP_01.12.2022_166991231808.png
ELP_12MP_06.01.2023_167301152506.png,failure,downloads/7/images/all_images256/ELP_12MP_06.01.2023_167301152506.png
ELP_12MP_17.02.2023_167664271188.png,failure,downloads/7/images/all_images256/ELP_12MP_17.02.2023_167664271188.png
ELP_12MP_03.01.2023_167277512976.png,failure,downloads/7/images/all_images256/ELP_12MP_03.01.2023_167277512976.png
failure (18).jpg,failure,downloads/4/train/failure/failure (18).jpg
ELP_12MP_01.12.2022_166990955849.png,failure,downloads/7/images/all_images256/ELP_12MP_01.12.2022_166990955849.png
ELP_12MP_17.02.2023_167664764772.png,failure,downloads/7/images/all_images256/ELP_12MP_17.02.2023_167664764772.png
ELP_12MP_01.12.2022_166991243291.png,failure,downloads/7/images/all_images256/ELP_12MP_01.12.2022_166991243291.png
Capture-d-ecran--636-_jpg.rf.0d02faa4bc0c870bd3335a5946bfd241.jpg,failure,downloads/2/train/Capture-d-ecran--636-_jpg.rf.0d02faa4bc0c870bd3335a5946bfd241.jpg
ELP_12MP_05.01.2023_167291760948.png,failure,downloads/7/images/all_images256/ELP_12MP_05.01.2023_167291760948.png
ELP_12MP_22.12.2022_167171118332.png,failure,downloads/7/images/all_images256/ELP_12MP_22.12.2022_167171118332.png
ELP_12MP_03.01.2023_167276075166.png,failure,downloads/7/images/all_images256/ELP_12MP_03.01.2023_167276075166.png
ELP_12MP_10.01.2023_167336898408.png,failure,downloads/7/images/all_images256/ELP_12MP_10.01.2023_167336898408.png
ELP_12MP_22.12.2022_167173470400.png,failure,downloads/7/images/all_images256/ELP_12MP_22.12.2022_167173470400.png
ELP_12MP_02.12.2022_166999847518.png,failure,downloads/7/images/all_images256/ELP_12MP_02.12.2022_166999847518.png
ELP_12MP_02.01.2023_167267437888.png,failure,downloads/7/images/all_images256/ELP_12MP_02.01.2023_167267437888.png
ELP_12MP_16.02.2023_167656739925.png,failure,downloads/7/images/all_images256/ELP_12MP_16.02.2023_167656739925.png
ELP_12MP_15.02.2023_167647018722.png,failure,downloads/7/images/all_images256/ELP_12MP_15.02.2023_167647018722.png
ELP_12MP_03.01.2023_167277491458.png,failure,downloads/7/images/all_images256/ELP_12MP_03.01.2023_167277491458.png
ELP_12MP_10.01.2023_167338231282.png,failure,downloads/7/images/all_images256/ELP_12MP_10.01.2023_167338231282.png
ELP_12MP_22.12.2022_167171034196.png,failure,downloads/7/images/all_images256/ELP_12MP_22.12.2022_167171034196.png
7f8cd9c5c260893ba5730d7dfdb5d263_jpg.jpg,failure,downloads/1/test/7f8cd9c5c260893ba5730d7dfdb5d263_jpg.rf.4ec95cd900b0923d33a3b28b63948579.jpg
images 2.jpg,failure,
ELP_12MP_02.01.2023_167267464546.png,failure,downloads/7/images/all_images256/ELP_12MP_02.01.2023_167267464546.png
ELP_12MP_01.12.2022_166991238179.png,failure,downloads/7/images/all_images256/ELP_12MP_01.12.2022_166991238179.png
failure (126).jpg,failure,downloads/4/valid/failure/failure (126).jpg
ELP_12MP_01.12.2022_166991240968.png,failure,downloads/7/images/all_images256/ELP_12MP_01.12.2022_166991240968.png
ELP_12MP_04.01.2023_167284667985.png,failure,downloads/7/images/all_images256/ELP_12MP_04.01.2023_167284667985.png
ELP_12MP_10.01.2023_167336870375.png,failure,downloads/7/images/all_images256/ELP_12MP_10.01.2023_167336870375.png
ELP_12MP_03.01.2023_167275904664.png,failure,downloads/7/images/all_images256/ELP_12MP_03.01.2023_167275904664.png
ELP_12MP_02.01.2023_167267415156.png,failure,downloads/7/images/all_images256/ELP_12MP_02.01.2023_167267415156.png
ELP_12MP_14.02.2023_167640868108.png,failure,downloads/7/images/all_images256/ELP_12MP_14.02.2023_167640868108.png
ELP_12MP_14.02.2023_167640981972.png,failure,downloads/7/images/all_images256/ELP_12MP_14.02.2023_167640981972.png
ELP_12MP_17.02.2023_167664752798.png,failure,downloads/7/images/all_images256/ELP_12MP_17.02.2023_167664752798.png
ELP_12MP_03.01.2023_167276071843.png,failure,downloads/7/images/all_images256/ELP_12MP_03.01.2023_167276071843.png
ELP_12MP_22.12.2022_167171253360.png,failure,downloads/7/images/all_images256/ELP_12MP_22.12.2022_167171253360.png
ELP_12MP_04.01.2023_167284899924.png,failure,downloads/7/images/all_images256/ELP_12MP_04.01.2023_167284899924.png
ELP_12MP_22.12.2022_167171358547.png,failure,downloads/7/images/all_images256/ELP_12MP_22.12.2022_167171358547.png
ELP_12MP_03.01.2023_167275909368.png,failure,downloads/7/images/all_images256/ELP_12MP_03.01.2023_167275909368.png
ELP_12MP_02.12.2022_166999808794.png,failure,downloads/7/images/all_images256/ELP_12MP_02.12.2022_166999808794.png
ELP_12MP_22.12.2022_167171257112.png,failure,downloads/7/images/all_images256/ELP_12MP_22.12.2022_167171257112.png
ELP_12MP_16.02.2023_167656769451.png,failure,downloads/7/images/all_images256/ELP_12MP_16.02.2023_167656769451.png
ELP_12MP_22.12.2022_167172586242.png,failure,downloads/7/images/all_images256/ELP_12MP_22.12.2022_167172586242.png
ELP_12MP_03.01.2023_167276704739.png,failure,downloads/7/images/all_images256/ELP_12MP_03.01.2023_167276704739.png
ELP_12MP_29.11.2022_166975466351.png,failure,downloads/7/images/all_images256/ELP_12MP_29.11.2022_166975466351.png
ELP_12MP_14.02.2023_167640975171.png,failure,downloads/7/images/all_images256/ELP_12MP_14.02.2023_167640975171.png
aaaa.jpg,failure,downloads/3/spaghetti/aaaa.jpg
ELP_12MP_03.01.2023_167276077215.png,failure,downloads/7/images/all_images256/ELP_12MP_03.01.2023_167276077215.png
ELP_12MP_04.01.2023_167285006560.png,failure,downloads/7/images/all_images256/ELP_12MP_04.01.2023_167285006560.png
ELP_12MP_14.02.2023_167639843420.png,failure,downloads/7/images/all_images256/ELP_12MP_14.02.2023_167639843420.png
ELP_12MP_02.12.2022_166999804637.png,failure,downloads/7/images/all_images256/ELP_12MP_02.12.2022_166999804637.png
ELP_12MP_05.01.2023_167292043440.png,failure,downloads/7/images/all_images256/ELP_12MP_05.01.2023_167292043440.png
ELP_12MP_10.01.2023_167338210728.png,failure,downloads/7/images/all_images256/ELP_12MP_10.01.2023_167338210728.png
ELP_12MP_14.02.2023_167640984639.png,failure,downloads/7/images/all_images256/ELP_12MP_14.02.2023_167640984639.png
17_jpg.jpg,failure,downloads/1/test/17_jpg.rf.b43ce32308589446bfb2beed940b998f.jpg
ELP_12MP_02.12.2022_166999804633.png,failure,downloads/7/images/all_images256/ELP_12MP_02.12.2022_166999804633.png
ELP_12MP_05.01.2023_167291755539.png,failure,downloads/7/images/all_images256/ELP_12MP_05.01.2023_167291755539.png
ELP_12MP_22.12.2022_167171344195.png,failure,downloads/7/images/all_images256/ELP_12MP_22.12.2022_167171344195.png
spag-640.png,failure,downloads/3/spaghetti/spag-640.png
ELP_12MP_14.02.2023_167639721690.png,failure,downloads/7/images/all_images256/ELP_12MP_14.02.2023_167639721690.png
ELP_12MP_10.01.2023_167339024718.png,failure,downloads/7/images/all_images256/ELP_12MP_10.01.2023_167339024718.png
ELP_12MP_22.12.2022_167171119564.png,failure,downloads/7/images/all_images256/ELP_12MP_22.12.2022_167171119564.png
12_png.rf.4f11ae1451dd81be547fd8f3f8f5eea0.jpg,failure,downloads/5/train/12_png.rf.4f11ae1451dd81be547fd8f3f8f5eea0.jpg
ELP_12MP_10.01.2023_167338252523.png,failure,downloads/7/images/all_images256/ELP_12MP_10.01.2023_167338252523.png
ELP_12MP_17.02.2023_167663929021.png,failure,downloads/7/images/all_images256/ELP_12MP_17.02.2023_167663929021.png
ELP_12MP_03.01.2023_167276069761.png,failure,downloads/7/images/all_images256/ELP_12MP_03.01.2023_167276069761.png
ELP_12MP_14.02.2023_167640474147.png,failure,downloads/7/images/all_images256/ELP_12MP_14.02.2023_167640474147.png
ELP_12MP_10.01.2023_167337859435.png,failure,downloads/7/images/all_images256/ELP_12MP_10.01.2023_167337859435.png
ELP_12MP_22.12.2022_167172594695.png,failure,downloads/7/images/all_images256/ELP_12MP_22.12.2022_167172594695.png
ELP_12MP_03.01.2023_167276060989.png,failure,downloads/7/images/all_images256/ELP_12MP_03.01.2023_167276060989.png
ELP_12MP_08.01.2023_167318726561.png,failure,downloads/7/images/all_images256/ELP_12MP_08.01.2023_167318726561.png
ELP_12MP_16.02.2023_167658197054.png,failure,downloads/7/images/all_images256/ELP_12MP_16.02.2023_167658197054.png
ELP_12MP_02.01.2023_167267415152.png,failure,downloads/7/images/all_images256/ELP_12MP_02.01.2023_167267415152.png
ELP_12MP_03.01.2023_167275904660.png,failure,downloads/7/images/all_images256/ELP_12MP_03.01.2023_167275904660.png
ELP_12MP_10.01.2023_167338338077.png,failure,downloads/7/images/all_images256/ELP_12MP_10.01.2023_167338338077.png
149918_fea6b7ad1f911b19fff8646791e3edc9.jpg,failure,downloads/3/spaghetti/149918_fea6b7ad1f911b19fff8646791e3edc9.jpg
ELP_12MP_10.01.2023_167338363701.png,failure,downloads/7/images/all_images256/ELP_12MP_10.01.2023_167338363701.png
ELP_12MP_14.02.2023_167641284339.png,failure,downloads/7/images/all_images256/ELP_12MP_14.02.2023_167641284339.png
ELP_12MP_14.02.2023_167639712299.png,failure,downloads/7/images/all_images256/ELP_12MP_14.02.2023_167639712299.png
ELP_12MP_05.01.2023_167291882693.png,failure,downloads/7/images/all_images256/ELP_12MP_05.01.2023_167291882693.png
ELP_12MP_03.01.2023_167277508282.png,failure,downloads/7/images/all_images256/ELP_12MP_03.01.2023_167277508282.png
ELP_12MP_03.01.2023_167276730498.png,failure,downloads/7/images/all_images256/ELP_12MP_03.01.2023_167276730498.png
ELP_12MP_02.12.2022_166999735034.png,failure,downloads/7/images/all_images256/ELP_12MP_02.12.2022_166999735034.png
ELP_12MP_06.12.2022_167033874926.png,failure,downloads/7/images/all_images256/ELP_12MP_06.12.2022_167033874926.png
ELP_12MP_02.12.2022_166999808790.png,failure,downloads/7/images/all_images256/ELP_12MP_02.12.2022_166999808790.png
ELP_12MP_04.01.2023_167284899920.png,failure,downloads/7/images/all_images256/ELP_12MP_04.01.2023_167284899920.png
ELP_12MP_03.01.2023_167277471999.png,failure,downloads/7/images/all_images256/ELP_12MP_03.01.2023_167277471999.png
ELP_12MP_06.01.2023_167300899495.png,failure,downloads/7/images/all_images256/ELP_12MP_06.01.2023_167300899495.png
ELP_12MP_01.12.2022_166991243295.png,failure,downloads/7/images/all_images256/ELP_12MP_01.12.2022_166991243295.png
ELP_12MP_05.01.2023_167291905515.png,failure,downloads/7/images/all_images256/ELP_12MP_05.01.2023_167291905515.png
failure (127).jpg,failure,downloads/4/valid/failure/failure (127).jpg
ELP_12MP_14.02.2023_167639843168.png,failure,downloads/7/images/all_images256/ELP_12MP_14.02.2023_167639843168.png
ELP_12MP_16.02.2023_167658243901.png,failure,downloads/7/images/all_images256/ELP_12MP_16.02.2023_167658243901.png
a_jpg.rf.166f6846a11d30233f189c8b369fc7f0.jpg,failure,downloads/5/train/a_jpg.rf.166f6846a11d30233f189c8b369fc7f0.jpg
ELP_12MP_06.01.2023_167301152502.png,failure,downloads/7/images/all_images256/ELP_12MP_06.01.2023_167301152502.png
ELP_12MP_14.02.2023_167641318312.png,failure,downloads/7/images/all_images256/ELP_12MP_14.02.2023_167641318312.png
ELP_12MP_22.12.2022_167172321922.png,failure,downloads/7/images/all_images256/ELP_12MP_22.12.2022_167172321922.png
ELP_12MP_10.01.2023_167338987057.png,failure,downloads/7/images/all_images256/ELP_12MP_10.01.2023_167338987057.png
ELP_12MP_22.12.2022_167172831449.png,failure,downloads/7/images/all_images256/ELP_12MP_22.12.2022_167172831449.png
ELP_12MP_01.12.2022_166991244539.png,failure,downloads/7/images/all_images256/ELP_12MP_01.12.2022_166991244539.png
ELP_12MP_04.01.2023_167284911956.png,failure,downloads/7/images/all_images256/ELP_12MP_04.01.2023_167284911956.png
110_jpg.jpg,failure,downloads/1/valid/110_jpg.rf.282627b526b8c84f91f1292c1190a126.jpg
ELP_12MP_02.01.2023_167267247671.png,failure,downloads/7/images/all_images256/ELP_12MP_02.01.2023_167267247671.png
ELP_12MP_03.01.2023_167276713725.png,failure,downloads/7/images/all_images256/ELP_12MP_03.01.2023_167276713725.png
failure (19).jpg,failure,downloads/4/train/failure/failure (19).jpg
ELP_12MP_02.01.2023_167267251775.png,failure,downloads/7/images/all_images256/ELP_12MP_02.01.2023_167267251775.png
a294acc1307c1b9e3bd961efe235c4cb_png.rf.3da2407d973fa21535c18f23bf73f802.jpg,failure,downloads/5/train/a294acc1307c1b9e3bd961efe235c4cb_png.rf.3da2407d973fa21535c18f23bf73f802.jpg
100_jpg.jpg,failure,downloads/1/test/100_jpg.rf.1e77be4e75395f81dae525c3afe13731.jpg
ELP_12MP_01.12.2022_166990967627.png,failure,downloads/7/images/all_images256/ELP_12MP_01.12.2022_166990967627.png
ELP_12MP_14.02.2023_167640572668.png,failure,downloads/7/images/all_images256/ELP_12MP_14.02.2023_167640572668.png
Capture-d-ecran--353-_jpg.rf.06405b3f4ddcd50f2a25dee9c89cfd2d.jpg,failure,downloads/2/train/Capture-d-ecran--353-_jpg.rf.06405b3f4ddcd50f2a25dee9c89cfd2d.jpg
ELP_12MP_22.12.2022_167171234710.png,failure,downloads/7/images/all_images256/ELP_12MP_22.12.2022_167171234710.png
ELP_12MP_15.02.2023_167647376641.png,failure,downloads/7/images/all_images256/ELP_12MP_15.02.2023_167647376641.png
ELP_12MP_05.01.2023_167292065911.png,failure,downloads/7/images/all_images256/ELP_12MP_05.01.2023_167292065911.png
failure (131).jpg,failure,downloads/4/valid/failure/failure (131).jpg
ELP_12MP_02.01.2023_167267424012.png,failure,downloads/7/images/all_images256/ELP_12MP_02.01.2023_167267424012.png
ELP_12MP_14.02.2023_167639788748.png,failure,downloads/7/images/all_images256/ELP_12MP_14.02.2023_167639788748.png
ELP_12MP_03.01.2023_167276063648.png,failure,downloads/7/images/all_images256/ELP_12MP_03.01.2023_167276063648.png
ELP_12MP_21.12.2022_167165026089.png,failure,downloads/7/images/all_images256/ELP_12MP_21.12.2022_167165026089.png
ELP_12MP_14.02.2023_167639720149.png,failure,downloads/7/images/all_images256/ELP_12MP_14.02.2023_167639720149.png
ELP_12MP_05.01.2023_167292677169.png,failure,downloads/7/images/all_images256/ELP_12MP_05.01.2023_167292677169.png
ELP_12MP_20.12.2022_167154413390.png,failure,downloads/7/images/all_images256/ELP_12MP_20.12.2022_167154413390.png
ELP_12MP_01.12.2022_166990972376.png,failure,downloads/7/images/all_images256/ELP_12MP_01.12.2022_166990972376.png
ELP_12MP_10.01.2023_167338361512.png,failure,downloads/7/images/all_images256/ELP_12MP_10.01.2023_167338361512.png
90_jpg.jpg,failure,downloads/1/valid/90_jpg.rf.def4997e2e17156c401a0173f9a3631d.jpg
ELP_12MP_11.01.2023_167344337657.png,failure,downloads/7/images/all_images256/ELP_12MP_11.01.2023_167344337657.png
80_jpg.jpg,failure,downloads/1/valid/80_jpg.rf.472fab338c35dd45cae5caadbc3e97e6.jpg
ELP_12MP_05.01.2023_167292041694.png,failure,downloads/7/images/all_images256/ELP_12MP_05.01.2023_167292041694.png
ELP_12MP_21.12.2022_167165004572.png,failure,downloads/7/images/all_images256/ELP_12MP_21.12.2022_167165004572.png
ELP_12MP_05.01.2023_167292013844.png,failure,downloads/7/images/all_images256/ELP_12MP_05.01.2023_167292013844.png
maxresdefault (1).jpg,failure,downloads/3/spaghetti/maxresdefault (1).jpg
ELP_12MP_03.01.2023_167276074485.png,failure,downloads/7/images/all_images256/ELP_12MP_03.01.2023_167276074485.png
ELP_12MP_16.02.2023_167658239897.png,failure,downloads/7/images/all_images256/ELP_12MP_16.02.2023_167658239897.png
ELP_12MP_03.01.2023_167275917542.png,failure,downloads/7/images/all_images256/ELP_12MP_03.01.2023_167275917542.png
ELP_12MP_06.01.2023_167300880729.png,failure,downloads/7/images/all_images256/ELP_12MP_06.01.2023_167300880729.png
ELP_12MP_14.02.2023_167640976078.png,failure,downloads/7/images/all_images256/ELP_12MP_14.02.2023_167640976078.png
ELP_12MP_02.01.2023_167267243577.png,failure,downloads/7/images/all_images256/ELP_12MP_02.01.2023_167267243577.png
ELP_12MP_10.01.2023_167337605141.png,failure,downloads/7/images/all_images256/ELP_12MP_10.01.2023_167337605141.png
Screen-Shot-2021-06-29-at-3.10.33-PM.png,failure,downloads/3/spaghetti/Screen-Shot-2021-06-29-at-3.10.33-PM.png
ELP_12MP_05.01.2023_167291750253.png,failure,downloads/7/images/all_images256/ELP_12MP_05.01.2023_167291750253.png
29_jpg.jpg,failure,downloads/1/valid/29_jpg.rf.b41934316860fcc21d4fbd0819a87600.jpg
ELP_12MP_06.01.2023_167301094784.png,failure,downloads/7/images/all_images256/ELP_12MP_06.01.2023_167301094784.png
ELP_12MP_03.01.2023_167277499362.png,failure,downloads/7/images/all_images256/ELP_12MP_03.01.2023_167277499362.png
ELP_12MP_14.02.2023_167641436101.png,failure,downloads/7/images/all_images256/ELP_12MP_14.02.2023_167641436101.png
ELP_12MP_14.02.2023_167641428459.png,failure,downloads/7/images/all_images256/ELP_12MP_14.02.2023_167641428459.png
ELP_12MP_22.12.2022_167172889463.png,failure,downloads/7/images/all_images256/ELP_12MP_22.12.2022_167172889463.png
39_jpg.jpg,failure,downloads/1/valid/39_jpg.rf.d3b5bb319564933cc3c187dd1918ad9d.jpg
ELP_12MP_10.01.2023_167337526052.png,failure,downloads/7/images/all_images256/ELP_12MP_10.01.2023_167337526052.png
ELP_12MP_21.12.2022_167165199690.png,failure,downloads/7/images/all_images256/ELP_12MP_21.12.2022_167165199690.png
failure (166).jpg,failure,downloads/4/test/failure/failure (166).jpg
ELP_12MP_05.01.2023_167291915316.png,failure,downloads/7/images/all_images256/ELP_12MP_05.01.2023_167291915316.png
ELP_12MP_22.12.2022_167172897107.png,failure,downloads/7/images/all_images256/ELP_12MP_22.12.2022_167172897107.png
imag-147-_jpg.jpg,failure,downloads/1/train/imag-147-_jpg.rf.f6ec0eecb85af85b180feba21e7fdf1d.jpg
failure (58).jpg,failure,downloads/4/train/failure/failure (58).jpg
ELP_12MP_05.01.2023_167292794966.png,failure,downloads/7/images/all_images256/ELP_12MP_05.01.2023_167292794966.png
ELP_12MP_03.01.2023_167276718506.png,failure,downloads/7/images/all_images256/ELP_12MP_03.01.2023_167276718506.png
ELP_12MP_04.01.2023_167284949877.png,failure,downloads/7/images/all_images256/ELP_12MP_04.01.2023_167284949877.png
ELP_12MP_16.02.2023_167658452909.png,failure,downloads/7/images/all_images256/ELP_12MP_16.02.2023_167658452909.png
ELP_12MP_03.01.2023_167277478611.png,failure,downloads/7/images/all_images256/ELP_12MP_03.01.2023_167277478611.png
ELP_12MP_03.01.2023_167276715750.png,failure,downloads/7/images/all_images256/ELP_12MP_03.01.2023_167276715750.png
ELP_12MP_21.12.2022_167165793131.png,failure,downloads/7/images/all_images256/ELP_12MP_21.12.2022_167165793131.png
ELP_12MP_03.01.2023_167277514913.png,failure,downloads/7/images/all_images256/ELP_12MP_03.01.2023_167277514913.png
ELP_12MP_02.01.2023_167267452345.png,failure,downloads/7/images/all_images256/ELP_12MP_02.01.2023_167267452345.png
ELP_12MP_21.12.2022_167165049665.png,failure,downloads/7/images/all_images256/ELP_12MP_21.12.2022_167165049665.png
ELP_12MP_14.02.2023_167641285608.png,failure,downloads/7/images/all_images256/ELP_12MP_14.02.2023_167641285608.png
ELP_12MP_14.02.2023_167641316060.png,failure,downloads/7/images/all_images256/ELP_12MP_14.02.2023_167641316060.png
ELP_12MP_08.01.2023_167318663821.png,failure,downloads/7/images/all_images256/ELP_12MP_08.01.2023_167318663821.png
ELP_12MP_14.02.2023_167641304470.png,failure,downloads/7/images/all_images256/ELP_12MP_14.02.2023_167641304470.png
ELP_12MP_04.01.2023_167284652867.png,failure,downloads/7/images/all_images256/ELP_12MP_04.01.2023_167284652867.png
ELP_12MP_10.01.2023_167338344585.png,failure,downloads/7/images/all_images256/ELP_12MP_10.01.2023_167338344585.png
ELP_12MP_16.02.2023_167658235504.png,failure,downloads/7/images/all_images256/ELP_12MP_16.02.2023_167658235504.png
ELP_12MP_04.01.2023_167284949862.png,failure,downloads/7/images/all_images256/ELP_12MP_04.01.2023_167284949862.png
5795690693_3b69ab8658_z_jpg.rf.10b38a6ceb48d752985ae8880f506f94.jpg,failure,downloads/2/train/5795690693_3b69ab8658_z_jpg.rf.10b38a6ceb48d752985ae8880f506f94.jpg
ELP_12MP_02.01.2023_167267453700.png,failure,downloads/7/images/all_images256/ELP_12MP_02.01.2023_167267453700.png
ELP_12MP_04.01.2023_167284675228.png,failure,downloads/7/images/all_images256/ELP_12MP_04.01.2023_167284675228.png
ELP_12MP_22.12.2022_167171038346.png,failure,downloads/7/images/all_images256/ELP_12MP_22.12.2022_167171038346.png
ELP_12MP_05.01.2023_167293120354.png,failure,downloads/7/images/all_images256/ELP_12MP_05.01.2023_167293120354.png
ELP_12MP_08.01.2023_167319135297.png,failure,downloads/7/images/all_images256/ELP_12MP_08.01.2023_167319135297.png
ELP_12MP_04.01.2023_167285005871.png,failure,downloads/7/images/all_images256/ELP_12MP_04.01.2023_167285005871.png
ELP_12MP_22.12.2022_167171255648.png,failure,downloads/7/images/all_images256/ELP_12MP_22.12.2022_167171255648.png
ELP_12MP_11.01.2023_167343985493.png,failure,downloads/7/images/all_images256/ELP_12MP_11.01.2023_167343985493.png
failure (23).jpg,failure,downloads/4/train/failure/failure (23).jpg
ELP_12MP_05.01.2023_167291790738.png,failure,downloads/7/images/all_images256/ELP_12MP_05.01.2023_167291790738.png
ELP_12MP_05.01.2023_167292788433.png,failure,downloads/7/images/all_images256/ELP_12MP_05.01.2023_167292788433.png
3d-printing-mistakes-problems.jpg,failure,downloads/3/spaghetti/3d-printing-mistakes-problems.jpg
ELP_12MP_03.01.2023_167275920884.png,failure,downloads/7/images/all_images256/ELP_12MP_03.01.2023_167275920884.png
ELP_12MP_14.02.2023_167639842673.png,failure,downloads/7/images/all_images256/ELP_12MP_14.02.2023_167639842673.png
ELP_12MP_05.01.2023_167292684235.png,failure,downloads/7/images/all_images256/ELP_12MP_05.01.2023_167292684235.png
3D-printed-vase-fail-spaghetti-prototyping-hive-800x800_jpg.rf.8cd58ec26d588fbe57b0abb791315172.jpg,failure,downloads/5/train/3D-printed-vase-fail-spaghetti-prototyping-hive-800x800_jpg.rf.8cd58ec26d588fbe57b0abb791315172.jpg
ELP_12MP_10.01.2023_167336396184.png,failure,downloads/7/images/all_images256/ELP_12MP_10.01.2023_167336396184.png
ELP_12MP_03.01.2023_167277505638.png,failure,downloads/7/images/all_images256/ELP_12MP_03.01.2023_167277505638.png
jX8GnXD_jpg.rf.1897f5097642385aa4aca6f51f8b11f5.jpg,failure,downloads/2/train/jX8GnXD_jpg.rf.1897f5097642385aa4aca6f51f8b11f5.jpg
Capture-d-ecran--532-_jpg.rf.e2b584907deba2013c6e6cc1db7520cb.jpg,failure,downloads/2/test/Capture-d-ecran--532-_jpg.rf.e2b584907deba2013c6e6cc1db7520cb.jpg
ELP_12MP_05.01.2023_167292684221.png,failure,downloads/7/images/all_images256/ELP_12MP_05.01.2023_167292684221.png
ELP_12MP_08.01.2023_167318454774.png,failure,downloads/7/images/all_images256/ELP_12MP_08.01.2023_167318454774.png
ELP_12MP_05.01.2023_167291775213.png,failure,downloads/7/images/all_images256/ELP_12MP_05.01.2023_167291775213.png
ELP_12MP_03.01.2023_167276711053.png,failure,downloads/7/images/all_images256/ELP_12MP_03.01.2023_167276711053.png
ELP_12MP_05.01.2023_167291763317.png,failure,downloads/7/images/all_images256/ELP_12MP_05.01.2023_167291763317.png
ELP_12MP_22.12.2022_167173453425.png,failure,downloads/7/images/all_images256/ELP_12MP_22.12.2022_167173453425.png
lhnjE3N.jpg,failure,downloads/3/spaghetti/lhnjE3N.jpg
Capture-d-ecran--573-_jpg.rf.a7c4a52341e3e21e1815bcfb003cc508.jpg,failure,downloads/2/train/Capture-d-ecran--573-_jpg.rf.a7c4a52341e3e21e1815bcfb003cc508.jpg
74_jpg.jpg,failure,downloads/1/valid/74_jpg.rf.3c19c006929493b4fb7cf232b651cd83.jpg
ELP_12MP_02.01.2023_167267249701.png,failure,downloads/7/images/all_images256/ELP_12MP_02.01.2023_167267249701.png
Snmek obrazovky 2022-04-01 213704.jpg,failure,downloads/3/spaghetti/Snmek obrazovky 2022-04-01 213704.jpg
ELP_12MP_02.12.2022_166999821049.png,failure,downloads/7/images/all_images256/ELP_12MP_02.12.2022_166999821049.png
ELP_12MP_22.12.2022_167173412323.png,failure,downloads/7/images/all_images256/ELP_12MP_22.12.2022_167173412323.png
Capture-d-ecran--516-_jpg.rf.725204f2503a8f71e06bd7d7e9b1a743.jpg,failure,downloads/2/train/Capture-d-ecran--516-_jpg.rf.725204f2503a8f71e06bd7d7e9b1a743.jpg
64_jpg.jpg,failure,downloads/1/valid/64_jpg.rf.0591806c1ed98b75df635b6e1d3426d2.jpg
ELP_12MP_03.01.2023_167276079177.png,failure,downloads/7/images/all_images256/ELP_12MP_03.01.2023_167276079177.png
ELP_12MP_02.12.2022_166999615736.png,failure,downloads/7/images/all_images256/ELP_12MP_02.12.2022_166999615736.png
ELP_12MP_16.02.2023_167657116053.png,failure,downloads/7/images/all_images256/ELP_12MP_16.02.2023_167657116053.png
ELP_12MP_02.12.2022_166999841756.png,failure,downloads/7/images/all_images256/ELP_12MP_02.12.2022_166999841756.png
imag-130-_jpg.jpg,failure,downloads/1/train/imag-130-_jpg.rf.3f11c249709f3832b231d76671835e14.jpg
ELP_12MP_11.01.2023_167344898854.png,failure,downloads/7/images/all_images256/ELP_12MP_11.01.2023_167344898854.png
ELP_12MP_11.01.2023_167344863358.png,failure,downloads/7/images/all_images256/ELP_12MP_11.01.2023_167344863358.png
failure (74).jpg,failure,downloads/4/train/failure/failure (74).jpg
ELP_12MP_02.01.2023_167267424007.png,failure,downloads/7/images/all_images256/ELP_12MP_02.01.2023_167267424007.png
ELP_12MP_05.01.2023_167291770394.png,failure,downloads/7/images/all_images256/ELP_12MP_05.01.2023_167291770394.png
ELP_12MP_16.02.2023_167658442058.png,failure,downloads/7/images/all_images256/ELP_12MP_16.02.2023_167658442058.png
ELP_12MP_05.01.2023_167291744757.png,failure,downloads/7/images/all_images256/ELP_12MP_05.01.2023_167291744757.png
ELP_12MP_04.01.2023_167284946760.png,failure,downloads/7/images/all_images256/ELP_12MP_04.01.2023_167284946760.png
ELP_12MP_05.01.2023_167294409743.png,failure,downloads/7/images/all_images256/ELP_12MP_05.01.2023_167294409743.png
ELP_12MP_22.12.2022_167172304382.png,failure,downloads/7/images/all_images256/ELP_12MP_22.12.2022_167172304382.png
ELP_12MP_05.01.2023_167291780067.png,failure,downloads/7/images/all_images256/ELP_12MP_05.01.2023_167291780067.png
ELP_12MP_03.01.2023_167276698688.png,failure,downloads/7/images/all_images256/ELP_12MP_03.01.2023_167276698688.png
ELP_12MP_05.01.2023_167291773689.png,failure,downloads/7/images/all_images256/ELP_12MP_05.01.2023_167291773689.png
ELP_12MP_05.01.2023_167291742454.png,failure,downloads/7/images/all_images256/ELP_12MP_05.01.2023_167291742454.png
ELP_12MP_05.01.2023_167292896189.png,failure,downloads/7/images/all_images256/ELP_12MP_05.01.2023_167292896189.png
ELP_12MP_05.01.2023_167292029475.png,failure,downloads/7/images/all_images256/ELP_12MP_05.01.2023_167292029475.png
3D-printed-gremlins-796x448_c_jpg.jpg,failure,downloads/1/train/3D-printed-gremlins-796x448_c_jpg.rf.71af74a049d0b66bda845ec00e968952.jpg
imag-133-_jpg.rf.0463b104f7c27447e4098bfc896e27d4.jpg,failure,downloads/5/train/imag-133-_jpg.rf.0463b104f7c27447e4098bfc896e27d4.jpg
ELP_12MP_03.01.2023_167276713730.png,failure,downloads/7/images/all_images256/ELP_12MP_03.01.2023_167276713730.png
ELP_12MP_03.01.2023_167276709032.png,failure,downloads/7/images/all_images256/ELP_12MP_03.01.2023_167276709032.png
ELP_12MP_02.01.2023_167267250442.png,failure,downloads/7/images/all_images256/ELP_12MP_02.01.2023_167267250442.png
ELP_12MP_10.01.2023_167336926452.png,failure,downloads/7/images/all_images256/ELP_12MP_10.01.2023_167336926452.png
ELP_12MP_10.01.2023_167338232759.png,failure,downloads/7/images/all_images256/ELP_12MP_10.01.2023_167338232759.png
ELP_12MP_05.01.2023_167291802290.png,failure,downloads/7/images/all_images256/ELP_12MP_05.01.2023_167291802290.png
ELP_12MP_17.02.2023_167664767242.png,failure,downloads/7/images/all_images256/ELP_12MP_17.02.2023_167664767242.png
ELP_12MP_03.01.2023_167275914116.png,failure,downloads/7/images/all_images256/ELP_12MP_03.01.2023_167275914116.png
16_jpg.jpg,failure,downloads/1/valid/16_jpg.rf.f7cecb8125259290d6542287570acf02.jpg
failure (62).jpg,failure,downloads/4/train/failure/failure (62).jpg
ELP_12MP_06.12.2022_167033761270.png,failure,downloads/7/images/all_images256/ELP_12MP_06.12.2022_167033761270.png
ELP_12MP_29.11.2022_166974703488.png,failure,downloads/7/images/all_images256/ELP_12MP_29.11.2022_166974703488.png
ELP_12MP_17.02.2023_167664411393.png,failure,downloads/7/images/all_images256/ELP_12MP_17.02.2023_167664411393.png
ELP_12MP_04.01.2023_167284944995.png,failure,downloads/7/images/all_images256/ELP_12MP_04.01.2023_167284944995.png
ELP_12MP_05.01.2023_167292786768.png,failure,downloads/7/images/all_images256/ELP_12MP_05.01.2023_167292786768.png
ELP_12MP_06.01.2023_167302017282.png,failure,downloads/7/images/all_images256/ELP_12MP_06.01.2023_167302017282.png
7d008b92c327efb8703acf1f5f619def_jpg.rf.3f9ede81b73cf6f534f05a3e753343bc.jpg,failure,downloads/2/train/7d008b92c327efb8703acf1f5f619def_jpg.rf.3f9ede81b73cf6f534f05a3e753343bc.jpg
ELP_12MP_16.02.2023_167658249544.png,failure,downloads/7/images/all_images256/ELP_12MP_16.02.2023_167658249544.png
ELP_12MP_02.01.2023_167267471172.png,failure,downloads/7/images/all_images256/ELP_12MP_02.01.2023_167267471172.png
ELP_12MP_06.01.2023_167300870550.png,failure,downloads/7/images/all_images256/ELP_12MP_06.01.2023_167300870550.png
ELP_12MP_03.01.2023_167276061664.png,failure,downloads/7/images/all_images256/ELP_12MP_03.01.2023_167276061664.png
ELP_12MP_29.12.2022_167232508385.png,failure,downloads/7/images/all_images256/ELP_12MP_29.12.2022_167232508385.png
ELP_12MP_14.02.2023_167640978875.png,failure,downloads/7/images/all_images256/ELP_12MP_14.02.2023_167640978875.png
ELP_12MP_08.01.2023_167319192612.png,failure,downloads/7/images/all_images256/ELP_12MP_08.01.2023_167319192612.png
ELP_12MP_03.01.2023_167276049301.png,failure,downloads/7/images/all_images256/ELP_12MP_03.01.2023_167276049301.png
ELP_12MP_06.01.2023_167302034856.png,failure,downloads/7/images/all_images256/ELP_12MP_06.01.2023_167302034856.png
ELP_12MP_02.01.2023_167267245503.png,failure,downloads/7/images/all_images256/ELP_12MP_02.01.2023_167267245503.png
ELP_12MP_10.01.2023_167338853987.png,failure,downloads/7/images/all_images256/ELP_12MP_10.01.2023_167338853987.png
ELP_12MP_01.12.2022_166990960439.png,failure,downloads/7/images/all_images256/ELP_12MP_01.12.2022_166990960439.png
ELP_12MP_17.02.2023_167664392772.png,failure,downloads/7/images/all_images256/ELP_12MP_17.02.2023_167664392772.png
ELP_12MP_05.01.2023_167292063024.png,failure,downloads/7/images/all_images256/ELP_12MP_05.01.2023_167292063024.png
ELP_12MP_05.01.2023_167292785088.png,failure,downloads/7/images/all_images256/ELP_12MP_05.01.2023_167292785088.png
ELP_12MP_04.01.2023_167284667980.png,failure,downloads/7/images/all_images256/ELP_12MP_04.01.2023_167284667980.png
ELP_12MP_22.12.2022_167170796871.png,failure,downloads/7/images/all_images256/ELP_12MP_22.12.2022_167170796871.png
ELP_12MP_04.01.2023_167285026110.png,failure,downloads/7/images/all_images256/ELP_12MP_04.01.2023_167285026110.png
ELP_12MP_03.01.2023_167277479334.png,failure,downloads/7/images/all_images256/ELP_12MP_03.01.2023_167277479334.png
ELP_12MP_05.01.2023_167292018482.png,failure,downloads/7/images/all_images256/ELP_12MP_05.01.2023_167292018482.png
ELP_12MP_10.01.2023_167339028692.png,failure,downloads/7/images/all_images256/ELP_12MP_10.01.2023_167339028692.png
failure (5).jpg,failure,downloads/4/train/failure/failure (5).jpg
ELP_12MP_08.01.2023_167318445043.png,failure,downloads/7/images/all_images256/ELP_12MP_08.01.2023_167318445043.png
failure (35).jpg,failure,downloads/4/train/failure/failure (35).jpg
ELP_12MP_05.01.2023_167292064978.png,failure,downloads/7/images/all_images256/ELP_12MP_05.01.2023_167292064978.png
ELP_12MP_11.01.2023_167343478034.png,failure,downloads/7/images/all_images256/ELP_12MP_11.01.2023_167343478034.png
ELP_12MP_15.02.2023_167647372988.png,failure,downloads/7/images/all_images256/ELP_12MP_15.02.2023_167647372988.png
ELP_12MP_05.01.2023_167291756743.png,failure,downloads/7/images/all_images256/ELP_12MP_05.01.2023_167291756743.png
ELP_12MP_01.12.2022_166991237071.png,failure,downloads/7/images/all_images256/ELP_12MP_01.12.2022_166991237071.png
ELP_12MP_04.01.2023_167284896353.png,failure,downloads/7/images/all_images256/ELP_12MP_04.01.2023_167284896353.png
ELP_12MP_02.01.2023_167267440807.png,failure,downloads/7/images/all_images256/ELP_12MP_02.01.2023_167267440807.png
ELP_12MP_22.12.2022_167171119559.png,failure,downloads/7/images/all_images256/ELP_12MP_22.12.2022_167171119559.png
ELP_12MP_02.12.2022_166999644627.png,failure,downloads/7/images/all_images256/ELP_12MP_02.12.2022_166999644627.png
ELP_12MP_05.01.2023_167294395453.png,failure,downloads/7/images/all_images256/ELP_12MP_05.01.2023_167294395453.png
ELP_12MP_03.01.2023_167277513884.png,failure,downloads/7/images/all_images256/ELP_12MP_03.01.2023_167277513884.png
_69324630_squiggles.jpg,failure,downloads/3/spaghetti/_69324630_squiggles.jpg
ELP_12MP_03.01.2023_167275926415.png,failure,downloads/7/images/all_images256/ELP_12MP_03.01.2023_167275926415.png
ELP_12MP_22.12.2022_167172896434.png,failure,downloads/7/images/all_images256/ELP_12MP_22.12.2022_167172896434.png
ELP_12MP_02.01.2023_167267440811.png,failure,downloads/7/images/all_images256/ELP_12MP_02.01.2023_167267440811.png
ELP_12MP_06.12.2022_167033758801.png,failure,downloads/7/images/all_images256/ELP_12MP_06.12.2022_167033758801.png
imag-174-_jpg.rf.781a659605aaaeec04de6243bd0a12b3.jpg,failure,downloads/5/train/imag-174-_jpg.rf.781a659605aaaeec04de6243bd0a12b3.jpg
ELP_12MP_16.02.2023_167658246477.png,failure,downloads/7/images/all_images256/ELP_12MP_16.02.2023_167658246477.png
ELP_12MP_05.01.2023_167293196147.png,failure,downloads/7/images/all_images256/ELP_12MP_05.01.2023_167293196147.png
Capture-d-ecran--357-_jpg.rf.2ca6e73c10b5819ca1e59380ea8e3281.jpg,failure,downloads/2/train/Capture-d-ecran--357-_jpg.rf.2ca6e73c10b5819ca1e59380ea8e3281.jpg
failure (42).jpg,failure,downloads/4/train/failure/failure (42).jpg
ELP_12MP_03.01.2023_167276728565.png,failure,downloads/7/images/all_images256/ELP_12MP_03.01.2023_167276728565.png
X1-iMNIQr-jjoNt4ILXBQ508mJV2_YVm_-sBoeN4XSA.jpg,failure,downloads/3/spaghetti/X1-iMNIQr-jjoNt4ILXBQ508mJV2_YVm_-sBoeN4XSA.jpg
ELP_12MP_03.01.2023_167276721233.png,failure,downloads/7/images/all_images256/ELP_12MP_03.01.2023_167276721233.png
ELP_12MP_03.01.2023_167276044828.png,failure,downloads/7/images/all_images256/ELP_12MP_03.01.2023_167276044828.png
ELP_12MP_14.02.2023_167641332077.png,failure,downloads/7/images/all_images256/ELP_12MP_14.02.2023_167641332077.png
ELP_12MP_17.02.2023_167664413784.png,failure,downloads/7/images/all_images256/ELP_12MP_17.02.2023_167664413784.png
ELP_12MP_02.01.2023_167267254424.png,failure,downloads/7/images/all_images256/ELP_12MP_02.01.2023_167267254424.png
ELP_12MP_10.01.2023_167336479907.png,failure,downloads/7/images/all_images256/ELP_12MP_10.01.2023_167336479907.png
ELP_12MP_10.01.2023_167337523920.png,failure,downloads/7/images/all_images256/ELP_12MP_10.01.2023_167337523920.png
89_jpg.jpg,failure,downloads/1/valid/89_jpg.rf.0f60b87c3446d81c1f47d0dca444707a.jpg
ELP_12MP_03.01.2023_167277474174.png,failure,downloads/7/images/all_images256/ELP_12MP_03.01.2023_167277474174.png
99_jpg.jpg,failure,downloads/1/valid/99_jpg.rf.60bbb5c97f5ccd2473d280db91577014.jpg
ELP_12MP_04.01.2023_167285026106.png,failure,downloads/7/images/all_images256/ELP_12MP_04.01.2023_167285026106.png
ELP_12MP_17.02.2023_167664762674.png,failure,downloads/7/images/all_images256/ELP_12MP_17.02.2023_167664762674.png
ELP_12MP_22.12.2022_167172838136.png,failure,downloads/7/images/all_images256/ELP_12MP_22.12.2022_167172838136.png
ELP_12MP_16.02.2023_167658434523.png,failure,downloads/7/images/all_images256/ELP_12MP_16.02.2023_167658434523.png
IMGP3375_jpg.jpg,failure,downloads/1/test/IMGP3375_jpg.rf.5b4a9021e61e1914c87e36e1dfad3c52.jpg
ELP_12MP_06.01.2023_167302075808.png,failure,downloads/7/images/all_images256/ELP_12MP_06.01.2023_167302075808.png
ELP_12MP_29.11.2022_166975199607.png,failure,downloads/7/images/all_images256/ELP_12MP_29.11.2022_166975199607.png
ELP_12MP_06.12.2022_167033871685.png,failure,downloads/7/images/all_images256/ELP_12MP_06.12.2022_167033871685.png
ELP_12MP_14.02.2023_167640975176.png,failure,downloads/7/images/all_images256/ELP_12MP_14.02.2023_167640975176.png
Capture-d-ecran--630-_jpg.rf.dd22086ad16c01d22032351ef505acea.jpg,failure,downloads/2/train/Capture-d-ecran--630-_jpg.rf.dd22086ad16c01d22032351ef505acea.jpg
ELP_12MP_02.01.2023_167267459824.png,failure,downloads/7/images/all_images256/ELP_12MP_02.01.2023_167267459824.png
ELP_12MP_22.12.2022_167170915352.png,failure,downloads/7/images/all_images256/ELP_12MP_22.12.2022_167170915352.png
ELP_12MP_11.01.2023_167344000691.png,failure,downloads/7/images/all_images256/ELP_12MP_11.01.2023_167344000691.png
ELP_12MP_05.01.2023_167291802537.png,failure,downloads/7/images/all_images256/ELP_12MP_05.01.2023_167291802537.png
30_jpg.jpg,failure,downloads/1/valid/30_jpg.rf.927161d2d1a966fedaed283345bae794.jpg
ELP_12MP_14.02.2023_167640862191.png,failure,downloads/7/images/all_images256/ELP_12MP_14.02.2023_167640862191.png
ELP_12MP_10.01.2023_167338026033.png,failure,downloads/7/images/all_images256/ELP_12MP_10.01.2023_167338026033.png
20_jpg.jpg,failure,downloads/1/valid/20_jpg.rf.3d5b51bb5781824bd2d1ce54710b1f79.jpg
ELP_12MP_14.02.2023_167639804546.png,failure,downloads/7/images/all_images256/ELP_12MP_14.02.2023_167639804546.png
ELP_12MP_21.12.2022_167165028138.png,failure,downloads/7/images/all_images256/ELP_12MP_21.12.2022_167165028138.png
ELP_12MP_04.01.2023_167284928695.png,failure,downloads/7/images/all_images256/ELP_12MP_04.01.2023_167284928695.png
ELP_12MP_02.01.2023_167267464541.png,failure,downloads/7/images/all_images256/ELP_12MP_02.01.2023_167267464541.png
failure (15).jpg,failure,downloads/4/train/failure/failure (15).jpg
ELP_12MP_02.01.2023_167267420317.png,failure,downloads/7/images/all_images256/ELP_12MP_02.01.2023_167267420317.png
ELP_12MP_11.01.2023_167343682452.png,failure,downloads/7/images/all_images256/ELP_12MP_11.01.2023_167343682452.png
ELP_12MP_14.02.2023_167639828053.png,failure,downloads/7/images/all_images256/ELP_12MP_14.02.2023_167639828053.png
ELP_12MP_05.01.2023_167291801943.png,failure,downloads/7/images/all_images256/ELP_12MP_05.01.2023_167291801943.png
ELP_12MP_22.12.2022_167172634103.png,failure,downloads/7/images/all_images256/ELP_12MP_22.12.2022_167172634103.png
ELP_12MP_05.01.2023_167291744184.png,failure,downloads/7/images/all_images256/ELP_12MP_05.01.2023_167291744184.png
ELP_12MP_08.01.2023_167319126821.png,failure,downloads/7/images/all_images256/ELP_12MP_08.01.2023_167319126821.png
ELP_12MP_16.02.2023_167658453962.png,failure,downloads/7/images/all_images256/ELP_12MP_16.02.2023_167658453962.png
ELP_12MP_02.12.2022_166999665364.png,failure,downloads/7/images/all_images256/ELP_12MP_02.12.2022_166999665364.png
ELP_12MP_20.12.2022_167154408837.png,failure,downloads/7/images/all_images256/ELP_12MP_20.12.2022_167154408837.png
ELP_12MP_04.01.2023_167284918795.png,failure,downloads/7/images/all_images256/ELP_12MP_04.01.2023_167284918795.png
ELP_12MP_14.02.2023_167641447300.png,failure,downloads/7/images/all_images256/ELP_12MP_14.02.2023_167641447300.png
ELP_12MP_03.01.2023_167275903332.png,failure,downloads/7/images/all_images256/ELP_12MP_03.01.2023_167275903332.png
ELP_12MP_05.01.2023_167291780071.png,failure,downloads/7/images/all_images256/ELP_12MP_05.01.2023_167291780071.png
ELP_12MP_22.12.2022_167173591799.png,failure,downloads/7/images/all_images256/ELP_12MP_22.12.2022_167173591799.png
ELP_12MP_16.02.2023_167656917142.png,failure,downloads/7/images/all_images256/ELP_12MP_16.02.2023_167656917142.png
ELP_12MP_14.02.2023_167639713219.png,failure,downloads/7/images/all_images256/ELP_12MP_14.02.2023_167639713219.png
ELP_12MP_04.01.2023_167284930804.png,failure,downloads/7/images/all_images256/ELP_12MP_04.01.2023_167284930804.png
20181015_180623-jpg-fca8876944fcdc8d90ba2963f8c99f8f_jpg.rf.1d9b32e67042654c3f6c279c03f45204.jpg,failure,downloads/2/train/20181015_180623-jpg-fca8876944fcdc8d90ba2963f8c99f8f_jpg.rf.1d9b32e67042654c3f6c279c03f45204.jpg
ELP_12MP_03.01.2023_167276076534.png,failure,downloads/7/images/all_images256/ELP_12MP_03.01.2023_167276076534.png
ELP_12MP_03.01.2023_167276710373.png,failure,downloads/7/images/all_images256/ELP_12MP_03.01.2023_167276710373.png
ELP_12MP_02.01.2023_167267445410.png,failure,downloads/7/images/all_images256/ELP_12MP_02.01.2023_167267445410.png
ELP_12MP_22.12.2022_167173586540.png,failure,downloads/7/images/all_images256/ELP_12MP_22.12.2022_167173586540.png
plastic-explosions-are-common-and-can-get-quite-ha-pinterest-200229_download.jpg,failure,downloads/3/spaghetti/plastic-explosions-are-common-and-can-get-quite-ha-pinterest-200229_download.jpg
ELP_12MP_02.01.2023_167267458469.png,failure,downloads/7/images/all_images256/ELP_12MP_02.01.2023_167267458469.png
52_jpg.jpg,failure,downloads/1/valid/52_jpg.rf.fddcc1397a5909ec13c4b058b8fa9c85.jpg
ELP_12MP_03.01.2023_167276047058.png,failure,downloads/7/images/all_images256/ELP_12MP_03.01.2023_167276047058.png
ELP_12MP_02.01.2023_167267248347.png,failure,downloads/7/images/all_images256/ELP_12MP_02.01.2023_167267248347.png
ELP_12MP_14.02.2023_167639781974.png,failure,downloads/7/images/all_images256/ELP_12MP_14.02.2023_167639781974.png
ELP_12MP_22.12.2022_167171126436.png,failure,downloads/7/images/all_images256/ELP_12MP_22.12.2022_167171126436.png
imag-13-_jpg.jpg,failure,downloads/1/train/imag-13-_jpg.rf.fdf5906c8761e03b6011631768c0a9f3.jpg
ELP_12MP_11.01.2023_167343408102.png,failure,downloads/7/images/all_images256/ELP_12MP_11.01.2023_167343408102.png
ELP_12MP_22.12.2022_167173415314.png,failure,downloads/7/images/all_images256/ELP_12MP_22.12.2022_167173415314.png
ELP_12MP_22.12.2022_167171058842.png,failure,downloads/7/images/all_images256/ELP_12MP_22.12.2022_167171058842.png
ELP_12MP_10.01.2023_167337890583.png,failure,downloads/7/images/all_images256/ELP_12MP_10.01.2023_167337890583.png
ELP_12MP_02.01.2023_167267438606.png,failure,downloads/7/images/all_images256/ELP_12MP_02.01.2023_167267438606.png
ELP_12MP_02.01.2023_167267244958.png,failure,downloads/7/images/all_images256/ELP_12MP_02.01.2023_167267244958.png
ELP_12MP_05.01.2023_167292812102.png,failure,downloads/7/images/all_images256/ELP_12MP_05.01.2023_167292812102.png
images-10-_jpg.jpg,failure,downloads/1/train/images-10-_jpg.rf.f2efb0c4f282c12f32d285ba21ed3cbc.jpg
ELP_12MP_03.01.2023_167275875893.png,failure,downloads/7/images/all_images256/ELP_12MP_03.01.2023_167275875893.png
ELP_12MP_04.01.2023_167284908169.png,failure,downloads/7/images/all_images256/ELP_12MP_04.01.2023_167284908169.png
ELP_12MP_22.12.2022_167173328999.png,failure,downloads/7/images/all_images256/ELP_12MP_22.12.2022_167173328999.png
ELP_12MP_22.12.2022_167171130095.png,failure,downloads/7/images/all_images256/ELP_12MP_22.12.2022_167171130095.png
ELP_12MP_04.01.2023_167284657712.png,failure,downloads/7/images/all_images256/ELP_12MP_04.01.2023_167284657712.png
112_jpg.rf.21044d57b9353c7b29a0738898cff691.jpg,failure,downloads/5/train/112_jpg.rf.21044d57b9353c7b29a0738898cff691.jpg
ELP_12MP_02.01.2023_167267462534.png,failure,downloads/7/images/all_images256/ELP_12MP_02.01.2023_167267462534.png
failure (54).jpg,failure,downloads/4/train/failure/failure (54).jpg
ELP_12MP_16.02.2023_167658204095.png,failure,downloads/7/images/all_images256/ELP_12MP_16.02.2023_167658204095.png
ELP_12MP_04.01.2023_167285005867.png,failure,downloads/7/images/all_images256/ELP_12MP_04.01.2023_167285005867.png
ELP_12MP_16.02.2023_167658200595.png,failure,downloads/7/images/all_images256/ELP_12MP_16.02.2023_167658200595.png
ELP_12MP_04.01.2023_167284904784.png,failure,downloads/7/images/all_images256/ELP_12MP_04.01.2023_167284904784.png
ELP_12MP_22.12.2022_167171260829.png,failure,downloads/7/images/all_images256/ELP_12MP_22.12.2022_167171260829.png
ELP_12MP_04.01.2023_167284879035.png,failure,downloads/7/images/all_images256/ELP_12MP_04.01.2023_167284879035.png
ELP_12MP_11.01.2023_167344892638.png,failure,downloads/7/images/all_images256/ELP_12MP_11.01.2023_167344892638.png
ELP_12MP_22.12.2022_167171369819.png,failure,downloads/7/images/all_images256/ELP_12MP_22.12.2022_167171369819.png
ELP_12MP_05.01.2023_167292049963.png,failure,downloads/7/images/all_images256/ELP_12MP_05.01.2023_167292049963.png
ELP_12MP_10.01.2023_167338086130.png,failure,downloads/7/images/all_images256/ELP_12MP_10.01.2023_167338086130.png
ELP_12MP_04.01.2023_167284926525.png,failure,downloads/7/images/all_images256/ELP_12MP_04.01.2023_167284926525.png
ELP_12MP_04.01.2023_167284940688.png,failure,downloads/7/images/all_images256/ELP_12MP_04.01.2023_167284940688.png
109_jpg.jpg,failure,downloads/1/valid/109_jpg.rf.c834820de02ce96ded13779135b3c505.jpg
ELP_12MP_02.12.2022_166999767611.png,failure,downloads/7/images/all_images256/ELP_12MP_02.12.2022_166999767611.png
119_jpg.jpg,failure,downloads/1/valid/119_jpg.rf.f2845359c4223524b012dfc283e6ca8d.jpg
ELP_12MP_03.01.2023_167277478606.png,failure,downloads/7/images/all_images256/ELP_12MP_03.01.2023_167277478606.png
ELP_12MP_22.12.2022_167171106296.png,failure,downloads/7/images/all_images256/ELP_12MP_22.12.2022_167171106296.png
ELP_12MP_06.01.2023_167300894549.png,failure,downloads/7/images/all_images256/ELP_12MP_06.01.2023_167300894549.png
ELP_12MP_20.12.2022_167154405917.png,failure,downloads/7/images/all_images256/ELP_12MP_20.12.2022_167154405917.png
ELP_12MP_11.01.2023_167344877688.png,failure,downloads/7/images/all_images256/ELP_12MP_11.01.2023_167344877688.png
ELP_12MP_14.02.2023_167640977615.png,failure,downloads/7/images/all_images256/ELP_12MP_14.02.2023_167640977615.png
ELP_12MP_05.01.2023_167292024230.png,failure,downloads/7/images/all_images256/ELP_12MP_05.01.2023_167292024230.png
ELP_12MP_02.01.2023_167267255101.png,failure,downloads/7/images/all_images256/ELP_12MP_02.01.2023_167267255101.png
ELP_12MP_06.01.2023_167301108550.png,failure,downloads/7/images/all_images256/ELP_12MP_06.01.2023_167301108550.png
ELP_12MP_22.12.2022_167173626571.png,failure,downloads/7/images/all_images256/ELP_12MP_22.12.2022_167173626571.png
ELP_12MP_05.01.2023_167292794970.png,failure,downloads/7/images/all_images256/ELP_12MP_05.01.2023_167292794970.png
143_jpg.rf.1331342838891726c288fdc43a68b85f.jpg,failure,downloads/5/train/143_jpg.rf.1331342838891726c288fdc43a68b85f.jpg
ELP_12MP_03.01.2023_167276718510.png,failure,downloads/7/images/all_images256/ELP_12MP_03.01.2023_167276718510.png
ELP_12MP_11.01.2023_167343408473.png,failure,downloads/7/images/all_images256/ELP_12MP_11.01.2023_167343408473.png
ELP_12MP_22.12.2022_167171254555.png,failure,downloads/7/images/all_images256/ELP_12MP_22.12.2022_167171254555.png
ELP_12MP_10.01.2023_167338086125.png,failure,downloads/7/images/all_images256/ELP_12MP_10.01.2023_167338086125.png
ELP_12MP_04.01.2023_167284936723.png,failure,downloads/7/images/all_images256/ELP_12MP_04.01.2023_167284936723.png
ELP_12MP_15.02.2023_167647372182.png,failure,downloads/7/images/all_images256/ELP_12MP_15.02.2023_167647372182.png
ELP_12MP_03.01.2023_167276719154.png,failure,downloads/7/images/all_images256/ELP_12MP_03.01.2023_167276719154.png
ELP_12MP_22.12.2022_167171380062.png,failure,downloads/7/images/all_images256/ELP_12MP_22.12.2022_167171380062.png
ELP_12MP_04.01.2023_167284657707.png,failure,downloads/7/images/all_images256/ELP_12MP_04.01.2023_167284657707.png
failure (111).jpg,failure,downloads/4/train/failure/failure (111).jpg
ELP_12MP_03.01.2023_167276724558.png,failure,downloads/7/images/all_images256/ELP_12MP_03.01.2023_167276724558.png
ELP_12MP_14.02.2023_167640984763.png,failure,downloads/7/images/all_images256/ELP_12MP_14.02.2023_167640984763.png
_69320092_rich1.jpg,failure,downloads/3/spaghetti/_69320092_rich1.jpg
ELP_12MP_22.12.2022_167173426536.png,failure,downloads/7/images/all_images256/ELP_12MP_22.12.2022_167173426536.png
ELP_12MP_10.01.2023_167338985291.png,failure,downloads/7/images/all_images256/ELP_12MP_10.01.2023_167338985291.png
ELP_12MP_03.01.2023_167275921569.png,failure,downloads/7/images/all_images256/ELP_12MP_03.01.2023_167275921569.png
ELP_12MP_10.01.2023_167337869127.png,failure,downloads/7/images/all_images256/ELP_12MP_10.01.2023_167337869127.png
ELP_12MP_03.01.2023_167276689779.png,failure,downloads/7/images/all_images256/ELP_12MP_03.01.2023_167276689779.png
ELP_12MP_05.01.2023_167293210774.png,failure,downloads/7/images/all_images256/ELP_12MP_05.01.2023_167293210774.png
ELP_12MP_02.01.2023_167267466592.png,failure,downloads/7/images/all_images256/ELP_12MP_02.01.2023_167267466592.png
failure (78).jpg,failure,downloads/4/train/failure/failure (78).jpg
ELP_12MP_03.01.2023_167275893654.png,failure,downloads/7/images/all_images256/ELP_12MP_03.01.2023_167275893654.png
ELP_12MP_16.02.2023_167656737661.png,failure,downloads/7/images/all_images256/ELP_12MP_16.02.2023_167656737661.png
ELP_12MP_05.01.2023_167292674304.png,failure,downloads/7/images/all_images256/ELP_12MP_05.01.2023_167292674304.png
ELP_12MP_17.02.2023_167664766995.png,failure,downloads/7/images/all_images256/ELP_12MP_17.02.2023_167664766995.png
ELP_12MP_02.12.2022_166999583062.png,failure,downloads/7/images/all_images256/ELP_12MP_02.12.2022_166999583062.png
ELP_12MP_10.01.2023_167338089766.png,failure,downloads/7/images/all_images256/ELP_12MP_10.01.2023_167338089766.png
lhnjE3N_jpg.jpg,failure,downloads/1/train/lhnjE3N_jpg.rf.4b39c311cd883c4a9cbc45657db44ed0.jpg
failure (97).jpg,failure,downloads/4/train/failure/failure (97).jpg
ELP_12MP_08.01.2023_167318657007.png,failure,downloads/7/images/all_images256/ELP_12MP_08.01.2023_167318657007.png
337389025_160634809843934_2776605974383488014_n_cropped_jpg.jpg,failure,downloads/1/train/337389025_160634809843934_2776605974383488014_n_cropped_jpg.rf.f35c42fae1b4d1475eb244d9766fcfe9.jpg
ELP_12MP_05.01.2023_167292036378.png,failure,downloads/7/images/all_images256/ELP_12MP_05.01.2023_167292036378.png
ELP_12MP_22.12.2022_167171370839.png,failure,downloads/7/images/all_images256/ELP_12MP_22.12.2022_167171370839.png
hm3f9nr6xiaa1_jpg.rf.0a31b4b73d9c89d6dc11c171d5c3297f.jpg,failure,downloads/5/train/hm3f9nr6xiaa1_jpg.rf.0a31b4b73d9c89d6dc11c171d5c3297f.jpg
ELP_12MP_06.01.2023_167302078054.png,failure,downloads/7/images/all_images256/ELP_12MP_06.01.2023_167302078054.png
failure (146).jpg,failure,downloads/4/valid/failure/failure (146).jpg
144_jpg.jpg,failure,downloads/1/test/144_jpg.rf.a49636484263b2593d86a1a1a417449c.jpg
Capture-d-ecran--536-_jpg.rf.7803fca354069e3e226ca1519108da46.jpg,failure,downloads/2/train/Capture-d-ecran--536-_jpg.rf.7803fca354069e3e226ca1519108da46.jpg
ELP_12MP_03.01.2023_167276726603.png,failure,downloads/7/images/all_images256/ELP_12MP_03.01.2023_167276726603.png
ELP_12MP_29.11.2022_166975426388.png,failure,downloads/7/images/all_images256/ELP_12MP_29.11.2022_166975426388.png
ELP_12MP_02.01.2023_167267253799.png,failure,downloads/7/images/all_images256/ELP_12MP_02.01.2023_167267253799.png
ELP_12MP_04.01.2023_167284693209.png,failure,downloads/7/images/all_images256/ELP_12MP_04.01.2023_167284693209.png
ELP_12MP_03.01.2023_167276052252.png,failure,downloads/7/images/all_images256/ELP_12MP_03.01.2023_167276052252.png
image-asset_img_5eb08bcaea8e1_jpg.jpg,failure,downloads/1/test/image-asset_img_5eb08bcaea8e1_jpg.rf.63e094d19dcdaaadb571d92fea7abdd8.jpg
ELP_12MP_02.01.2023_167267247667.png,failure,downloads/7/images/all_images256/ELP_12MP_02.01.2023_167267247667.png
ELP_12MP_11.01.2023_167343483050.png,failure,downloads/7/images/all_images256/ELP_12MP_11.01.2023_167343483050.png
136_jpg.jpg,failure,downloads/1/test/136_jpg.rf.91cd70f70c29a82c2d6bd2697b7219fe.jpg
ELP_12MP_11.01.2023_167344894658.png,failure,downloads/7/images/all_images256/ELP_12MP_11.01.2023_167344894658.png
ELP_12MP_05.01.2023_167291752095.png,failure,downloads/7/images/all_images256/ELP_12MP_05.01.2023_167291752095.png
ELP_12MP_03.01.2023_167276048550.png,failure,downloads/7/images/all_images256/ELP_12MP_03.01.2023_167276048550.png
ELP_12MP_29.11.2022_166975699111.png,failure,downloads/7/images/all_images256/ELP_12MP_29.11.2022_166975699111.png
failure (81).jpg,failure,downloads/4/train/failure/failure (81).jpg
ELP_12MP_06.12.2022_167033888779.png,failure,downloads/7/images/all_images256/ELP_12MP_06.12.2022_167033888779.png
126_jpg.jpg,failure,downloads/1/valid/126_jpg.rf.15797f2837cae3880073722c7c9b14fe.jpg
ELP_12MP_04.01.2023_167284910492.png,failure,downloads/7/images/all_images256/ELP_12MP_04.01.2023_167284910492.png
ELP_12MP_03.01.2023_167276687608.png,failure,downloads/7/images/all_images256/ELP_12MP_03.01.2023_167276687608.png
ELP_12MP_21.12.2022_167165130945.png,failure,downloads/7/images/all_images256/ELP_12MP_21.12.2022_167165130945.png
ELP_12MP_22.12.2022_167172902095.png,failure,downloads/7/images/all_images256/ELP_12MP_22.12.2022_167172902095.png
ELP_12MP_08.01.2023_167318465186.png,failure,downloads/7/images/all_images256/ELP_12MP_08.01.2023_167318465186.png
ELP_12MP_03.01.2023_167277491462.png,failure,downloads/7/images/all_images256/ELP_12MP_03.01.2023_167277491462.png
ELP_12MP_21.12.2022_167165767313.png,failure,downloads/7/images/all_images256/ELP_12MP_21.12.2022_167165767313.png
ELP_12MP_02.12.2022_166999788010.png,failure,downloads/7/images/all_images256/ELP_12MP_02.12.2022_166999788010.png
failure (150).jpg,failure,downloads/4/test/failure/failure (150).jpg
ELP_12MP_02.01.2023_167267459819.png,failure,downloads/7/images/all_images256/ELP_12MP_02.01.2023_167267459819.png
ELP_12MP_10.01.2023_167338216175.png,failure,downloads/7/images/all_images256/ELP_12MP_10.01.2023_167338216175.png
ELP_12MP_17.02.2023_167664746502.png,failure,downloads/7/images/all_images256/ELP_12MP_17.02.2023_167664746502.png
ELP_12MP_14.02.2023_167641276378.png,failure,downloads/7/images/all_images256/ELP_12MP_14.02.2023_167641276378.png
ELP_12MP_14.02.2023_167641306853.png,failure,downloads/7/images/all_images256/ELP_12MP_14.02.2023_167641306853.png
failure (39).jpg,failure,downloads/4/train/failure/failure (39).jpg
ELP_12MP_23.02.2023_167717139530.png,failure,downloads/7/images/all_images256/ELP_12MP_23.02.2023_167717139530.png
ELP_12MP_22.12.2022_167171126999.png,failure,downloads/7/images/all_images256/ELP_12MP_22.12.2022_167171126999.png
failure (9).jpg,failure,downloads/4/train/failure/failure (9).jpg
ELP_12MP_02.01.2023_167267254419.png,failure,downloads/7/images/all_images256/ELP_12MP_02.01.2023_167267254419.png
ELP_12MP_05.01.2023_167292807485.png,failure,downloads/7/images/all_images256/ELP_12MP_05.01.2023_167292807485.png
ELP_12MP_11.01.2023_167343693953.png,failure,downloads/7/images/all_images256/ELP_12MP_11.01.2023_167343693953.png
lhj74xocs4pa1_jpg.jpg,failure,downloads/1/train/lhj74xocs4pa1_jpg.rf.812f9212a43e3f327002e61a2869ec2c.jpg
ELP_12MP_22.12.2022_167170861175.png,failure,downloads/7/images/all_images256/ELP_12MP_22.12.2022_167170861175.png
ELP_12MP_22.12.2022_167171390311.png,failure,downloads/7/images/all_images256/ELP_12MP_22.12.2022_167171390311.png
ELP_12MP_22.12.2022_167171400559.png,failure,downloads/7/images/all_images256/ELP_12MP_22.12.2022_167171400559.png
ELP_12MP_22.12.2022_167170871372.png,failure,downloads/7/images/all_images256/ELP_12MP_22.12.2022_167170871372.png
ELP_12MP_03.01.2023_167276728570.png,failure,downloads/7/images/all_images256/ELP_12MP_03.01.2023_167276728570.png
ELP_12MP_03.01.2023_167275877101.png,failure,downloads/7/images/all_images256/ELP_12MP_03.01.2023_167275877101.png
failure (107).jpg,failure,downloads/4/train/failure/failure (107).jpg
ELP_12MP_03.01.2023_167277498136.png,failure,downloads/7/images/all_images256/ELP_12MP_03.01.2023_167277498136.png
ELP_12MP_03.01.2023_167276717794.png,failure,downloads/7/images/all_images256/ELP_12MP_03.01.2023_167276717794.png
ELP_12MP_03.01.2023_167276052939.png,failure,downloads/7/images/all_images256/ELP_12MP_03.01.2023_167276052939.png
ELP_12MP_02.12.2022_166999640442.png,failure,downloads/7/images/all_images256/ELP_12MP_02.12.2022_166999640442.png
ELP_12MP_03.01.2023_167277484537.png,failure,downloads/7/images/all_images256/ELP_12MP_03.01.2023_167277484537.png
ELP_12MP_02.01.2023_167267472108.png,failure,downloads/7/images/all_images256/ELP_12MP_02.01.2023_167267472108.png
ELP_12MP_02.01.2023_167267467277.png,failure,downloads/7/images/all_images256/ELP_12MP_02.01.2023_167267467277.png
ELP_12MP_03.01.2023_167277469695.png,failure,downloads/7/images/all_images256/ELP_12MP_03.01.2023_167277469695.png
ELP_12MP_14.02.2023_167640472277.png,failure,downloads/7/images/all_images256/ELP_12MP_14.02.2023_167640472277.png
ELP_12MP_16.02.2023_167658215023.png,failure,downloads/7/images/all_images256/ELP_12MP_16.02.2023_167658215023.png
ELP_12MP_01.12.2022_166991234576.png,failure,downloads/7/images/all_images256/ELP_12MP_01.12.2022_166991234576.png
IMG_20200217_231433-1-1024x672_jpg.rf.374b047f00dc08bc966dd432605632eb.jpg,failure,downloads/2/train/IMG_20200217_231433-1-1024x672_jpg.rf.374b047f00dc08bc966dd432605632eb.jpg
failure (41).jpg,failure,downloads/4/train/failure/failure (41).jpg
ELP_12MP_02.01.2023_167267430444.png,failure,downloads/7/images/all_images256/ELP_12MP_02.01.2023_167267430444.png
ELP_12MP_23.02.2023_167718537823.png,failure,downloads/7/images/all_images256/ELP_12MP_23.02.2023_167718537823.png
ELP_12MP_05.01.2023_167291916980.png,failure,downloads/7/images/all_images256/ELP_12MP_05.01.2023_167291916980.png
ELP_12MP_05.01.2023_167292051715.png,failure,downloads/7/images/all_images256/ELP_12MP_05.01.2023_167292051715.png
ELP_12MP_05.01.2023_167291992470.png,failure,downloads/7/images/all_images256/ELP_12MP_05.01.2023_167291992470.png
ELP_12MP_16.02.2023_167656842239.png,failure,downloads/7/images/all_images256/ELP_12MP_16.02.2023_167656842239.png
ELP_12MP_01.12.2022_166991233231.png,failure,downloads/7/images/all_images256/ELP_12MP_01.12.2022_166991233231.png
ELP_12MP_03.01.2023_167276044824.png,failure,downloads/7/images/all_images256/ELP_12MP_03.01.2023_167276044824.png
19672643310_bca7fe1ed6_k-1024x576_jpg.rf.4069c90e543f84004936a3566a4fc0c8.jpg,failure,downloads/2/train/19672643310_bca7fe1ed6_k-1024x576_jpg.rf.4069c90e543f84004936a3566a4fc0c8.jpg
ELP_12MP_22.12.2022_167173348697.png,failure,downloads/7/images/all_images256/ELP_12MP_22.12.2022_167173348697.png
ELP_12MP_03.01.2023_167277506277.png,failure,downloads/7/images/all_images256/ELP_12MP_03.01.2023_167277506277.png
ELP_12MP_29.12.2022_167232525755.png,failure,downloads/7/images/all_images256/ELP_12MP_29.12.2022_167232525755.png
ELP_12MP_03.01.2023_167277500160.png,failure,downloads/7/images/all_images256/ELP_12MP_03.01.2023_167277500160.png
ELP_12MP_03.01.2023_167276717799.png,failure,downloads/7/images/all_images256/ELP_12MP_03.01.2023_167276717799.png
ELP_12MP_02.01.2023_167267421575.png,failure,downloads/7/images/all_images256/ELP_12MP_02.01.2023_167267421575.png
ELP_12MP_02.01.2023_167267450367.png,failure,downloads/7/images/all_images256/ELP_12MP_02.01.2023_167267450367.png
ELP_12MP_10.01.2023_167338260561.png,failure,downloads/7/images/all_images256/ELP_12MP_10.01.2023_167338260561.png
ELP_12MP_10.01.2023_167338247860.png,failure,downloads/7/images/all_images256/ELP_12MP_10.01.2023_167338247860.png
ELP_12MP_01.12.2022_166991235867.png,failure,downloads/7/images/all_images256/ELP_12MP_01.12.2022_166991235867.png
ELP_12MP_22.12.2022_167170812196.png,failure,downloads/7/images/all_images256/ELP_12MP_22.12.2022_167170812196.png
ELP_12MP_05.01.2023_167292785092.png,failure,downloads/7/images/all_images256/ELP_12MP_05.01.2023_167292785092.png
ELP_12MP_22.12.2022_167171107972.png,failure,downloads/7/images/all_images256/ELP_12MP_22.12.2022_167171107972.png
ELP_12MP_06.01.2023_167301087640.png,failure,downloads/7/images/all_images256/ELP_12MP_06.01.2023_167301087640.png
336046561_757973075844621_8112975291665890616_n_cropped_jpg.jpg,failure,downloads/1/train/336046561_757973075844621_8112975291665890616_n_cropped_jpg.rf.39f8548d39393dd85833079aacbb6705.jpg
ELP_12MP_10.01.2023_167336883584.png,failure,downloads/7/images/all_images256/ELP_12MP_10.01.2023_167336883584.png
ELP_12MP_03.01.2023_167276059646.png,failure,downloads/7/images/all_images256/ELP_12MP_03.01.2023_167276059646.png
ELP_12MP_11.01.2023_167344120940.png,failure,downloads/7/images/all_images256/ELP_12MP_11.01.2023_167344120940.png
cracks_65_jpg.jpg,failure,downloads/1/train/cracks_65_jpg.rf.44842ca78ac74fa2b5e10a6e5790465b.jpg
ELP_12MP_14.02.2023_167640446893.png,failure,downloads/7/images/all_images256/ELP_12MP_14.02.2023_167640446893.png
ELP_12MP_10.01.2023_167338265431.png,failure,downloads/7/images/all_images256/ELP_12MP_10.01.2023_167338265431.png
ELP_12MP_22.12.2022_167171113091.png,failure,downloads/7/images/all_images256/ELP_12MP_22.12.2022_167171113091.png
ELP_12MP_02.12.2022_166999847513.png,failure,downloads/7/images/all_images256/ELP_12MP_02.12.2022_166999847513.png
failure (16).jpg,failure,downloads/4/train/failure/failure (16).jpg
hswpodf6xwg51_jpg.rf.5afc420292603ee33b5a4669695a49de.jpg,failure,downloads/2/train/hswpodf6xwg51_jpg.rf.5afc420292603ee33b5a4669695a49de.jpg
ELP_12MP_04.01.2023_167284927582.png,failure,downloads/7/images/all_images256/ELP_12MP_04.01.2023_167284927582.png
ELP_12MP_06.01.2023_167301062419.png,failure,downloads/7/images/all_images256/ELP_12MP_06.01.2023_167301062419.png
ELP_12MP_02.01.2023_167267471168.png,failure,downloads/7/images/all_images256/ELP_12MP_02.01.2023_167267471168.png
ELP_12MP_05.01.2023_167291906749.png,failure,downloads/7/images/all_images256/ELP_12MP_05.01.2023_167291906749.png
151_jpg.jpg,failure,downloads/1/valid/151_jpg.rf.1cbd3a78a52f58141b3fd7749d24f48a.jpg
ELP_12MP_05.01.2023_167292012374.png,failure,downloads/7/images/all_images256/ELP_12MP_05.01.2023_167292012374.png
ELP_12MP_01.12.2022_166991244293.png,failure,downloads/7/images/all_images256/ELP_12MP_01.12.2022_166991244293.png
ELP_12MP_03.01.2023_167275914859.png,failure,downloads/7/images/all_images256/ELP_12MP_03.01.2023_167275914859.png
ELP_12MP_05.01.2023_167293942996.png,failure,downloads/7/images/all_images256/ELP_12MP_05.01.2023_167293942996.png
ELP_12MP_02.01.2023_167267253804.png,failure,downloads/7/images/all_images256/ELP_12MP_02.01.2023_167267253804.png
ELP_12MP_14.02.2023_167641420340.png,failure,downloads/7/images/all_images256/ELP_12MP_14.02.2023_167641420340.png
ELP_12MP_22.12.2022_167171107543.png,failure,downloads/7/images/all_images256/ELP_12MP_22.12.2022_167171107543.png
ELP_12MP_04.01.2023_167284928699.png,failure,downloads/7/images/all_images256/ELP_12MP_04.01.2023_167284928699.png
ELP_12MP_01.12.2022_166991231803.png,failure,downloads/7/images/all_images256/ELP_12MP_01.12.2022_166991231803.png
ELP_12MP_21.12.2022_167165122380.png,failure,downloads/7/images/all_images256/ELP_12MP_21.12.2022_167165122380.png
ELP_12MP_08.01.2023_167318582923.png,failure,downloads/7/images/all_images256/ELP_12MP_08.01.2023_167318582923.png
ELP_12MP_03.01.2023_167276709028.png,failure,downloads/7/images/all_images256/ELP_12MP_03.01.2023_167276709028.png
ELP_12MP_05.01.2023_167292066350.png,failure,downloads/7/images/all_images256/ELP_12MP_05.01.2023_167292066350.png
ELP_12MP_23.02.2023_167718668186.png,failure,downloads/7/images/all_images256/ELP_12MP_23.02.2023_167718668186.png
ELP_12MP_05.01.2023_167291744188.png,failure,downloads/7/images/all_images256/ELP_12MP_05.01.2023_167291744188.png
ELP_12MP_05.01.2023_167294372013.png,failure,downloads/7/images/all_images256/ELP_12MP_05.01.2023_167294372013.png
failure (128).jpg,failure,downloads/4/valid/failure/failure (128).jpg
ELP_12MP_10.01.2023_167337887811.png,failure,downloads/7/images/all_images256/ELP_12MP_10.01.2023_167337887811.png
ELP_12MP_03.01.2023_167276075838.png,failure,downloads/7/images/all_images256/ELP_12MP_03.01.2023_167276075838.png
ELP_12MP_11.01.2023_167344124918.png,failure,downloads/7/images/all_images256/ELP_12MP_11.01.2023_167344124918.png
ELP_12MP_02.12.2022_166999783821.png,failure,downloads/7/images/all_images256/ELP_12MP_02.12.2022_166999783821.png
ELP_12MP_04.01.2023_167284664061.png,failure,downloads/7/images/all_images256/ELP_12MP_04.01.2023_167284664061.png
ELP_12MP_02.12.2022_166999665368.png,failure,downloads/7/images/all_images256/ELP_12MP_02.12.2022_166999665368.png
ELP_12MP_04.01.2023_167284883354.png,failure,downloads/7/images/all_images256/ELP_12MP_04.01.2023_167284883354.png
ELP_12MP_01.12.2022_166990953412.png,failure,downloads/7/images/all_images256/ELP_12MP_01.12.2022_166990953412.png
ELP_12MP_01.12.2022_166990962817.png,failure,downloads/7/images/all_images256/ELP_12MP_01.12.2022_166990962817.png
ELP_12MP_05.01.2023_167291747244.png,failure,downloads/7/images/all_images256/ELP_12MP_05.01.2023_167291747244.png
ELP_12MP_14.02.2023_167641295830.png,failure,downloads/7/images/all_images256/ELP_12MP_14.02.2023_167641295830.png
ELP_12MP_04.01.2023_167284886238.png,failure,downloads/7/images/all_images256/ELP_12MP_04.01.2023_167284886238.png
Capture-d-ecran--300-_jpg.rf.34363d2525a2bf1df5db972eaec5d9d2.jpg,failure,downloads/2/train/Capture-d-ecran--300-_jpg.rf.34363d2525a2bf1df5db972eaec5d9d2.jpg
ELP_12MP_17.02.2023_167664767489.png,failure,downloads/7/images/all_images256/ELP_12MP_17.02.2023_167664767489.png
ELP_12MP_05.01.2023_167291773693.png,failure,downloads/7/images/all_images256/ELP_12MP_05.01.2023_167291773693.png
ELP_12MP_06.01.2023_167301064646.png,failure,downloads/7/images/all_images256/ELP_12MP_06.01.2023_167301064646.png
ELP_12MP_03.01.2023_167276076538.png,failure,downloads/7/images/all_images256/ELP_12MP_03.01.2023_167276076538.png
8136822496_3134392b22_z_medium.jpg,failure,downloads/3/spaghetti/8136822496_3134392b22_z_medium.jpg
ELP_12MP_11.01.2023_167343491505.png,failure,downloads/7/images/all_images256/ELP_12MP_11.01.2023_167343491505.png
ELP_12MP_29.12.2022_167232546153.png,failure,downloads/7/images/all_images256/ELP_12MP_29.12.2022_167232546153.png
ELP_12MP_22.12.2022_167172316993.png,failure,downloads/7/images/all_images256/ELP_12MP_22.12.2022_167172316993.png
ELP_12MP_05.01.2023_167291761526.png,failure,downloads/7/images/all_images256/ELP_12MP_05.01.2023_167291761526.png
ELP_12MP_05.01.2023_167291879980.png,failure,downloads/7/images/all_images256/ELP_12MP_05.01.2023_167291879980.png
ELP_12MP_02.12.2022_166999821053.png,failure,downloads/7/images/all_images256/ELP_12MP_02.12.2022_166999821053.png
ELP_12MP_22.12.2022_167171256159.png,failure,downloads/7/images/all_images256/ELP_12MP_22.12.2022_167171256159.png
ELP_12MP_02.12.2022_166999847498.png,failure,downloads/7/images/all_images256/ELP_12MP_02.12.2022_166999847498.png
ELP_12MP_05.01.2023_167291775209.png,failure,downloads/7/images/all_images256/ELP_12MP_05.01.2023_167291775209.png
123_jpg.jpg,failure,downloads/1/valid/123_jpg.rf.cd42ab609c5c96a8bc2a45cbc8e92e1d.jpg
failed-3d-print-260nw-778660537_jpg.jpg,failure,downloads/1/train/failed-3d-print-260nw-778660537_jpg.rf.3fa6df699264a1926a4214df7eaf5069.jpg
ELP_12MP_10.01.2023_167339114549.png,failure,downloads/7/images/all_images256/ELP_12MP_10.01.2023_167339114549.png
ELP_12MP_02.01.2023_167267458465.png,failure,downloads/7/images/all_images256/ELP_12MP_02.01.2023_167267458465.png
ELP_12MP_02.12.2022_166999763490.png,failure,downloads/7/images/all_images256/ELP_12MP_02.12.2022_166999763490.png
failure (57).jpg,failure,downloads/4/train/failure/failure (57).jpg
ELP_12MP_04.01.2023_167284915120.png,failure,downloads/7/images/all_images256/ELP_12MP_04.01.2023_167284915120.png
ELP_12MP_11.01.2023_167344334190.png,failure,downloads/7/images/all_images256/ELP_12MP_11.01.2023_167344334190.png
ELP_12MP_02.01.2023_167267244954.png,failure,downloads/7/images/all_images256/ELP_12MP_02.01.2023_167267244954.png
ELP_12MP_05.01.2023_167291750248.png,failure,downloads/7/images/all_images256/ELP_12MP_05.01.2023_167291750248.png
ELP_12MP_04.01.2023_167284908165.png,failure,downloads/7/images/all_images256/ELP_12MP_04.01.2023_167284908165.png
ELP_12MP_21.12.2022_167165015841.png,failure,downloads/7/images/all_images256/ELP_12MP_21.12.2022_167165015841.png
ELP_12MP_10.01.2023_167336479894.png,failure,downloads/7/images/all_images256/ELP_12MP_10.01.2023_167336479894.png
ELP_12MP_05.01.2023_167291756177.png,failure,downloads/7/images/all_images256/ELP_12MP_05.01.2023_167291756177.png
ELP_12MP_02.12.2022_166999800512.png,failure,downloads/7/images/all_images256/ELP_12MP_02.12.2022_166999800512.png
ELP_12MP_02.12.2022_166999847881.png,failure,downloads/7/images/all_images256/ELP_12MP_02.12.2022_166999847881.png
ELP_12MP_22.12.2022_167171052608.png,failure,downloads/7/images/all_images256/ELP_12MP_22.12.2022_167171052608.png
ELP_12MP_20.12.2022_167154409890.png,failure,downloads/7/images/all_images256/ELP_12MP_20.12.2022_167154409890.png
ELP_12MP_16.02.2023_167658648931.png,failure,downloads/7/images/all_images256/ELP_12MP_16.02.2023_167658648931.png
ELP_12MP_08.01.2023_167318599046.png,failure,downloads/7/images/all_images256/ELP_12MP_08.01.2023_167318599046.png
ELP_12MP_04.01.2023_167284659055.png,failure,downloads/7/images/all_images256/ELP_12MP_04.01.2023_167284659055.png
ELP_12MP_06.12.2022_167033868290.png,failure,downloads/7/images/all_images256/ELP_12MP_06.12.2022_167033868290.png
ELP_12MP_22.12.2022_167171260825.png,failure,downloads/7/images/all_images256/ELP_12MP_22.12.2022_167171260825.png
ELP_12MP_08.01.2023_167318458183.png,failure,downloads/7/images/all_images256/ELP_12MP_08.01.2023_167318458183.png
file_jpg.jpg,failure,downloads/1/train/file_jpg.rf.7592ccb378e94006f5da2be61a45c30a.jpg
filament-diameter-before-after_jpg.jpg,failure,downloads/1/test/filament-diameter-before-after_jpg.rf.27d4e0b055bd87ffa6d099ae55baf705.jpg
ELP_12MP_04.01.2023_167284938703.png,failure,downloads/7/images/all_images256/ELP_12MP_04.01.2023_167284938703.png
ELP_12MP_21.12.2022_167165010722.png,failure,downloads/7/images/all_images256/ELP_12MP_21.12.2022_167165010722.png
ELP_12MP_03.01.2023_167276073871.png,failure,downloads/7/images/all_images256/ELP_12MP_03.01.2023_167276073871.png
Capture-d-ecran--645-_jpg.rf.3ca26bacdf2259beacb65543313f3de6.jpg,failure,downloads/2/train/Capture-d-ecran--645-_jpg.rf.3ca26bacdf2259beacb65543313f3de6.jpg
ELP_12MP_04.01.2023_167284909290.png,failure,downloads/7/images/all_images256/ELP_12MP_04.01.2023_167284909290.png
ELP_12MP_06.12.2022_167033888358.png,failure,downloads/7/images/all_images256/ELP_12MP_06.12.2022_167033888358.png
ELP_12MP_05.01.2023_167292037241.png,failure,downloads/7/images/all_images256/ELP_12MP_05.01.2023_167292037241.png
9_jpg.jpg,failure,downloads/1/valid/9_jpg.rf.418024856b0ef42828a416bf96548f21.jpg
ELP_12MP_22.12.2022_167172888799.png,failure,downloads/7/images/all_images256/ELP_12MP_22.12.2022_167172888799.png
a294acc1307c1b9e3bd961efe235c4cb_png.jpg,failure,downloads/1/test/a294acc1307c1b9e3bd961efe235c4cb_png.rf.ce4c541fe1f7adb7cce8a1fea399a7f0.jpg
ELP_12MP_03.01.2023_167277511870.png,failure,downloads/7/images/all_images256/ELP_12MP_03.01.2023_167277511870.png
ELP_12MP_01.12.2022_166991205620.png,failure,downloads/7/images/all_images256/ELP_12MP_01.12.2022_166991205620.png
ELP_12MP_05.01.2023_167291749080.png,failure,downloads/7/images/all_images256/ELP_12MP_05.01.2023_167291749080.png
ELP_12MP_17.02.2023_167664761563.png,failure,downloads/7/images/all_images256/ELP_12MP_17.02.2023_167664761563.png
68_jpg.jpg,failure,downloads/1/valid/68_jpg.rf.987090fe4b18679211921aa28c5ade34.jpg
ELP_12MP_17.02.2023_167664749588.png,failure,downloads/7/images/all_images256/ELP_12MP_17.02.2023_167664749588.png
ELP_12MP_03.01.2023_167275894335.png,failure,downloads/7/images/all_images256/ELP_12MP_03.01.2023_167275894335.png
ELP_12MP_04.01.2023_167284682687.png,failure,downloads/7/images/all_images256/ELP_12MP_04.01.2023_167284682687.png
ELP_12MP_05.01.2023_167292802491.png,failure,downloads/7/images/all_images256/ELP_12MP_05.01.2023_167292802491.png
ELP_12MP_08.01.2023_167318466050.png,failure,downloads/7/images/all_images256/ELP_12MP_08.01.2023_167318466050.png
ELP_12MP_03.01.2023_167277514909.png,failure,downloads/7/images/all_images256/ELP_12MP_03.01.2023_167277514909.png
7rgzz590z8t11_jpg.rf.3f5435534e0655aead90c6cc54093762.jpg,failure,downloads/2/test/7rgzz590z8t11_jpg.rf.3f5435534e0655aead90c6cc54093762.jpg
ELP_12MP_11.01.2023_167343985488.png,failure,downloads/7/images/all_images256/ELP_12MP_11.01.2023_167343985488.png
ELP_12MP_04.01.2023_167284904789.png,failure,downloads/7/images/all_images256/ELP_12MP_04.01.2023_167284904789.png
ELP_12MP_22.12.2022_167171127269.png,failure,downloads/7/images/all_images256/ELP_12MP_22.12.2022_167171127269.png
ELP_12MP_14.02.2023_167639784395.png,failure,downloads/7/images/all_images256/ELP_12MP_14.02.2023_167639784395.png
ELP_12MP_06.12.2022_167033857707.png,failure,downloads/7/images/all_images256/ELP_12MP_06.12.2022_167033857707.png
ELP_12MP_08.01.2023_167318427030.png,failure,downloads/7/images/all_images256/ELP_12MP_08.01.2023_167318427030.png
ELP_12MP_05.01.2023_167292788428.png,failure,downloads/7/images/all_images256/ELP_12MP_05.01.2023_167292788428.png
ELP_12MP_02.12.2022_166999800507.png,failure,downloads/7/images/all_images256/ELP_12MP_02.12.2022_166999800507.png
ELP_12MP_08.01.2023_167318463841.png,failure,downloads/7/images/all_images256/ELP_12MP_08.01.2023_167318463841.png
Capture-d-ecran--598-_jpg.rf.27f6d1a57bfeb354f49b3cfd8ab34117.jpg,failure,downloads/2/train/Capture-d-ecran--598-_jpg.rf.27f6d1a57bfeb354f49b3cfd8ab34117.jpg
ELP_12MP_03.01.2023_167277496063.png,failure,downloads/7/images/all_images256/ELP_12MP_03.01.2023_167277496063.png
ELP_12MP_02.01.2023_167267462539.png,failure,downloads/7/images/all_images256/ELP_12MP_02.01.2023_167267462539.png
ELP_12MP_02.12.2022_166999706221.png,failure,downloads/7/images/all_images256/ELP_12MP_02.12.2022_166999706221.png
ELP_12MP_03.01.2023_167275924435.png,failure,downloads/7/images/all_images256/ELP_12MP_03.01.2023_167275924435.png
ELP_12MP_21.12.2022_167165137405.png,failure,downloads/7/images/all_images256/ELP_12MP_21.12.2022_167165137405.png
ELP_12MP_03.01.2023_167276078070.png,failure,downloads/7/images/all_images256/ELP_12MP_03.01.2023_167276078070.png
ELP_12MP_10.01.2023_167338364699.png,failure,downloads/7/images/all_images256/ELP_12MP_10.01.2023_167338364699.png
ELP_12MP_10.01.2023_167337521733.png,failure,downloads/7/images/all_images256/ELP_12MP_10.01.2023_167337521733.png
ELP_12MP_02.12.2022_166999763485.png,failure,downloads/7/images/all_images256/ELP_12MP_02.12.2022_166999763485.png
ELP_12MP_06.12.2022_167033873100.png,failure,downloads/7/images/all_images256/ELP_12MP_06.12.2022_167033873100.png
ELP_12MP_03.01.2023_167275921565.png,failure,downloads/7/images/all_images256/ELP_12MP_03.01.2023_167275921565.png
Capture-d-ecran--613-_jpg.rf.66b6e5434287f5897d87f796204ef397.jpg,failure,downloads/2/train/Capture-d-ecran--613-_jpg.rf.66b6e5434287f5897d87f796204ef397.jpg
failure (112).jpg,failure,downloads/4/train/failure/failure (112).jpg
imag-129-_jpg.jpg,failure,downloads/1/train/imag-129-_jpg.rf.fe4eeb33d160659dc73597b0b851631b.jpg
ELP_12MP_14.02.2023_167639836328.png,failure,downloads/7/images/all_images256/ELP_12MP_14.02.2023_167639836328.png
failure (94).jpg,failure,downloads/4/train/failure/failure (94).jpg
ELP_12MP_21.12.2022_167165004568.png,failure,downloads/7/images/all_images256/ELP_12MP_21.12.2022_167165004568.png
1_uWD6NUewKoDvmyWSHg3OIw_png.rf.894e27739373cf5d44a8b19051efa331.jpg,failure,downloads/5/train/1_uWD6NUewKoDvmyWSHg3OIw_png.rf.894e27739373cf5d44a8b19051efa331.jpg
ELP_12MP_02.01.2023_167267455626.png,failure,downloads/7/images/all_images256/ELP_12MP_02.01.2023_167267455626.png
ELP_12MP_16.02.2023_167656808090.png,failure,downloads/7/images/all_images256/ELP_12MP_16.02.2023_167656808090.png
ELP_12MP_06.01.2023_167300888409.png,failure,downloads/7/images/all_images256/ELP_12MP_06.01.2023_167300888409.png
ELP_12MP_03.01.2023_167275889172.png,failure,downloads/7/images/all_images256/ELP_12MP_03.01.2023_167275889172.png
ELP_12MP_29.11.2022_166975234256.png,failure,downloads/7/images/all_images256/ELP_12MP_29.11.2022_166975234256.png
ELP_12MP_03.01.2023_167276711048.png,failure,downloads/7/images/all_images256/ELP_12MP_03.01.2023_167276711048.png
ELP_12MP_14.02.2023_167640575848.png,failure,downloads/7/images/all_images256/ELP_12MP_14.02.2023_167640575848.png
ELP_12MP_06.01.2023_167300893001.png,failure,downloads/7/images/all_images256/ELP_12MP_06.01.2023_167300893001.png
ELP_12MP_10.01.2023_167337894918.png,failure,downloads/7/images/all_images256/ELP_12MP_10.01.2023_167337894918.png
ELP_12MP_05.01.2023_167292677173.png,failure,downloads/7/images/all_images256/ELP_12MP_05.01.2023_167292677173.png
ELP_12MP_01.12.2022_166990965176.png,failure,downloads/7/images/all_images256/ELP_12MP_01.12.2022_166990965176.png
ELP_12MP_10.01.2023_167338366501.png,failure,downloads/7/images/all_images256/ELP_12MP_10.01.2023_167338366501.png
ELP_12MP_05.01.2023_167292036374.png,failure,downloads/7/images/all_images256/ELP_12MP_05.01.2023_167292036374.png
ELP_12MP_11.01.2023_167343491510.png,failure,downloads/7/images/all_images256/ELP_12MP_11.01.2023_167343491510.png
ELP_12MP_02.01.2023_167267465901.png,failure,downloads/7/images/all_images256/ELP_12MP_02.01.2023_167267465901.png
ELP_12MP_17.02.2023_167664409458.png,failure,downloads/7/images/all_images256/ELP_12MP_17.02.2023_167664409458.png
ELP_12MP_06.01.2023_167300855898.png,failure,downloads/7/images/all_images256/ELP_12MP_06.01.2023_167300855898.png
119_jpg.rf.2037277510e58a4e5f33766f2e974ae8.jpg,failure,downloads/5/test/119_jpg.rf.2037277510e58a4e5f33766f2e974ae8.jpg
ELP_12MP_03.01.2023_167277465302.png,failure,downloads/7/images/all_images256/ELP_12MP_03.01.2023_167277465302.png
772a27e26920431770e781dda062398b-image-asset_img_5eb0af2d092e0_jpg.rf.2b6eb16648db343a2766f749b6435333.jpg,failure,downloads/2/train/772a27e26920431770e781dda062398b-image-asset_img_5eb0af2d092e0_jpg.rf.2b6eb16648db343a2766f749b6435333.jpg
ELP_12MP_22.12.2022_167172322404.png,failure,downloads/7/images/all_images256/ELP_12MP_22.12.2022_167172322404.png
ELP_12MP_14.02.2023_167640443487.png,failure,downloads/7/images/all_images256/ELP_12MP_14.02.2023_167640443487.png
ELP_12MP_02.01.2023_167267457794.png,failure,downloads/7/images/all_images256/ELP_12MP_02.01.2023_167267457794.png
25_jpg.jpg,failure,downloads/1/valid/25_jpg.rf.8c0a50581bef2a7647ef31e0e1f650e9.jpg
ELP_12MP_10.01.2023_167338039042.png,failure,downloads/7/images/all_images256/ELP_12MP_10.01.2023_167338039042.png
35_jpg.jpg,failure,downloads/1/valid/35_jpg.rf.5ca34ac92b3de466808a3e740e68ec92.jpg
ELP_12MP_10.01.2023_167339031045.png,failure,downloads/7/images/all_images256/ELP_12MP_10.01.2023_167339031045.png
failure (145).jpg,failure,downloads/4/valid/failure/failure (145).jpg
ELP_12MP_05.01.2023_167292805117.png,failure,downloads/7/images/all_images256/ELP_12MP_05.01.2023_167292805117.png
ELP_12MP_03.01.2023_167276698693.png,failure,downloads/7/images/all_images256/ELP_12MP_03.01.2023_167276698693.png
ELP_12MP_10.01.2023_167339131079.png,failure,downloads/7/images/all_images256/ELP_12MP_10.01.2023_167339131079.png
ELP_12MP_14.02.2023_167640983564.png,failure,downloads/7/images/all_images256/ELP_12MP_14.02.2023_167640983564.png
ELP_12MP_10.01.2023_167336350457.png,failure,downloads/7/images/all_images256/ELP_12MP_10.01.2023_167336350457.png
ELP_12MP_20.12.2022_167155591856.png,failure,downloads/7/images/all_images256/ELP_12MP_20.12.2022_167155591856.png
ELP_12MP_20.12.2022_167155591842.png,failure,downloads/7/images/all_images256/ELP_12MP_20.12.2022_167155591842.png
ELP_12MP_22.12.2022_167172292516.png,failure,downloads/7/images/all_images256/ELP_12MP_22.12.2022_167172292516.png
ELP_12MP_10.01.2023_167336879165.png,failure,downloads/7/images/all_images256/ELP_12MP_10.01.2023_167336879165.png
failure (82).jpg,failure,downloads/4/train/failure/failure (82).jpg
ELP_12MP_05.01.2023_167292058297.png,failure,downloads/7/images/all_images256/ELP_12MP_05.01.2023_167292058297.png
ELP_12MP_03.01.2023_167276058983.png,failure,downloads/7/images/all_images256/ELP_12MP_03.01.2023_167276058983.png
47_jpg.jpg,failure,downloads/1/valid/47_jpg.rf.de249b9fa100ea93f69b8ff5d39921d9.jpg
ELP_12MP_21.12.2022_167165130949.png,failure,downloads/7/images/all_images256/ELP_12MP_21.12.2022_167165130949.png
ELP_12MP_03.01.2023_167276687604.png,failure,downloads/7/images/all_images256/ELP_12MP_03.01.2023_167276687604.png
34887nsusfs51_jpg.rf.900c20f96d74119df377f6beecc62ad6.jpg,failure,downloads/2/train/34887nsusfs51_jpg.rf.900c20f96d74119df377f6beecc62ad6.jpg
ELP_12MP_10.01.2023_167338993986.png,failure,downloads/7/images/all_images256/ELP_12MP_10.01.2023_167338993986.png
ELP_12MP_03.01.2023_167276727459.png,failure,downloads/7/images/all_images256/ELP_12MP_03.01.2023_167276727459.png
ELP_12MP_06.01.2023_167302032757.png,failure,downloads/7/images/all_images256/ELP_12MP_06.01.2023_167302032757.png
ELP_12MP_03.01.2023_167277502206.png,failure,downloads/7/images/all_images256/ELP_12MP_03.01.2023_167277502206.png
3D-printed-gremlins-796x448_c.jpg,failure,downloads/3/spaghetti/3D-printed-gremlins-796x448_c.jpg
ELP_12MP_11.01.2023_167344362937.png,failure,downloads/7/images/all_images256/ELP_12MP_11.01.2023_167344362937.png
ELP_12MP_02.12.2022_166999779783.png,failure,downloads/7/images/all_images256/ELP_12MP_02.12.2022_166999779783.png
ELP_12MP_29.11.2022_166975254373.png,failure,downloads/7/images/all_images256/ELP_12MP_29.11.2022_166975254373.png
images (9).jpg,failure,downloads/3/spaghetti/images (9).jpg
ELP_12MP_10.01.2023_167338843966.png,failure,downloads/7/images/all_images256/ELP_12MP_10.01.2023_167338843966.png
cracks_38_jpg.jpg,failure,downloads/1/train/cracks_38_jpg.rf.4dfb6e89dd0b2be95e809914849520d3.jpg
failure (153).jpg,failure,downloads/4/test/failure/failure (153).jpg
ELP_12MP_04.01.2023_167284930799.png,failure,downloads/7/images/all_images256/ELP_12MP_04.01.2023_167284930799.png
ELP_12MP_06.01.2023_167300896233.png,failure,downloads/7/images/all_images256/ELP_12MP_06.01.2023_167300896233.png
ELP_12MP_05.01.2023_167292807489.png,failure,downloads/7/images/all_images256/ELP_12MP_05.01.2023_167292807489.png
ELP_12MP_03.01.2023_167276716451.png,failure,downloads/7/images/all_images256/ELP_12MP_03.01.2023_167276716451.png
ELP_12MP_10.01.2023_167337592466.png,failure,downloads/7/images/all_images256/ELP_12MP_10.01.2023_167337592466.png
ELP_12MP_01.12.2022_166991214894.png,failure,downloads/7/images/all_images256/ELP_12MP_01.12.2022_166991214894.png
ELP_12MP_03.01.2023_167275912756.png,failure,downloads/7/images/all_images256/ELP_12MP_03.01.2023_167275912756.png
ELP_12MP_16.02.2023_167657137455.png,failure,downloads/7/images/all_images256/ELP_12MP_16.02.2023_167657137455.png
ELP_12MP_02.01.2023_167267451722.png,failure,downloads/7/images/all_images256/ELP_12MP_02.01.2023_167267451722.png
ELP_12MP_17.02.2023_167663730832.png,failure,downloads/7/images/all_images256/ELP_12MP_17.02.2023_167663730832.png
ELP_12MP_05.01.2023_167292063995.png,failure,downloads/7/images/all_images256/ELP_12MP_05.01.2023_167292063995.png
ELP_12MP_02.12.2022_166999652923.png,failure,downloads/7/images/all_images256/ELP_12MP_02.12.2022_166999652923.png
ELP_12MP_02.01.2023_167267450372.png,failure,downloads/7/images/all_images256/ELP_12MP_02.01.2023_167267450372.png
ELP_12MP_05.01.2023_167291882689.png,failure,downloads/7/images/all_images256/ELP_12MP_05.01.2023_167291882689.png
ELP_12MP_08.01.2023_167318677734.png,failure,downloads/7/images/all_images256/ELP_12MP_08.01.2023_167318677734.png
ELP_12MP_08.01.2023_167318464082.png,failure,downloads/7/images/all_images256/ELP_12MP_08.01.2023_167318464082.png
ELP_12MP_08.01.2023_167319241358.png,failure,downloads/7/images/all_images256/ELP_12MP_08.01.2023_167319241358.png
ELP_12MP_08.01.2023_167318612806.png,failure,downloads/7/images/all_images256/ELP_12MP_08.01.2023_167318612806.png
134_jpg.rf.72e8539dbe6d4978fee27a402099bbbf.jpg,failure,downloads/5/train/134_jpg.rf.72e8539dbe6d4978fee27a402099bbbf.jpg
335536666_595308922205838_3070250205042394525_n_cropped_jpg.jpg,failure,downloads/1/train/335536666_595308922205838_3070250205042394525_n_cropped_jpg.rf.1a2ca7b8041ca8098b034ac3248e2222.jpg
ELP_12MP_03.01.2023_167277509637.png,failure,downloads/7/images/all_images256/ELP_12MP_03.01.2023_167277509637.png
ELP_12MP_05.01.2023_167292027682.png,failure,downloads/7/images/all_images256/ELP_12MP_05.01.2023_167292027682.png
3317811b7a5636eaa23d34e018bffe5b2afc6e51_jpg.rf.13e8a25b5872db3605ea86e161660de0.jpg,failure,downloads/2/train/3317811b7a5636eaa23d34e018bffe5b2afc6e51_jpg.rf.13e8a25b5872db3605ea86e161660de0.jpg
failure (104).jpg,failure,downloads/4/train/failure/failure (104).jpg
ELP_12MP_29.11.2022_166975440411.png,failure,downloads/7/images/all_images256/ELP_12MP_29.11.2022_166975440411.png
ELP_12MP_14.02.2023_167640455811.png,failure,downloads/7/images/all_images256/ELP_12MP_14.02.2023_167640455811.png
ELP_12MP_08.01.2023_167318447101.png,failure,downloads/7/images/all_images256/ELP_12MP_08.01.2023_167318447101.png
ELP_12MP_10.01.2023_167337577367.png,failure,downloads/7/images/all_images256/ELP_12MP_10.01.2023_167337577367.png
ELP_12MP_03.01.2023_167277469699.png,failure,downloads/7/images/all_images256/ELP_12MP_03.01.2023_167277469699.png
ELP_12MP_04.01.2023_167284661497.png,failure,downloads/7/images/all_images256/ELP_12MP_04.01.2023_167284661497.png
ELP_12MP_22.12.2022_167173362057.png,failure,downloads/7/images/all_images256/ELP_12MP_22.12.2022_167173362057.png
ELP_12MP_03.01.2023_167277501531.png,failure,downloads/7/images/all_images256/ELP_12MP_03.01.2023_167277501531.png
ELP_12MP_02.01.2023_167267472104.png,failure,downloads/7/images/all_images256/ELP_12MP_02.01.2023_167267472104.png
ELP_12MP_10.01.2023_167336367774.png,failure,downloads/7/images/all_images256/ELP_12MP_10.01.2023_167336367774.png
aaa.jpg,failure,downloads/3/spaghetti/aaa.jpg
ELP_12MP_22.12.2022_167173597085.png,failure,downloads/7/images/all_images256/ELP_12MP_22.12.2022_167173597085.png
aea353b13e8addbc12bc17ca0e93547d.jpg,failure,downloads/3/spaghetti/aea353b13e8addbc12bc17ca0e93547d.jpg
ELP_12MP_05.01.2023_167291893023.png,failure,downloads/7/images/all_images256/ELP_12MP_05.01.2023_167291893023.png
ELP_12MP_03.01.2023_167276721228.png,failure,downloads/7/images/all_images256/ELP_12MP_03.01.2023_167276721228.png
Capture-d-ecran--622-_jpg.rf.0ea58fc98cb70f27014fe7a33a9a20a3.jpg,failure,downloads/2/train/Capture-d-ecran--622-_jpg.rf.0ea58fc98cb70f27014fe7a33a9a20a3.jpg
ELP_12MP_03.01.2023_167277504305.png,failure,downloads/7/images/all_images256/ELP_12MP_03.01.2023_167277504305.png
ELP_12MP_14.02.2023_167641314901.png,failure,downloads/7/images/all_images256/ELP_12MP_14.02.2023_167641314901.png
ELP_12MP_08.01.2023_167318438099.png,failure,downloads/7/images/all_images256/ELP_12MP_08.01.2023_167318438099.png
printfail.jpg,failure,downloads/3/spaghetti/printfail.jpg
ELP_12MP_08.01.2023_167318612810.png,failure,downloads/7/images/all_images256/ELP_12MP_08.01.2023_167318612810.png
ELP_12MP_05.01.2023_167292063029.png,failure,downloads/7/images/all_images256/ELP_12MP_05.01.2023_167292063029.png
ELP_12MP_21.12.2022_167165017890.png,failure,downloads/7/images/all_images256/ELP_12MP_21.12.2022_167165017890.png
ELP_12MP_10.01.2023_167338029870.png,failure,downloads/7/images/all_images256/ELP_12MP_10.01.2023_167338029870.png
ELP_12MP_04.01.2023_167284901977.png,failure,downloads/7/images/all_images256/ELP_12MP_04.01.2023_167284901977.png
ELP_12MP_05.01.2023_167291911975.png,failure,downloads/7/images/all_images256/ELP_12MP_05.01.2023_167291911975.png
ELP_12MP_05.01.2023_167292035535.png,failure,downloads/7/images/all_images256/ELP_12MP_05.01.2023_167292035535.png
ELP_12MP_03.01.2023_167277471995.png,failure,downloads/7/images/all_images256/ELP_12MP_03.01.2023_167277471995.png
images-5-_jpg.jpg,failure,downloads/1/train/images-5-_jpg.rf.a5a14a45b414de62a8c4f8dfd944d161.jpg
ELP_12MP_03.01.2023_167276725927.png,failure,downloads/7/images/all_images256/ELP_12MP_03.01.2023_167276725927.png
prmjf1yvlt811_jpg.rf.a5b1e496eebae1c344c345e9d11f397b.jpg,failure,downloads/2/train/prmjf1yvlt811_jpg.rf.a5b1e496eebae1c344c345e9d11f397b.jpg
8136822496_3134392b22_z_medium_jpg.jpg,failure,downloads/1/train/8136822496_3134392b22_z_medium_jpg.rf.5f1e7f1494c9da1d7d8d787a3fc5b99d.jpg
ELP_12MP_05.01.2023_167292812092.png,failure,downloads/7/images/all_images256/ELP_12MP_05.01.2023_167292812092.png
1554794075909-img_20190409_010054_jpg.rf.086a6388db7082d9b9fb8510e57d9bd0.jpg,failure,downloads/2/train/1554794075909-img_20190409_010054_jpg.rf.086a6388db7082d9b9fb8510e57d9bd0.jpg
images-4-_jpg.jpg,failure,downloads/1/test/images-4-_jpg.rf.873b7d55433110d4f5a2ff1b2c4dcec8.jpg
ELP_12MP_08.01.2023_167318603706.png,failure,downloads/7/images/all_images256/ELP_12MP_08.01.2023_167318603706.png
failure (124).jpg,failure,downloads/4/valid/failure/failure (124).jpg
ELP_12MP_16.02.2023_167658179432.png,failure,downloads/7/images/all_images256/ELP_12MP_16.02.2023_167658179432.png
ELP_12MP_22.12.2022_167171046252.png,failure,downloads/7/images/all_images256/ELP_12MP_22.12.2022_167171046252.png
ELP_12MP_22.12.2022_167172686741.png,failure,downloads/7/images/all_images256/ELP_12MP_22.12.2022_167172686741.png
ELP_12MP_10.01.2023_167338871040.png,failure,downloads/7/images/all_images256/ELP_12MP_10.01.2023_167338871040.png
ELP_12MP_10.01.2023_167338878716.png,failure,downloads/7/images/all_images256/ELP_12MP_10.01.2023_167338878716.png
ELP_12MP_05.01.2023_167292809840.png,failure,downloads/7/images/all_images256/ELP_12MP_05.01.2023_167292809840.png
ELP_12MP_10.01.2023_167338267769.png,failure,downloads/7/images/all_images256/ELP_12MP_10.01.2023_167338267769.png
ELP_12MP_21.12.2022_167165148172.png,failure,downloads/7/images/all_images256/ELP_12MP_21.12.2022_167165148172.png
101_jpg.rf.6c59f4805e3c139ad10e11fd0b3d69ed.jpg,failure,downloads/5/train/101_jpg.rf.6c59f4805e3c139ad10e11fd0b3d69ed.jpg
61_jpg.jpg,failure,downloads/1/test/61_jpg.rf.ab2492a83a02d8d583ea5206ab63f268.jpg
ELP_12MP_16.02.2023_167658236362.png,failure,downloads/7/images/all_images256/ELP_12MP_16.02.2023_167658236362.png
ELP_12MP_21.12.2022_167165176088.png,failure,downloads/7/images/all_images256/ELP_12MP_21.12.2022_167165176088.png
71_jpg.jpg,failure,downloads/1/test/71_jpg.rf.40c99cc5674514a0bfae50f0b75d8d01.jpg
ELP_12MP_02.01.2023_167267251779.png,failure,downloads/7/images/all_images256/ELP_12MP_02.01.2023_167267251779.png
1e0889f0d3cb71fe1a1dc15a23bcda8cf78d4241.jpg,failure,downloads/3/spaghetti/1e0889f0d3cb71fe1a1dc15a23bcda8cf78d4241.jpg
ELP_12MP_08.01.2023_167318762703.png,failure,downloads/7/images/all_images256/ELP_12MP_08.01.2023_167318762703.png
Capture-d-ecran--631-_jpg.rf.3227f04ab721d1b115ae0ff0bbb9c9e2.jpg,failure,downloads/2/train/Capture-d-ecran--631-_jpg.rf.3227f04ab721d1b115ae0ff0bbb9c9e2.jpg
ELP_12MP_03.01.2023_167276053977.png,failure,downloads/7/images/all_images256/ELP_12MP_03.01.2023_167276053977.png
IMG_20190315_182806_resized_20190315_062928890-jpg-fd764c2075f3f0ba27e2cfa9fe838dc4_jpg.rf.023221d4029174e5138264f2ecce4a88.jpg,failure,downloads/2/train/IMG_20190315_182806_resized_20190315_062928890-jpg-fd764c2075f3f0ba27e2cfa9fe838dc4_jpg.rf.023221d4029174e5138264f2ecce4a88.jpg
13_jpg.jpg,failure,downloads/1/valid/13_jpg.rf.66e783926d64e844dd3be135f2feadc8.jpg
failure (132).jpg,failure,downloads/4/valid/failure/failure (132).jpg
ELP_12MP_14.02.2023_167640482597.png,failure,downloads/7/images/all_images256/ELP_12MP_14.02.2023_167640482597.png
ELP_12MP_15.02.2023_167647003256.png,failure,downloads/7/images/all_images256/ELP_12MP_15.02.2023_167647003256.png
ELP_12MP_03.01.2023_167277492763.png,failure,downloads/7/images/all_images256/ELP_12MP_03.01.2023_167277492763.png
113_jpg.rf.534b2cc5f888503ac3e80085404683bc.jpg,failure,downloads/5/train/113_jpg.rf.534b2cc5f888503ac3e80085404683bc.jpg
ELP_12MP_02.01.2023_167267461224.png,failure,downloads/7/images/all_images256/ELP_12MP_02.01.2023_167267461224.png
ELP_12MP_04.01.2023_167284644577.png,failure,downloads/7/images/all_images256/ELP_12MP_04.01.2023_167284644577.png
ELP_12MP_01.12.2022_166990986562.png,failure,downloads/7/images/all_images256/ELP_12MP_01.12.2022_166990986562.png
Capture-d-ecran--638-_jpg.rf.1c927a2b61b0b183cb4e508073f1687f.jpg,failure,downloads/2/train/Capture-d-ecran--638-_jpg.rf.1c927a2b61b0b183cb4e508073f1687f.jpg
ELP_12MP_05.01.2023_167292022303.png,failure,downloads/7/images/all_images256/ELP_12MP_05.01.2023_167292022303.png
ELP_12MP_08.01.2023_167318459936.png,failure,downloads/7/images/all_images256/ELP_12MP_08.01.2023_167318459936.png
ELP_12MP_21.12.2022_167165030195.png,failure,downloads/7/images/all_images256/ELP_12MP_21.12.2022_167165030195.png
ELP_12MP_05.01.2023_167292039045.png,failure,downloads/7/images/all_images256/ELP_12MP_05.01.2023_167292039045.png
ELP_12MP_29.11.2022_166975472714.png,failure,downloads/7/images/all_images256/ELP_12MP_29.11.2022_166975472714.png
maxresdefault (2).jpg,failure,downloads/3/spaghetti/maxresdefault (2).jpg
ELP_12MP_11.01.2023_167344887986.png,failure,downloads/7/images/all_images256/ELP_12MP_11.01.2023_167344887986.png
ELP_12MP_05.01.2023_167291782866.png,failure,downloads/7/images/all_images256/ELP_12MP_05.01.2023_167291782866.png
ELP_12MP_04.01.2023_167284893187.png,failure,downloads/7/images/all_images256/ELP_12MP_04.01.2023_167284893187.png
ELP_12MP_02.12.2022_166999697937.png,failure,downloads/7/images/all_images256/ELP_12MP_02.12.2022_166999697937.png
ELP_12MP_22.12.2022_167173424878.png,failure,downloads/7/images/all_images256/ELP_12MP_22.12.2022_167173424878.png
ELP_12MP_22.12.2022_167171375967.png,failure,downloads/7/images/all_images256/ELP_12MP_22.12.2022_167171375967.png
ELP_12MP_03.01.2023_167276074489.png,failure,downloads/7/images/all_images256/ELP_12MP_03.01.2023_167276074489.png
ELP_12MP_03.01.2023_167275907991.png,failure,downloads/7/images/all_images256/ELP_12MP_03.01.2023_167275907991.png
failure (165).jpg,failure,downloads/4/test/failure/failure (165).jpg
Capture-d-ecran--255-_jpg.rf.1123b971b9643622d666c608eb4587b3.jpg,failure,downloads/2/train/Capture-d-ecran--255-_jpg.rf.1123b971b9643622d666c608eb4587b3.jpg
ELP_12MP_04.01.2023_167285005115.png,failure,downloads/7/images/all_images256/ELP_12MP_04.01.2023_167285005115.png
Capture-d-ecran--283-_jpg.rf.0080fced921b3bd905c046056a0d4f3b.jpg,failure,downloads/2/train/Capture-d-ecran--283-_jpg.rf.0080fced921b3bd905c046056a0d4f3b.jpg
ELP_12MP_01.12.2022_166991174923.png,failure,downloads/7/images/all_images256/ELP_12MP_01.12.2022_166991174923.png
ELP_12MP_05.01.2023_167291758617.png,failure,downloads/7/images/all_images256/ELP_12MP_05.01.2023_167291758617.png
ELP_12MP_03.01.2023_167275908687.png,failure,downloads/7/images/all_images256/ELP_12MP_03.01.2023_167275908687.png
148_jpg.jpg,failure,downloads/1/valid/148_jpg.rf.290b8ed49e08506106bd0b5af2cbede5.jpg
ELP_12MP_16.02.2023_167658216449.png,failure,downloads/7/images/all_images256/ELP_12MP_16.02.2023_167658216449.png
ELP_12MP_16.02.2023_167657127917.png,failure,downloads/7/images/all_images256/ELP_12MP_16.02.2023_167657127917.png
failedprint2_img_5eb0af2d67ead.jpg,failure,downloads/3/spaghetti/failedprint2_img_5eb0af2d67ead.jpg
ELP_12MP_05.01.2023_167291783761.png,failure,downloads/7/images/all_images256/ELP_12MP_05.01.2023_167291783761.png
ELP_12MP_02.12.2022_166999693760.png,failure,downloads/7/images/all_images256/ELP_12MP_02.12.2022_166999693760.png
ELP_12MP_17.02.2023_167664398497.png,failure,downloads/7/images/all_images256/ELP_12MP_17.02.2023_167664398497.png
ELP_12MP_11.01.2023_167343979816.png,failure,downloads/7/images/all_images256/ELP_12MP_11.01.2023_167343979816.png
ELP_12MP_10.01.2023_167338362598.png,failure,downloads/7/images/all_images256/ELP_12MP_10.01.2023_167338362598.png
ELP_12MP_08.01.2023_167319133166.png,failure,downloads/7/images/all_images256/ELP_12MP_08.01.2023_167319133166.png
ELP_12MP_03.01.2023_167276062980.png,failure,downloads/7/images/all_images256/ELP_12MP_03.01.2023_167276062980.png
ELP_12MP_20.12.2022_167154558410.png,failure,downloads/7/images/all_images256/ELP_12MP_20.12.2022_167154558410.png
ELP_12MP_11.01.2023_167344354883.png,failure,downloads/7/images/all_images256/ELP_12MP_11.01.2023_167344354883.png
iO4sbDW.jpeg,failure,downloads/3/spaghetti/iO4sbDW.jpeg
ELP_12MP_10.01.2023_167338367392.png,failure,downloads/7/images/all_images256/ELP_12MP_10.01.2023_167338367392.png
ELP_12MP_17.02.2023_167663771703.png,failure,downloads/7/images/all_images256/ELP_12MP_17.02.2023_167663771703.png
ELP_12MP_10.01.2023_167339032994.png,failure,downloads/7/images/all_images256/ELP_12MP_10.01.2023_167339032994.png
imag-129-_jpg.rf.06d7593d217a3650ed99c221e07498a1.jpg,failure,downloads/5/train/imag-129-_jpg.rf.06d7593d217a3650ed99c221e07498a1.jpg
ELP_12MP_05.01.2023_167291772029.png,failure,downloads/7/images/all_images256/ELP_12MP_05.01.2023_167291772029.png
ELP_12MP_10.01.2023_167338752135.png,failure,downloads/7/images/all_images256/ELP_12MP_10.01.2023_167338752135.png
ELP_12MP_29.12.2022_167232570192.png,failure,downloads/7/images/all_images256/ELP_12MP_29.12.2022_167232570192.png
ELP_12MP_05.01.2023_167292684589.png,failure,downloads/7/images/all_images256/ELP_12MP_05.01.2023_167292684589.png
ELP_12MP_11.01.2023_167343457151.png,failure,downloads/7/images/all_images256/ELP_12MP_11.01.2023_167343457151.png
ELP_12MP_04.01.2023_167284682691.png,failure,downloads/7/images/all_images256/ELP_12MP_04.01.2023_167284682691.png
ELP_12MP_10.01.2023_167338264658.png,failure,downloads/7/images/all_images256/ELP_12MP_10.01.2023_167338264658.png
ELP_12MP_05.01.2023_167292802487.png,failure,downloads/7/images/all_images256/ELP_12MP_05.01.2023_167292802487.png
ELP_12MP_02.01.2023_167267452349.png,failure,downloads/7/images/all_images256/ELP_12MP_02.01.2023_167267452349.png
ELP_12MP_03.01.2023_167275906641.png,failure,downloads/7/images/all_images256/ELP_12MP_03.01.2023_167275906641.png
ELP_12MP_10.01.2023_167338054045.png,failure,downloads/7/images/all_images256/ELP_12MP_10.01.2023_167338054045.png
ELP_12MP_29.11.2022_166975710465.png,failure,downloads/7/images/all_images256/ELP_12MP_29.11.2022_166975710465.png
ELP_12MP_10.01.2023_167337879138.png,failure,downloads/7/images/all_images256/ELP_12MP_10.01.2023_167337879138.png
ELP_12MP_23.02.2023_167718656335.png,failure,downloads/7/images/all_images256/ELP_12MP_23.02.2023_167718656335.png
ELP_12MP_05.01.2023_167292679376.png,failure,downloads/7/images/all_images256/ELP_12MP_05.01.2023_167292679376.png
677faab0b8934bf4e4c4354d104e9594_jpg.rf.fbf4eadf2c72736c5ce34e70f94ebbf0.jpg,failure,downloads/2/test/677faab0b8934bf4e4c4354d104e9594_jpg.rf.fbf4eadf2c72736c5ce34e70f94ebbf0.jpg
ELP_12MP_04.01.2023_167284940692.png,failure,downloads/7/images/all_images256/ELP_12MP_04.01.2023_167284940692.png
ELP_12MP_04.01.2023_167284909286.png,failure,downloads/7/images/all_images256/ELP_12MP_04.01.2023_167284909286.png
ELP_12MP_21.12.2022_167165006618.png,failure,downloads/7/images/all_images256/ELP_12MP_21.12.2022_167165006618.png
ELP_12MP_17.02.2023_167664412537.png,failure,downloads/7/images/all_images256/ELP_12MP_17.02.2023_167664412537.png
ELP_12MP_06.12.2022_167033859701.png,failure,downloads/7/images/all_images256/ELP_12MP_06.12.2022_167033859701.png
ELP_12MP_17.02.2023_167663787043.png,failure,downloads/7/images/all_images256/ELP_12MP_17.02.2023_167663787043.png
ELP_12MP_03.01.2023_167276696440.png,failure,downloads/7/images/all_images256/ELP_12MP_03.01.2023_167276696440.png
ELP_12MP_11.01.2023_167344893266.png,failure,downloads/7/images/all_images256/ELP_12MP_11.01.2023_167344893266.png
ELP_12MP_29.11.2022_166975251181.png,failure,downloads/7/images/all_images256/ELP_12MP_29.11.2022_166975251181.png
ELP_12MP_03.01.2023_167276073867.png,failure,downloads/7/images/all_images256/ELP_12MP_03.01.2023_167276073867.png
oNTU2QC_jpg.rf.068b7df50954ab42d3e79544d2926a1d.jpg,failure,downloads/2/train/oNTU2QC_jpg.rf.068b7df50954ab42d3e79544d2926a1d.jpg
ELP_12MP_04.01.2023_167284675224.png,failure,downloads/7/images/all_images256/ELP_12MP_04.01.2023_167284675224.png
ELP_12MP_03.01.2023_167276065022.png,failure,downloads/7/images/all_images256/ELP_12MP_03.01.2023_167276065022.png
ELP_12MP_03.01.2023_167275920888.png,failure,downloads/7/images/all_images256/ELP_12MP_03.01.2023_167275920888.png
ELP_12MP_05.01.2023_167291790734.png,failure,downloads/7/images/all_images256/ELP_12MP_05.01.2023_167291790734.png
ELP_12MP_03.01.2023_167276080086.png,failure,downloads/7/images/all_images256/ELP_12MP_03.01.2023_167276080086.png
failure (20).jpg,failure,downloads/4/train/failure/failure (20).jpg
ELP_12MP_03.01.2023_167275908692.png,failure,downloads/7/images/all_images256/ELP_12MP_03.01.2023_167275908692.png
ELP_12MP_05.01.2023_167292812483.png,failure,downloads/7/images/all_images256/ELP_12MP_05.01.2023_167292812483.png
ELP_12MP_03.01.2023_167276700146.png,failure,downloads/7/images/all_images256/ELP_12MP_03.01.2023_167276700146.png
3D_Printing_FAIL_png.rf.fed64fdc356d1c4a293f11a49fcd9d7c.jpg,failure,downloads/5/test/3D_Printing_FAIL_png.rf.fed64fdc356d1c4a293f11a49fcd9d7c.jpg
ELP_12MP_10.01.2023_167336459039.png,failure,downloads/7/images/all_images256/ELP_12MP_10.01.2023_167336459039.png
ELP_12MP_04.01.2023_167284932760.png,failure,downloads/7/images/all_images256/ELP_12MP_04.01.2023_167284932760.png
ELP_12MP_02.01.2023_167267249057.png,failure,downloads/7/images/all_images256/ELP_12MP_02.01.2023_167267249057.png
105_jpg.jpg,failure,downloads/1/valid/105_jpg.rf.d2f4b2096858129cadf2c054f0c38a4d.jpg
ELP_12MP_01.12.2022_166990969983.png,failure,downloads/7/images/all_images256/ELP_12MP_01.12.2022_166990969983.png
ELP_12MP_05.01.2023_167292039050.png,failure,downloads/7/images/all_images256/ELP_12MP_05.01.2023_167292039050.png
ELP_12MP_10.01.2023_167339140654.png,failure,downloads/7/images/all_images256/ELP_12MP_10.01.2023_167339140654.png
Capture-d-ecran--619-_jpg.rf.d9b7318d9be0d0bc6041d7b4208c0a77.jpg,failure,downloads/2/train/Capture-d-ecran--619-_jpg.rf.d9b7318d9be0d0bc6041d7b4208c0a77.jpg
ELP_12MP_08.01.2023_167318435621.png,failure,downloads/7/images/all_images256/ELP_12MP_08.01.2023_167318435621.png
ELP_12MP_22.12.2022_167171060323.png,failure,downloads/7/images/all_images256/ELP_12MP_22.12.2022_167171060323.png
ELP_12MP_05.01.2023_167292678243.png,failure,downloads/7/images/all_images256/ELP_12MP_05.01.2023_167292678243.png
ELP_12MP_05.01.2023_167292041699.png,failure,downloads/7/images/all_images256/ELP_12MP_05.01.2023_167292041699.png
ELP_12MP_05.01.2023_167292066226.png,failure,downloads/7/images/all_images256/ELP_12MP_05.01.2023_167292066226.png
ELP_12MP_02.12.2022_166999619841.png,failure,downloads/7/images/all_images256/ELP_12MP_02.12.2022_166999619841.png
failure (149).jpg,failure,downloads/4/test/failure/failure (149).jpg
ELP_12MP_11.01.2023_167343995317.png,failure,downloads/7/images/all_images256/ELP_12MP_11.01.2023_167343995317.png
ELP_12MP_16.02.2023_167657141675.png,failure,downloads/7/images/all_images256/ELP_12MP_16.02.2023_167657141675.png
ELP_12MP_10.01.2023_167337619997.png,failure,downloads/7/images/all_images256/ELP_12MP_10.01.2023_167337619997.png
ELP_12MP_05.01.2023_167292055175.png,failure,downloads/7/images/all_images256/ELP_12MP_05.01.2023_167292055175.png
failure (98).jpg,failure,downloads/4/train/failure/failure (98).jpg
ELP_12MP_16.02.2023_167656934965.png,failure,downloads/7/images/all_images256/ELP_12MP_16.02.2023_167656934965.png
ELP_12MP_22.12.2022_167171119145.png,failure,downloads/7/images/all_images256/ELP_12MP_22.12.2022_167171119145.png
failure (77).jpg,failure,downloads/4/train/failure/failure (77).jpg
ELP_12MP_02.12.2022_166999681601.png,failure,downloads/7/images/all_images256/ELP_12MP_02.12.2022_166999681601.png
ELP_12MP_21.12.2022_167165775122.png,failure,downloads/7/images/all_images256/ELP_12MP_21.12.2022_167165775122.png
ELP_12MP_05.01.2023_167291767182.png,failure,downloads/7/images/all_images256/ELP_12MP_05.01.2023_167291767182.png
ELP_12MP_05.01.2023_167291762165.png,failure,downloads/7/images/all_images256/ELP_12MP_05.01.2023_167291762165.png
images (5).jpg,failure,downloads/3/spaghetti/images (5).jpg
Capture-d-ecran--625-_jpg.rf.1fbcec26e4480546d37b88af50dd767e.jpg,failure,downloads/2/train/Capture-d-ecran--625-_jpg.rf.1fbcec26e4480546d37b88af50dd767e.jpg
85_jpg.jpg,failure,downloads/1/valid/85_jpg.rf.ca0837b302f3c298d1a42c7c13f2c1bd.jpg
ELP_12MP_05.01.2023_167292029479.png,failure,downloads/7/images/all_images256/ELP_12MP_05.01.2023_167292029479.png
95_jpg.jpg,failure,downloads/1/valid/95_jpg.rf.0e08bc684436560e581d2d4f9368defc.jpg
6us6dlv72ny01_jpg.rf.3e7ea87996902d3cce008009c4413eec.jpg,failure,downloads/2/test/6us6dlv72ny01_jpg.rf.3e7ea87996902d3cce008009c4413eec.jpg
ELP_12MP_21.12.2022_167165210388.png,failure,downloads/7/images/all_images256/ELP_12MP_21.12.2022_167165210388.png
ELP_12MP_17.02.2023_167663703009.png,failure,downloads/7/images/all_images256/ELP_12MP_17.02.2023_167663703009.png
ELP_12MP_06.01.2023_167301113221.png,failure,downloads/7/images/all_images256/ELP_12MP_06.01.2023_167301113221.png
ELP_12MP_22.12.2022_167173457713.png,failure,downloads/7/images/all_images256/ELP_12MP_22.12.2022_167173457713.png
ELP_12MP_10.01.2023_167336372144.png,failure,downloads/7/images/all_images256/ELP_12MP_10.01.2023_167336372144.png
ELP_12MP_05.01.2023_167292786764.png,failure,downloads/7/images/all_images256/ELP_12MP_05.01.2023_167292786764.png
spaghetti-monster-3D-print.jpg,failure,downloads/3/spaghetti/spaghetti-monster-3D-print.jpg
ELP_12MP_03.01.2023_167277502211.png,failure,downloads/7/images/all_images256/ELP_12MP_03.01.2023_167277502211.png
ELP_12MP_22.12.2022_167170855036.png,failure,downloads/7/images/all_images256/ELP_12MP_22.12.2022_167170855036.png
ELP_12MP_20.12.2022_167154404018.png,failure,downloads/7/images/all_images256/ELP_12MP_20.12.2022_167154404018.png
ELP_12MP_16.02.2023_167657141073.png,failure,downloads/7/images/all_images256/ELP_12MP_16.02.2023_167657141073.png
ELP_12MP_05.01.2023_167291750896.png,failure,downloads/7/images/all_images256/ELP_12MP_05.01.2023_167291750896.png
ELP_12MP_03.01.2023_167275874639.png,failure,downloads/7/images/all_images256/ELP_12MP_03.01.2023_167275874639.png
ELP_12MP_02.01.2023_167267459180.png,failure,downloads/7/images/all_images256/ELP_12MP_02.01.2023_167267459180.png
ELP_12MP_22.12.2022_167171260238.png,failure,downloads/7/images/all_images256/ELP_12MP_22.12.2022_167171260238.png
ELP_12MP_10.01.2023_167338843971.png,failure,downloads/7/images/all_images256/ELP_12MP_10.01.2023_167338843971.png
failure (61).jpg,failure,downloads/4/train/failure/failure (61).jpg
ELP_12MP_11.01.2023_167343498480.png,failure,downloads/7/images/all_images256/ELP_12MP_11.01.2023_167343498480.png
ELP_12MP_03.01.2023_167277512980.png,failure,downloads/7/images/all_images256/ELP_12MP_03.01.2023_167277512980.png
ELP_12MP_02.12.2022_166999735039.png,failure,downloads/7/images/all_images256/ELP_12MP_02.12.2022_166999735039.png
ELP_12MP_17.02.2023_167663748752.png,failure,downloads/7/images/all_images256/ELP_12MP_17.02.2023_167663748752.png
ELP_12MP_03.01.2023_167275927088.png,failure,downloads/7/images/all_images256/ELP_12MP_03.01.2023_167275927088.png
error.jpg,failure,downloads/3/spaghetti/error.jpg
ELP_12MP_02.01.2023_167267451047.png,failure,downloads/7/images/all_images256/ELP_12MP_02.01.2023_167267451047.png
ELP_12MP_23.02.2023_167717216564.png,failure,downloads/7/images/all_images256/ELP_12MP_23.02.2023_167717216564.png
ELP_12MP_20.12.2022_167154418196.png,failure,downloads/7/images/all_images256/ELP_12MP_20.12.2022_167154418196.png
ELP_12MP_08.01.2023_167319260430.png,failure,downloads/7/images/all_images256/ELP_12MP_08.01.2023_167319260430.png
Capture-d-ecran--618-_jpg.rf.b793d22a06fd58087dc77778168f2415.jpg,failure,downloads/2/train/Capture-d-ecran--618-_jpg.rf.b793d22a06fd58087dc77778168f2415.jpg
ELP_12MP_10.01.2023_167338341591.png,failure,downloads/7/images/all_images256/ELP_12MP_10.01.2023_167338341591.png
ELP_12MP_22.12.2022_167171036561.png,failure,downloads/7/images/all_images256/ELP_12MP_22.12.2022_167171036561.png
ELP_12MP_16.02.2023_167658469164.png,failure,downloads/7/images/all_images256/ELP_12MP_16.02.2023_167658469164.png
ELP_12MP_01.12.2022_166991235871.png,failure,downloads/7/images/all_images256/ELP_12MP_01.12.2022_166991235871.png
failure (108).jpg,failure,downloads/4/train/failure/failure (108).jpg
ELP_12MP_05.01.2023_167293924152.png,failure,downloads/7/images/all_images256/ELP_12MP_05.01.2023_167293924152.png
ELP_12MP_15.02.2023_167647374463.png,failure,downloads/7/images/all_images256/ELP_12MP_15.02.2023_167647374463.png
ELP_12MP_05.01.2023_167292064974.png,failure,downloads/7/images/all_images256/ELP_12MP_05.01.2023_167292064974.png
ELP_12MP_03.01.2023_167277504310.png,failure,downloads/7/images/all_images256/ELP_12MP_03.01.2023_167277504310.png
ELP_12MP_04.01.2023_167285006555.png,failure,downloads/7/images/all_images256/ELP_12MP_04.01.2023_167285006555.png
ELP_12MP_02.12.2022_166999689665.png,failure,downloads/7/images/all_images256/ELP_12MP_02.12.2022_166999689665.png
ELP_12MP_01.12.2022_166991233227.png,failure,downloads/7/images/all_images256/ELP_12MP_01.12.2022_166991233227.png
ELP_12MP_03.01.2023_167276060984.png,failure,downloads/7/images/all_images256/ELP_12MP_03.01.2023_167276060984.png
ELP_12MP_11.01.2023_167343988742.png,failure,downloads/7/images/all_images256/ELP_12MP_11.01.2023_167343988742.png
3D-Printing-Tips_4_9_2015_png.rf.22cc7a020ba3d77d82f5f5e67ccb94d6.jpg,failure,downloads/5/train/3D-Printing-Tips_4_9_2015_png.rf.22cc7a020ba3d77d82f5f5e67ccb94d6.jpg
ELP_12MP_10.01.2023_167338847901.png,failure,downloads/7/images/all_images256/ELP_12MP_10.01.2023_167338847901.png
failure (36).jpg,failure,downloads/4/train/failure/failure (36).jpg
ELP_12MP_02.12.2022_166999648777.png,failure,downloads/7/images/all_images256/ELP_12MP_02.12.2022_166999648777.png
ELP_12MP_05.01.2023_167291913636.png,failure,downloads/7/images/all_images256/ELP_12MP_05.01.2023_167291913636.png
ELP_12MP_03.01.2023_167277495435.png,failure,downloads/7/images/all_images256/ELP_12MP_03.01.2023_167277495435.png
ELP_12MP_15.02.2023_167646935852.png,failure,downloads/7/images/all_images256/ELP_12MP_15.02.2023_167646935852.png
ELP_12MP_04.01.2023_167284673090.png,failure,downloads/7/images/all_images256/ELP_12MP_04.01.2023_167284673090.png
ELP_12MP_08.01.2023_167319179898.png,failure,downloads/7/images/all_images256/ELP_12MP_08.01.2023_167319179898.png
ELP_12MP_05.01.2023_167291788755.png,failure,downloads/7/images/all_images256/ELP_12MP_05.01.2023_167291788755.png
Capture-d-ecran--662-_jpg.rf.8744cd7d0a91fac76fee80765e625c03.jpg,failure,downloads/2/train/Capture-d-ecran--662-_jpg.rf.8744cd7d0a91fac76fee80765e625c03.jpg
ELP_12MP_02.12.2022_166999702118.png,failure,downloads/7/images/all_images256/ELP_12MP_02.12.2022_166999702118.png
failure (6).jpg,failure,downloads/4/train/failure/failure (6).jpg
ELP_12MP_08.01.2023_167319184083.png,failure,downloads/7/images/all_images256/ELP_12MP_08.01.2023_167319184083.png
ELP_12MP_05.01.2023_167291781991.png,failure,downloads/7/images/all_images256/ELP_12MP_05.01.2023_167291781991.png
ELP_12MP_10.01.2023_167339023724.png,failure,downloads/7/images/all_images256/ELP_12MP_10.01.2023_167339023724.png
ELP_12MP_29.11.2022_166975440416.png,failure,downloads/7/images/all_images256/ELP_12MP_29.11.2022_166975440416.png
ELP_12MP_01.12.2022_166990958145.png,failure,downloads/7/images/all_images256/ELP_12MP_01.12.2022_166990958145.png
failure (37).jpg,failure,downloads/4/train/failure/failure (37).jpg
ELP_12MP_05.01.2023_167291788751.png,failure,downloads/7/images/all_images256/ELP_12MP_05.01.2023_167291788751.png
ELP_12MP_23.02.2023_167717215082.png,failure,downloads/7/images/all_images256/ELP_12MP_23.02.2023_167717215082.png
ELP_12MP_22.12.2022_167173346858.png,failure,downloads/7/images/all_images256/ELP_12MP_22.12.2022_167173346858.png
failure (7).jpg,failure,downloads/4/train/failure/failure (7).jpg
ELP_12MP_17.02.2023_167664236999.png,failure,downloads/7/images/all_images256/ELP_12MP_17.02.2023_167664236999.png
ELP_12MP_10.01.2023_167336454690.png,failure,downloads/7/images/all_images256/ELP_12MP_10.01.2023_167336454690.png
Capture-d-ecran--318-_jpg.rf.97c118735fb2efce3f3f08a731eaf187.jpg,failure,downloads/2/train/Capture-d-ecran--318-_jpg.rf.97c118735fb2efce3f3f08a731eaf187.jpg
1_jpg.jpg,failure,downloads/1/test/1_jpg.rf.58bb77a608cdd3ec4cee7c3f864ef870.jpg
70_jpg.jpg,failure,downloads/1/valid/70_jpg.rf.43a5e7fa8d8d56dcd330bd68dfd166ff.jpg
FH5JEQSIHF6MY0Q_jpg.rf.0cdef89eba50f5044f6863ab36cec92d.jpg,failure,downloads/5/train/FH5JEQSIHF6MY0Q_jpg.rf.0cdef89eba50f5044f6863ab36cec92d.jpg
ELP_12MP_04.01.2023_167284901972.png,failure,downloads/7/images/all_images256/ELP_12MP_04.01.2023_167284901972.png
ELP_12MP_10.01.2023_167338888621.png,failure,downloads/7/images/all_images256/ELP_12MP_10.01.2023_167338888621.png
ELP_12MP_22.12.2022_167173387751.png,failure,downloads/7/images/all_images256/ELP_12MP_22.12.2022_167173387751.png
ELP_12MP_06.12.2022_167033854427.png,failure,downloads/7/images/all_images256/ELP_12MP_06.12.2022_167033854427.png
60_jpg.jpg,failure,downloads/1/test/60_jpg.rf.17ed0cdcaf301e752577241c5573e353.jpg
ELP_12MP_02.01.2023_167267451043.png,failure,downloads/7/images/all_images256/ELP_12MP_02.01.2023_167267451043.png
rooster-malfunction-1_jpg.rf.06be89247a512d96a1a611142cde8e5c.jpg,failure,downloads/5/train/rooster-malfunction-1_jpg.rf.06be89247a512d96a1a611142cde8e5c.jpg
ELP_12MP_03.01.2023_167276725922.png,failure,downloads/7/images/all_images256/ELP_12MP_03.01.2023_167276725922.png
HFtC39I_png.jpg,failure,downloads/1/train/HFtC39I_png.rf.880b2b31f293cf6d5a8fea46810c1c8c.jpg
ELP_12MP_03.01.2023_167275898326.png,failure,downloads/7/images/all_images256/ELP_12MP_03.01.2023_167275898326.png
ELP_12MP_03.01.2023_167275913467.png,failure,downloads/7/images/all_images256/ELP_12MP_03.01.2023_167275913467.png
ELP_12MP_10.01.2023_167336810498.png,failure,downloads/7/images/all_images256/ELP_12MP_10.01.2023_167336810498.png
ELP_12MP_23.02.2023_167718913467.png,failure,downloads/7/images/all_images256/ELP_12MP_23.02.2023_167718913467.png
ELP_12MP_16.02.2023_167658657988.png,failure,downloads/7/images/all_images256/ELP_12MP_16.02.2023_167658657988.png
ELP_12MP_03.01.2023_167276057679.png,failure,downloads/7/images/all_images256/ELP_12MP_03.01.2023_167276057679.png
failure (109).jpg,failure,downloads/4/train/failure/failure (109).jpg
ELP_12MP_21.12.2022_167165017895.png,failure,downloads/7/images/all_images256/ELP_12MP_21.12.2022_167165017895.png
ELP_12MP_03.01.2023_167276729473.png,failure,downloads/7/images/all_images256/ELP_12MP_03.01.2023_167276729473.png
ELP_12MP_14.02.2023_167640856216.png,failure,downloads/7/images/all_images256/ELP_12MP_14.02.2023_167640856216.png
ELP_12MP_08.01.2023_167318393332.png,failure,downloads/7/images/all_images256/ELP_12MP_08.01.2023_167318393332.png
ELP_12MP_16.02.2023_167656812622.png,failure,downloads/7/images/all_images256/ELP_12MP_16.02.2023_167656812622.png
_69324806_legs.jpg,failure,downloads/3/spaghetti/_69324806_legs.jpg
ELP_12MP_22.12.2022_167171038945.png,failure,downloads/7/images/all_images256/ELP_12MP_22.12.2022_167171038945.png
ELP_12MP_03.01.2023_167276731566.png,failure,downloads/7/images/all_images256/ELP_12MP_03.01.2023_167276731566.png
ELP_12MP_06.12.2022_167033757090.png,failure,downloads/7/images/all_images256/ELP_12MP_06.12.2022_167033757090.png
ELP_12MP_02.01.2023_167267420321.png,failure,downloads/7/images/all_images256/ELP_12MP_02.01.2023_167267420321.png
Capture-d-ecran--309-_jpg.rf.3733cdd7ec93e96a48cd8e48d8df78b7.jpg,failure,downloads/2/train/Capture-d-ecran--309-_jpg.rf.3733cdd7ec93e96a48cd8e48d8df78b7.jpg
failure (60).jpg,failure,downloads/4/train/failure/failure (60).jpg
ELP_12MP_10.01.2023_167338071607.png,failure,downloads/7/images/all_images256/ELP_12MP_10.01.2023_167338071607.png
ELP_12MP_03.01.2023_167275914863.png,failure,downloads/7/images/all_images256/ELP_12MP_03.01.2023_167275914863.png
ELP_12MP_05.01.2023_167291798754.png,failure,downloads/7/images/all_images256/ELP_12MP_05.01.2023_167291798754.png
ELP_12MP_03.01.2023_167275902032.png,failure,downloads/7/images/all_images256/ELP_12MP_03.01.2023_167275902032.png
images (4).jpg,failure,downloads/3/spaghetti/images (4).jpg
ELP_12MP_10.01.2023_167336908943.png,failure,downloads/7/images/all_images256/ELP_12MP_10.01.2023_167336908943.png
ELP_12MP_22.12.2022_167172865993.png,failure,downloads/7/images/all_images256/ELP_12MP_22.12.2022_167172865993.png
ELP_12MP_05.01.2023_167291762161.png,failure,downloads/7/images/all_images256/ELP_12MP_05.01.2023_167291762161.png
ELP_12MP_03.01.2023_167276699373.png,failure,downloads/7/images/all_images256/ELP_12MP_03.01.2023_167276699373.png
ELP_12MP_10.01.2023_167338859078.png,failure,downloads/7/images/all_images256/ELP_12MP_10.01.2023_167338859078.png
ELP_12MP_03.01.2023_167277483086.png,failure,downloads/7/images/all_images256/ELP_12MP_03.01.2023_167277483086.png
ELP_12MP_05.01.2023_167292809845.png,failure,downloads/7/images/all_images256/ELP_12MP_05.01.2023_167292809845.png
ELP_12MP_10.01.2023_167338068381.png,failure,downloads/7/images/all_images256/ELP_12MP_10.01.2023_167338068381.png
ELP_12MP_22.12.2022_167173448151.png,failure,downloads/7/images/all_images256/ELP_12MP_22.12.2022_167173448151.png
ELP_12MP_02.12.2022_166999673524.png,failure,downloads/7/images/all_images256/ELP_12MP_02.12.2022_166999673524.png
ELP_12MP_06.01.2023_167300859109.png,failure,downloads/7/images/all_images256/ELP_12MP_06.01.2023_167300859109.png
ELP_12MP_16.02.2023_167656934961.png,failure,downloads/7/images/all_images256/ELP_12MP_16.02.2023_167656934961.png
MzU6IdTJ1uhdbyTzHKX3sni9cdLybmIaEMTQdg_CYu8_jpg.rf.1e767f4f36042dfbcc4981ebfd6a8cda.jpg,failure,downloads/2/train/MzU6IdTJ1uhdbyTzHKX3sni9cdLybmIaEMTQdg_CYu8_jpg.rf.1e767f4f36042dfbcc4981ebfd6a8cda.jpg
ELP_12MP_16.02.2023_167658177552.png,failure,downloads/7/images/all_images256/ELP_12MP_16.02.2023_167658177552.png
ELP_12MP_02.12.2022_166999714346.png,failure,downloads/7/images/all_images256/ELP_12MP_02.12.2022_166999714346.png
ELP_12MP_01.12.2022_166990986567.png,failure,downloads/7/images/all_images256/ELP_12MP_01.12.2022_166990986567.png
ELP_12MP_29.12.2022_167232555868.png,failure,downloads/7/images/all_images256/ELP_12MP_29.12.2022_167232555868.png
ELP_12MP_03.01.2023_167276694938.png,failure,downloads/7/images/all_images256/ELP_12MP_03.01.2023_167276694938.png
ELP_12MP_14.02.2023_167640439338.png,failure,downloads/7/images/all_images256/ELP_12MP_14.02.2023_167640439338.png
failure (99).jpg,failure,downloads/4/train/failure/failure (99).jpg
ELP_12MP_14.02.2023_167641427207.png,failure,downloads/7/images/all_images256/ELP_12MP_14.02.2023_167641427207.png
ELP_12MP_02.01.2023_167267243581.png,failure,downloads/7/images/all_images256/ELP_12MP_02.01.2023_167267243581.png
failure (76).jpg,failure,downloads/4/train/failure/failure (76).jpg
ELP_12MP_16.02.2023_167658463920.png,failure,downloads/7/images/all_images256/ELP_12MP_16.02.2023_167658463920.png
ELP_12MP_05.01.2023_167291767186.png,failure,downloads/7/images/all_images256/ELP_12MP_05.01.2023_167291767186.png
149_jpg.jpg,failure,downloads/1/test/149_jpg.rf.56b541f6cedddf3eb337cefe499a3b95.jpg
ELP_12MP_17.02.2023_167664748478.png,failure,downloads/7/images/all_images256/ELP_12MP_17.02.2023_167664748478.png
ELP_12MP_16.02.2023_167656746736.png,failure,downloads/7/images/all_images256/ELP_12MP_16.02.2023_167656746736.png
ELP_12MP_05.01.2023_167292065924.png,failure,downloads/7/images/all_images256/ELP_12MP_05.01.2023_167292065924.png
a294acc1307c1b9e3bd961efe235c4cb.png,failure,downloads/3/spaghetti/a294acc1307c1b9e3bd961efe235c4cb.png
ELP_12MP_02.12.2022_166999697932.png,failure,downloads/7/images/all_images256/ELP_12MP_02.12.2022_166999697932.png
ELP_12MP_21.12.2022_167165216879.png,failure,downloads/7/images/all_images256/ELP_12MP_21.12.2022_167165216879.png
ELP_12MP_02.01.2023_167267249053.png,failure,downloads/7/images/all_images256/ELP_12MP_02.01.2023_167267249053.png
ELP_12MP_02.01.2023_167267455621.png,failure,downloads/7/images/all_images256/ELP_12MP_02.01.2023_167267455621.png
ELP_12MP_05.01.2023_167293906903.png,failure,downloads/7/images/all_images256/ELP_12MP_05.01.2023_167293906903.png
ELP_12MP_16.02.2023_167658205815.png,failure,downloads/7/images/all_images256/ELP_12MP_16.02.2023_167658205815.png
ELP_12MP_05.01.2023_167292054290.png,failure,downloads/7/images/all_images256/ELP_12MP_05.01.2023_167292054290.png
ELP_12MP_05.01.2023_167293200550.png,failure,downloads/7/images/all_images256/ELP_12MP_05.01.2023_167293200550.png
ELP_12MP_04.01.2023_167284893182.png,failure,downloads/7/images/all_images256/ELP_12MP_04.01.2023_167284893182.png
ELP_12MP_14.02.2023_167640444304.png,failure,downloads/7/images/all_images256/ELP_12MP_14.02.2023_167640444304.png
failure (148).jpg,failure,downloads/4/test/failure/failure (148).jpg
3d-printer-printing-failure-260nw-1321469462_jpg.rf.040de607e8a83209d2e40a793d288ab2.jpg,failure,downloads/2/train/3d-printer-printing-failure-260nw-1321469462_jpg.rf.040de607e8a83209d2e40a793d288ab2.jpg
ELP_12MP_10.01.2023_167338385474.png,failure,downloads/7/images/all_images256/ELP_12MP_10.01.2023_167338385474.png
ELP_12MP_03.01.2023_167276724553.png,failure,downloads/7/images/all_images256/ELP_12MP_03.01.2023_167276724553.png
12_jpg.jpg,failure,downloads/1/valid/12_jpg.rf.d8285f1dc4e8d905a42871cdd6f225bc.jpg
ELP_12MP_16.02.2023_167656919373.png,failure,downloads/7/images/all_images256/ELP_12MP_16.02.2023_167656919373.png
failure (21).jpg,failure,downloads/4/train/failure/failure (21).jpg
ELP_12MP_04.01.2023_167284922952.png,failure,downloads/7/images/all_images256/ELP_12MP_04.01.2023_167284922952.png
ELP_12MP_03.01.2023_167276696444.png,failure,downloads/7/images/all_images256/ELP_12MP_03.01.2023_167276696444.png
ELP_12MP_03.01.2023_167275926594.png,failure,downloads/7/images/all_images256/ELP_12MP_03.01.2023_167275926594.png
ELP_12MP_22.12.2022_167173440647.png,failure,downloads/7/images/all_images256/ELP_12MP_22.12.2022_167173440647.png
ELP_12MP_22.12.2022_167171126158.png,failure,downloads/7/images/all_images256/ELP_12MP_22.12.2022_167171126158.png
ELP_12MP_05.01.2023_167291754969.png,failure,downloads/7/images/all_images256/ELP_12MP_05.01.2023_167291754969.png
Capture-d-ecran--374-_jpg.rf.4f56e6bf823a5b489d0b0dcb0b0c4181.jpg,failure,downloads/2/test/Capture-d-ecran--374-_jpg.rf.4f56e6bf823a5b489d0b0dcb0b0c4181.jpg
ELP_12MP_08.01.2023_167319311391.png,failure,downloads/7/images/all_images256/ELP_12MP_08.01.2023_167319311391.png
ELP_12MP_02.12.2022_166999570491.png,failure,downloads/7/images/all_images256/ELP_12MP_02.12.2022_166999570491.png
ELP_12MP_16.02.2023_167658189465.png,failure,downloads/7/images/all_images256/ELP_12MP_16.02.2023_167658189465.png
ELP_12MP_05.01.2023_167292019838.png,failure,downloads/7/images/all_images256/ELP_12MP_05.01.2023_167292019838.png
ELP_12MP_03.01.2023_167277480835.png,failure,downloads/7/images/all_images256/ELP_12MP_03.01.2023_167277480835.png
cracks_99_jpg.jpg,failure,downloads/1/valid/cracks_99_jpg.rf.eb35722abcd0e7bba9685a34beca96fd.jpg
ELP_12MP_01.12.2022_166991210564.png,failure,downloads/7/images/all_images256/ELP_12MP_01.12.2022_166991210564.png
ELP_12MP_05.01.2023_167292049968.png,failure,downloads/7/images/all_images256/ELP_12MP_05.01.2023_167292049968.png
104_jpg.jpg,failure,downloads/1/valid/104_jpg.rf.3daf938049266a52131cce1ba49129d2.jpg
ELP_12MP_05.01.2023_167291878643.png,failure,downloads/7/images/all_images256/ELP_12MP_05.01.2023_167291878643.png
ELP_12MP_06.01.2023_167301185118.png,failure,downloads/7/images/all_images256/ELP_12MP_06.01.2023_167301185118.png
338004600_6013475658741777_1374450238045333677_n_jpg.jpg,failure,downloads/1/train/338004600_6013475658741777_1374450238045333677_n_jpg.rf.50c1e87c903d82f73a4247cbbd9974e6.jpg
ELP_12MP_08.01.2023_167318670840.png,failure,downloads/7/images/all_images256/ELP_12MP_08.01.2023_167318670840.png
ELP_12MP_22.12.2022_167172588303.png,failure,downloads/7/images/all_images256/ELP_12MP_22.12.2022_167172588303.png
ELP_12MP_02.01.2023_167267447740.png,failure,downloads/7/images/all_images256/ELP_12MP_02.01.2023_167267447740.png
ELP_12MP_10.01.2023_167338090017.png,failure,downloads/7/images/all_images256/ELP_12MP_10.01.2023_167338090017.png
IMG_0275-1024x768_jpg.rf.124378dc0caf37ffced9cb611dfe87f5.jpg,failure,downloads/2/train/IMG_0275-1024x768_jpg.rf.124378dc0caf37ffced9cb611dfe87f5.jpg
ELP_12MP_02.12.2022_166999693764.png,failure,downloads/7/images/all_images256/ELP_12MP_02.12.2022_166999693764.png
failure (164).jpg,failure,downloads/4/test/failure/failure (164).jpg
ELP_12MP_29.11.2022_166975215063.png,failure,downloads/7/images/all_images256/ELP_12MP_29.11.2022_166975215063.png
Capture-d-ecran--356-_jpg.rf.3a1789cde04839139736e952557300ce.jpg,failure,downloads/2/train/Capture-d-ecran--356-_jpg.rf.3a1789cde04839139736e952557300ce.jpg
ELP_12MP_01.12.2022_166991174927.png,failure,downloads/7/images/all_images256/ELP_12MP_01.12.2022_166991174927.png
ELP_12MP_04.01.2023_167285005111.png,failure,downloads/7/images/all_images256/ELP_12MP_04.01.2023_167285005111.png
ELP_12MP_03.01.2023_167275875898.png,failure,downloads/7/images/all_images256/ELP_12MP_03.01.2023_167275875898.png
ELP_12MP_03.01.2023_167275882586.png,failure,downloads/7/images/all_images256/ELP_12MP_03.01.2023_167275882586.png
ELP_12MP_08.01.2023_167318755381.png,failure,downloads/7/images/all_images256/ELP_12MP_08.01.2023_167318755381.png
ELP_12MP_29.11.2022_166975726676.png,failure,downloads/7/images/all_images256/ELP_12MP_29.11.2022_166975726676.png
ELP_12MP_03.01.2023_167276064339.png,failure,downloads/7/images/all_images256/ELP_12MP_03.01.2023_167276064339.png
ELP_12MP_10.01.2023_167338704388.png,failure,downloads/7/images/all_images256/ELP_12MP_10.01.2023_167338704388.png
ELP_12MP_16.02.2023_167657087541.png,failure,downloads/7/images/all_images256/ELP_12MP_16.02.2023_167657087541.png
ELP_12MP_22.12.2022_167171248412.png,failure,downloads/7/images/all_images256/ELP_12MP_22.12.2022_167171248412.png
ELP_12MP_06.12.2022_167033756238.png,failure,downloads/7/images/all_images256/ELP_12MP_06.12.2022_167033756238.png
ELP_12MP_21.12.2022_167165777081.png,failure,downloads/7/images/all_images256/ELP_12MP_21.12.2022_167165777081.png
ELP_12MP_05.01.2023_167291782862.png,failure,downloads/7/images/all_images256/ELP_12MP_05.01.2023_167291782862.png
ELP_12MP_21.12.2022_167165030191.png,failure,downloads/7/images/all_images256/ELP_12MP_21.12.2022_167165030191.png
ELP_12MP_03.01.2023_167276079181.png,failure,downloads/7/images/all_images256/ELP_12MP_03.01.2023_167276079181.png
ELP_12MP_16.02.2023_167656930509.png,failure,downloads/7/images/all_images256/ELP_12MP_16.02.2023_167656930509.png
ELP_12MP_04.01.2023_167285022747.png,failure,downloads/7/images/all_images256/ELP_12MP_04.01.2023_167285022747.png
unnamed.png,failure,downloads/3/spaghetti/unnamed.png
ELP_12MP_03.01.2023_167276047053.png,failure,downloads/7/images/all_images256/ELP_12MP_03.01.2023_167276047053.png
ELP_12MP_29.11.2022_166974712349.png,failure,downloads/7/images/all_images256/ELP_12MP_29.11.2022_166974712349.png
ELP_12MP_14.02.2023_167640441533.png,failure,downloads/7/images/all_images256/ELP_12MP_14.02.2023_167640441533.png
ELP_12MP_05.01.2023_167291776713.png,failure,downloads/7/images/all_images256/ELP_12MP_05.01.2023_167291776713.png
ELP_12MP_04.01.2023_167284907053.png,failure,downloads/7/images/all_images256/ELP_12MP_04.01.2023_167284907053.png
ELP_12MP_16.02.2023_167656796714.png,failure,downloads/7/images/all_images256/ELP_12MP_16.02.2023_167656796714.png
failure (133).jpg,failure,downloads/4/valid/failure/failure (133).jpg
IMG_20180213_103820491-1-648x486.jpg,failure,downloads/3/spaghetti/IMG_20180213_103820491-1-648x486.jpg
tumblr_moc63xtOl31sukl1qo1_1280.jpg,failure,downloads/3/spaghetti/tumblr_moc63xtOl31sukl1qo1_1280.jpg
ELP_12MP_04.01.2023_167284685449.png,failure,downloads/7/images/all_images256/ELP_12MP_04.01.2023_167284685449.png
ELP_12MP_01.12.2022_166990972381.png,failure,downloads/7/images/all_images256/ELP_12MP_01.12.2022_166990972381.png
ELP_12MP_16.02.2023_167657085626.png,failure,downloads/7/images/all_images256/ELP_12MP_16.02.2023_167657085626.png
ELP_12MP_29.11.2022_166974707793.png,failure,downloads/7/images/all_images256/ELP_12MP_29.11.2022_166974707793.png
ELP_12MP_04.01.2023_167284644573.png,failure,downloads/7/images/all_images256/ELP_12MP_04.01.2023_167284644573.png
6bdxbqup3g421_jpg.rf.d46c972c07a2545068197e007499e799.jpg,failure,downloads/2/train/6bdxbqup3g421_jpg.rf.d46c972c07a2545068197e007499e799.jpg
ELP_12MP_01.12.2022_166990969979.png,failure,downloads/7/images/all_images256/ELP_12MP_01.12.2022_166990969979.png
ELP_12MP_05.01.2023_167291752100.png,failure,downloads/7/images/all_images256/ELP_12MP_05.01.2023_167291752100.png
ELP_12MP_11.01.2023_167344898849.png,failure,downloads/7/images/all_images256/ELP_12MP_11.01.2023_167344898849.png
ELP_12MP_02.01.2023_167267461220.png,failure,downloads/7/images/all_images256/ELP_12MP_02.01.2023_167267461220.png
23603570754_dcaefb87a8_z-300x222_jpg.jpg,failure,downloads/1/train/23603570754_dcaefb87a8_z-300x222_jpg.rf.73dc295702577bdd627ab608a412fd63.jpg
ELP_12MP_05.01.2023_167291746613.png,failure,downloads/7/images/all_images256/ELP_12MP_05.01.2023_167291746613.png
ELP_12MP_16.02.2023_167657093050.png,failure,downloads/7/images/all_images256/ELP_12MP_16.02.2023_167657093050.png
ELP_12MP_05.01.2023_167292055170.png,failure,downloads/7/images/all_images256/ELP_12MP_05.01.2023_167292055170.png
maxresdefault-1-_jpg.jpg,failure,downloads/1/train/maxresdefault-1-_jpg.rf.d8d7cd8d5e9e5535774ef63ad182e32b.jpg
ELP_12MP_10.01.2023_167337846086.png,failure,downloads/7/images/all_images256/ELP_12MP_10.01.2023_167337846086.png
ELP_12MP_03.01.2023_167276712369.png,failure,downloads/7/images/all_images256/ELP_12MP_03.01.2023_167276712369.png
ELP_12MP_14.02.2023_167640580227.png,failure,downloads/7/images/all_images256/ELP_12MP_14.02.2023_167640580227.png
ELP_12MP_05.01.2023_167291801948.png,failure,downloads/7/images/all_images256/ELP_12MP_05.01.2023_167291801948.png
ELP_12MP_03.01.2023_167276711674.png,failure,downloads/7/images/all_images256/ELP_12MP_03.01.2023_167276711674.png
ELP_12MP_22.12.2022_167171402608.png,failure,downloads/7/images/all_images256/ELP_12MP_22.12.2022_167171402608.png
ELP_12MP_08.01.2023_167319162926.png,failure,downloads/7/images/all_images256/ELP_12MP_08.01.2023_167319162926.png
ELP_12MP_02.12.2022_166999783826.png,failure,downloads/7/images/all_images256/ELP_12MP_02.12.2022_166999783826.png
ELP_12MP_01.12.2022_166990955845.png,failure,downloads/7/images/all_images256/ELP_12MP_01.12.2022_166990955845.png
ELP_12MP_11.01.2023_167343986540.png,failure,downloads/7/images/all_images256/ELP_12MP_11.01.2023_167343986540.png
ELP_12MP_02.01.2023_167267437884.png,failure,downloads/7/images/all_images256/ELP_12MP_02.01.2023_167267437884.png
failure (125).jpg,failure,downloads/4/valid/failure/failure (125).jpg
ELP_12MP_10.01.2023_167339132416.png,failure,downloads/7/images/all_images256/ELP_12MP_10.01.2023_167339132416.png
ELP_12MP_14.02.2023_167640572066.png,failure,downloads/7/images/all_images256/ELP_12MP_14.02.2023_167640572066.png
ELP_12MP_03.01.2023_167276727463.png,failure,downloads/7/images/all_images256/ELP_12MP_03.01.2023_167276727463.png
ELP_12MP_06.12.2022_167033757085.png,failure,downloads/7/images/all_images256/ELP_12MP_06.12.2022_167033757085.png
ELP_12MP_05.01.2023_167292022298.png,failure,downloads/7/images/all_images256/ELP_12MP_05.01.2023_167292022298.png
ELP_12MP_02.01.2023_167267249697.png,failure,downloads/7/images/all_images256/ELP_12MP_02.01.2023_167267249697.png
ELP_12MP_23.02.2023_167718697814.png,failure,downloads/7/images/all_images256/ELP_12MP_23.02.2023_167718697814.png
ELP_12MP_13.12.2022_167094865724.png,failure,downloads/7/images/all_images256/ELP_12MP_13.12.2022_167094865724.png
ELP_12MP_01.12.2022_166990984211.png,failure,downloads/7/images/all_images256/ELP_12MP_01.12.2022_166990984211.png
ELP_12MP_03.01.2023_167276082051.png,failure,downloads/7/images/all_images256/ELP_12MP_03.01.2023_167276082051.png
ELP_12MP_16.02.2023_167657139324.png,failure,downloads/7/images/all_images256/ELP_12MP_16.02.2023_167657139324.png
ELP_12MP_02.01.2023_167267451718.png,failure,downloads/7/images/all_images256/ELP_12MP_02.01.2023_167267451718.png
ELP_12MP_03.01.2023_167275913472.png,failure,downloads/7/images/all_images256/ELP_12MP_03.01.2023_167275913472.png
ELP_12MP_16.02.2023_167657138990.png,failure,downloads/7/images/all_images256/ELP_12MP_16.02.2023_167657138990.png
ELP_12MP_14.02.2023_167640856940.png,failure,downloads/7/images/all_images256/ELP_12MP_14.02.2023_167640856940.png
94_jpg.jpg,failure,downloads/1/valid/94_jpg.rf.d389823e0dc1f485dbd3ac5e37bd0434.jpg
ELP_12MP_17.02.2023_167663796995.png,failure,downloads/7/images/all_images256/ELP_12MP_17.02.2023_167663796995.png
ELP_12MP_05.01.2023_167292812096.png,failure,downloads/7/images/all_images256/ELP_12MP_05.01.2023_167292812096.png
ELP_12MP_05.01.2023_167291747874.png,failure,downloads/7/images/all_images256/ELP_12MP_05.01.2023_167291747874.png
144_jpg.rf.2894ef933cf8822d47bc6b424b2137f7.jpg,failure,downloads/5/valid/144_jpg.rf.2894ef933cf8822d47bc6b424b2137f7.jpg
84_jpg.jpg,failure,downloads/1/valid/84_jpg.rf.9e096ac2c88b8a3313ad8a53a325a1fd.jpg
ELP_12MP_05.01.2023_167292035531.png,failure,downloads/7/images/all_images256/ELP_12MP_05.01.2023_167292035531.png
ELP_12MP_05.01.2023_167291911971.png,failure,downloads/7/images/all_images256/ELP_12MP_05.01.2023_167291911971.png
ELP_12MP_05.01.2023_167291757326.png,failure,downloads/7/images/all_images256/ELP_12MP_05.01.2023_167291757326.png
ELP_12MP_05.01.2023_167291893027.png,failure,downloads/7/images/all_images256/ELP_12MP_05.01.2023_167291893027.png
ELP_12MP_04.01.2023_167284673095.png,failure,downloads/7/images/all_images256/ELP_12MP_04.01.2023_167284673095.png
ELP_12MP_02.12.2022_166999836689.png,failure,downloads/7/images/all_images256/ELP_12MP_02.12.2022_166999836689.png
ELP_12MP_05.01.2023_167293928962.png,failure,downloads/7/images/all_images256/ELP_12MP_05.01.2023_167293928962.png
ELP_12MP_06.12.2022_167033869758.png,failure,downloads/7/images/all_images256/ELP_12MP_06.12.2022_167033869758.png
ELP_12MP_02.12.2022_166999648772.png,failure,downloads/7/images/all_images256/ELP_12MP_02.12.2022_166999648772.png
ELP_12MP_03.01.2023_167276077219.png,failure,downloads/7/images/all_images256/ELP_12MP_03.01.2023_167276077219.png
a_jpg.jpg,failure,downloads/1/test/a_jpg.rf.dea4d5033617f443f4011fe8d56d5726.jpg
116_jpg.rf.0ab9dbc44211525c17f9c39850ab791d.jpg,failure,downloads/5/train/116_jpg.rf.0ab9dbc44211525c17f9c39850ab791d.jpg
ELP_12MP_20.12.2022_167154417511.png,failure,downloads/7/images/all_images256/ELP_12MP_20.12.2022_167154417511.png
ELP_12MP_08.01.2023_167318668606.png,failure,downloads/7/images/all_images256/ELP_12MP_08.01.2023_167318668606.png
ELP_12MP_29.12.2022_167232617980.png,failure,downloads/7/images/all_images256/ELP_12MP_29.12.2022_167232617980.png
ELP_12MP_05.01.2023_167291748548.png,failure,downloads/7/images/all_images256/ELP_12MP_05.01.2023_167291748548.png
ELP_12MP_02.12.2022_166999689660.png,failure,downloads/7/images/all_images256/ELP_12MP_02.12.2022_166999689660.png
ELP_12MP_05.01.2023_167291781986.png,failure,downloads/7/images/all_images256/ELP_12MP_05.01.2023_167291781986.png
ELP_12MP_20.12.2022_167154407066.png,failure,downloads/7/images/all_images256/ELP_12MP_20.12.2022_167154407066.png
ELP_12MP_17.02.2023_167664406380.png,failure,downloads/7/images/all_images256/ELP_12MP_17.02.2023_167664406380.png
ELP_12MP_14.02.2023_167639781362.png,failure,downloads/7/images/all_images256/ELP_12MP_14.02.2023_167639781362.png
ELP_12MP_10.01.2023_167338972981.png,failure,downloads/7/images/all_images256/ELP_12MP_10.01.2023_167338972981.png
ELP_12MP_03.01.2023_167277500165.png,failure,downloads/7/images/all_images256/ELP_12MP_03.01.2023_167277500165.png
ELP_12MP_15.02.2023_167646917362.png,failure,downloads/7/images/all_images256/ELP_12MP_15.02.2023_167646917362.png
ELP_12MP_02.12.2022_166999702123.png,failure,downloads/7/images/all_images256/ELP_12MP_02.12.2022_166999702123.png
failure (105).jpg,failure,downloads/4/train/failure/failure (105).jpg
ELP_12MP_03.01.2023_167277501535.png,failure,downloads/7/images/all_images256/ELP_12MP_03.01.2023_167277501535.png
194669839_10158405515653246_6637481495525062090_n_cropped_jpg.jpg,failure,downloads/1/train/194669839_10158405515653246_6637481495525062090_n_cropped_jpg.rf.667c24f17f244b7034a08a13b8b6c59f.jpg
150_jpg.jpg,failure,downloads/1/test/150_jpg.rf.4296434c732c282c05beb4144e07b176.jpg
ELP_12MP_05.01.2023_167291757330.png,failure,downloads/7/images/all_images256/ELP_12MP_05.01.2023_167291757330.png
ELP_12MP_02.12.2022_166999739189.png,failure,downloads/7/images/all_images256/ELP_12MP_02.12.2022_166999739189.png
140_jpg.jpg,failure,downloads/1/test/140_jpg.rf.76151e6ba2f8d6a80562ac7cacfa6a58.jpg
ELP_12MP_16.02.2023_167656749002.png,failure,downloads/7/images/all_images256/ELP_12MP_16.02.2023_167656749002.png
ELP_12MP_14.02.2023_167640461583.png,failure,downloads/7/images/all_images256/ELP_12MP_14.02.2023_167640461583.png
ELP_12MP_01.12.2022_166991214890.png,failure,downloads/7/images/all_images256/ELP_12MP_01.12.2022_166991214890.png
ELP_12MP_23.02.2023_167718910637.png,failure,downloads/7/images/all_images256/ELP_12MP_23.02.2023_167718910637.png
ELP_12MP_03.01.2023_167276716455.png,failure,downloads/7/images/all_images256/ELP_12MP_03.01.2023_167276716455.png
ELP_12MP_03.01.2023_167275909372.png,failure,downloads/7/images/all_images256/ELP_12MP_03.01.2023_167275909372.png
ELP_12MP_08.01.2023_167318666198.png,failure,downloads/7/images/all_images256/ELP_12MP_08.01.2023_167318666198.png
ELP_12MP_14.02.2023_167639975163.png,failure,downloads/7/images/all_images256/ELP_12MP_14.02.2023_167639975163.png
ELP_12MP_17.02.2023_167664386056.png,failure,downloads/7/images/all_images256/ELP_12MP_17.02.2023_167664386056.png
ELP_12MP_20.12.2022_167154403599.png,failure,downloads/7/images/all_images256/ELP_12MP_20.12.2022_167154403599.png
ELP_12MP_21.12.2022_167165783512.png,failure,downloads/7/images/all_images256/ELP_12MP_21.12.2022_167165783512.png
ELP_12MP_02.01.2023_167267246997.png,failure,downloads/7/images/all_images256/ELP_12MP_02.01.2023_167267246997.png
ELP_12MP_29.11.2022_166975225767.png,failure,downloads/7/images/all_images256/ELP_12MP_29.11.2022_166975225767.png
ELP_12MP_03.01.2023_167276082047.png,failure,downloads/7/images/all_images256/ELP_12MP_03.01.2023_167276082047.png
ELP_12MP_06.01.2023_167302008626.png,failure,downloads/7/images/all_images256/ELP_12MP_06.01.2023_167302008626.png
ELP_12MP_11.01.2023_167344120945.png,failure,downloads/7/images/all_images256/ELP_12MP_11.01.2023_167344120945.png
ELP_12MP_06.01.2023_167302034861.png,failure,downloads/7/images/all_images256/ELP_12MP_06.01.2023_167302034861.png
ELP_12MP_02.12.2022_166999652927.png,failure,downloads/7/images/all_images256/ELP_12MP_02.12.2022_166999652927.png
ELP_12MP_05.01.2023_167292063991.png,failure,downloads/7/images/all_images256/ELP_12MP_05.01.2023_167292063991.png
ELP_12MP_10.01.2023_167339017694.png,failure,downloads/7/images/all_images256/ELP_12MP_10.01.2023_167339017694.png
ELP_12MP_03.01.2023_167275925459.png,failure,downloads/7/images/all_images256/ELP_12MP_03.01.2023_167275925459.png
ELP_12MP_05.01.2023_167292675827.png,failure,downloads/7/images/all_images256/ELP_12MP_05.01.2023_167292675827.png
ELP_12MP_17.02.2023_167664411398.png,failure,downloads/7/images/all_images256/ELP_12MP_17.02.2023_167664411398.png
79276de2ab7bb4376bf66d974ef6289c_jpg.rf.1c7209991ff3b51ead42c2709ce33f36.jpg,failure,downloads/2/train/79276de2ab7bb4376bf66d974ef6289c_jpg.rf.1c7209991ff3b51ead42c2709ce33f36.jpg
images (8).jpg,failure,downloads/3/spaghetti/images (8).jpg
ELP_12MP_05.01.2023_167291760952.png,failure,downloads/7/images/all_images256/ELP_12MP_05.01.2023_167291760952.png
ELP_12MP_05.01.2023_167291750891.png,failure,downloads/7/images/all_images256/ELP_12MP_05.01.2023_167291750891.png
b0zyawvkkt461_jpg.rf.01e6098597eb0f98e17548149ed2d985.jpg,failure,downloads/2/train/b0zyawvkkt461_jpg.rf.01e6098597eb0f98e17548149ed2d985.jpg
ELP_12MP_05.01.2023_167291752738.png,failure,downloads/7/images/all_images256/ELP_12MP_05.01.2023_167291752738.png
ELP_12MP_14.02.2023_167641279057.png,failure,downloads/7/images/all_images256/ELP_12MP_14.02.2023_167641279057.png
ELP_12MP_04.01.2023_167284665385.png,failure,downloads/7/images/all_images256/ELP_12MP_04.01.2023_167284665385.png
ELP_12MP_17.02.2023_167664283489.png,failure,downloads/7/images/all_images256/ELP_12MP_17.02.2023_167664283489.png
failure (152).jpg,failure,downloads/4/test/failure/failure (152).jpg
ELP_12MP_05.01.2023_167292058293.png,failure,downloads/7/images/all_images256/ELP_12MP_05.01.2023_167292058293.png
3_png.rf.0c70be09bfb6f6dc3e3c06c4948c1d30.jpg,failure,downloads/5/train/3_png.rf.0c70be09bfb6f6dc3e3c06c4948c1d30.jpg
ELP_12MP_16.02.2023_167657126992.png,failure,downloads/7/images/all_images256/ELP_12MP_16.02.2023_167657126992.png
ELP_12MP_23.02.2023_167718660285.png,failure,downloads/7/images/all_images256/ELP_12MP_23.02.2023_167718660285.png
failure (83).jpg,failure,downloads/4/train/failure/failure (83).jpg
ELP_12MP_03.01.2023_167277483091.png,failure,downloads/7/images/all_images256/ELP_12MP_03.01.2023_167277483091.png
ELP_12MP_06.12.2022_167033758377.png,failure,downloads/7/images/all_images256/ELP_12MP_06.12.2022_167033758377.png
149918_fea6b7ad1f911b19fff8646791e3edc9_jpg.jpg,failure,downloads/1/train/149918_fea6b7ad1f911b19fff8646791e3edc9_jpg.rf.8a7d802611b26dc9ac0d0b16ed3cabf8.jpg
ELP_12MP_10.01.2023_167336383151.png,failure,downloads/7/images/all_images256/ELP_12MP_10.01.2023_167336383151.png
ELP_12MP_03.01.2023_167276058987.png,failure,downloads/7/images/all_images256/ELP_12MP_03.01.2023_167276058987.png
imag-142-_jpg.jpg,failure,downloads/1/train/imag-142-_jpg.rf.f334118174d712ba415e289e1fef2f46.jpg
ELP_12MP_14.02.2023_167639708156.png,failure,downloads/7/images/all_images256/ELP_12MP_14.02.2023_167639708156.png
ELP_12MP_05.01.2023_167294382508.png,failure,downloads/7/images/all_images256/ELP_12MP_05.01.2023_167294382508.png
ELP_12MP_04.01.2023_167284679828.png,failure,downloads/7/images/all_images256/ELP_12MP_04.01.2023_167284679828.png
ELP_12MP_22.12.2022_167170875281.png,failure,downloads/7/images/all_images256/ELP_12MP_22.12.2022_167170875281.png
ELP_12MP_23.02.2023_167718608930.png,failure,downloads/7/images/all_images256/ELP_12MP_23.02.2023_167718608930.png
ELP_12MP_02.01.2023_167267457790.png,failure,downloads/7/images/all_images256/ELP_12MP_02.01.2023_167267457790.png
ELP_12MP_01.12.2022_166990953417.png,failure,downloads/7/images/all_images256/ELP_12MP_01.12.2022_166990953417.png
failure (144).jpg,failure,downloads/4/valid/failure/failure (144).jpg
ELP_12MP_14.02.2023_167639965953.png,failure,downloads/7/images/all_images256/ELP_12MP_14.02.2023_167639965953.png
ELP_12MP_11.01.2023_167343433604.png,failure,downloads/7/images/all_images256/ELP_12MP_11.01.2023_167343433604.png
ELP_12MP_02.12.2022_166999681606.png,failure,downloads/7/images/all_images256/ELP_12MP_02.12.2022_166999681606.png
PXL_20210304_123630223_jpg.rf.45216fb21f9a8d1b22fca8a29d9d1bc3.jpg,failure,downloads/2/train/PXL_20210304_123630223_jpg.rf.45216fb21f9a8d1b22fca8a29d9d1bc3.jpg
ELP_12MP_10.01.2023_167337853258.png,failure,downloads/7/images/all_images256/ELP_12MP_10.01.2023_167337853258.png
ELP_12MP_22.12.2022_167171106704.png,failure,downloads/7/images/all_images256/ELP_12MP_22.12.2022_167171106704.png
ELP_12MP_03.01.2023_167276065569.png,failure,downloads/7/images/all_images256/ELP_12MP_03.01.2023_167276065569.png
ELP_12MP_11.01.2023_167343460248.png,failure,downloads/7/images/all_images256/ELP_12MP_11.01.2023_167343460248.png
ELP_12MP_06.01.2023_167302026108.png,failure,downloads/7/images/all_images256/ELP_12MP_06.01.2023_167302026108.png
ELP_12MP_17.02.2023_167664747984.png,failure,downloads/7/images/all_images256/ELP_12MP_17.02.2023_167664747984.png
ELP_12MP_02.12.2022_166999841761.png,failure,downloads/7/images/all_images256/ELP_12MP_02.12.2022_166999841761.png
ELP_12MP_04.01.2023_167284950109.png,failure,downloads/7/images/all_images256/ELP_12MP_04.01.2023_167284950109.png
failure (95).jpg,failure,downloads/4/train/failure/failure (95).jpg
ELP_12MP_22.12.2022_167171357518.png,failure,downloads/7/images/all_images256/ELP_12MP_22.12.2022_167171357518.png
ELP_12MP_03.01.2023_167276700141.png,failure,downloads/7/images/all_images256/ELP_12MP_03.01.2023_167276700141.png
69_jpg.jpg,failure,downloads/1/test/69_jpg.rf.5225d8bcc962f15c729a141146607c2d.jpg
ELP_12MP_16.02.2023_167656999955.png,failure,downloads/7/images/all_images256/ELP_12MP_16.02.2023_167656999955.png
8_jpg.jpg,failure,downloads/1/test/8_jpg.rf.b9501601f3b50a27877dac386775d703.jpg
ELP_12MP_08.01.2023_167318698642.png,failure,downloads/7/images/all_images256/ELP_12MP_08.01.2023_167318698642.png
ELP_12MP_10.01.2023_167338088458.png,failure,downloads/7/images/all_images256/ELP_12MP_10.01.2023_167338088458.png
ELP_12MP_06.01.2023_167302086427.png,failure,downloads/7/images/all_images256/ELP_12MP_06.01.2023_167302086427.png
ELP_12MP_04.01.2023_167285022751.png,failure,downloads/7/images/all_images256/ELP_12MP_04.01.2023_167285022751.png
failed-print-3D-printing.jpg,failure,downloads/3/spaghetti/failed-print-3D-printing.jpg
ELP_12MP_05.01.2023_167291802660.png,failure,downloads/7/images/all_images256/ELP_12MP_05.01.2023_167291802660.png
ELP_12MP_02.01.2023_167267470139.png,failure,downloads/7/images/all_images256/ELP_12MP_02.01.2023_167267470139.png
ELP_12MP_05.01.2023_167292048335.png,failure,downloads/7/images/all_images256/ELP_12MP_05.01.2023_167292048335.png
ELP_12MP_03.01.2023_167275882590.png,failure,downloads/7/images/all_images256/ELP_12MP_03.01.2023_167275882590.png
ELP_12MP_03.01.2023_167277496067.png,failure,downloads/7/images/all_images256/ELP_12MP_03.01.2023_167277496067.png
Capture-d-ecran--442-_jpg.rf.6e7ee7ceeb0ed2469987f0f7e34ec058.jpg,failure,downloads/2/train/Capture-d-ecran--442-_jpg.rf.6e7ee7ceeb0ed2469987f0f7e34ec058.jpg
ELP_12MP_04.01.2023_167284659050.png,failure,downloads/7/images/all_images256/ELP_12MP_04.01.2023_167284659050.png
ELP_12MP_14.02.2023_167639788226.png,failure,downloads/7/images/all_images256/ELP_12MP_14.02.2023_167639788226.png
ELP_12MP_03.01.2023_167276697942.png,failure,downloads/7/images/all_images256/ELP_12MP_03.01.2023_167276697942.png
ELP_12MP_04.01.2023_167284950479.png,failure,downloads/7/images/all_images256/ELP_12MP_04.01.2023_167284950479.png
ELP_12MP_22.12.2022_167173577017.png,failure,downloads/7/images/all_images256/ELP_12MP_22.12.2022_167173577017.png
ELP_12MP_29.11.2022_166975217110.png,failure,downloads/7/images/all_images256/ELP_12MP_29.11.2022_166975217110.png
ELP_12MP_21.12.2022_167165029165.png,failure,downloads/7/images/all_images256/ELP_12MP_21.12.2022_167165029165.png
ELP_12MP_05.01.2023_167291915320.png,failure,downloads/7/images/all_images256/ELP_12MP_05.01.2023_167291915320.png
ELP_12MP_23.02.2023_167718614855.png,failure,downloads/7/images/all_images256/ELP_12MP_23.02.2023_167718614855.png
ELP_12MP_03.01.2023_167276080081.png,failure,downloads/7/images/all_images256/ELP_12MP_03.01.2023_167276080081.png
failure (113).jpg,failure,downloads/4/train/failure/failure (113).jpg
ELP_12MP_14.02.2023_167639778843.png,failure,downloads/7/images/all_images256/ELP_12MP_14.02.2023_167639778843.png
3d_jpg.jpg,failure,downloads/1/test/3d_jpg.rf.fcc46c301e24bd195309f6cc0a170f9a.jpg
ELP_12MP_03.01.2023_167277511875.png,failure,downloads/7/images/all_images256/ELP_12MP_03.01.2023_167277511875.png
132_jpg.jpg,failure,downloads/1/valid/132_jpg.rf.77f943528e1afdbe261d625b6e41c863.jpg
ELP_12MP_02.01.2023_167267440039.png,failure,downloads/7/images/all_images256/ELP_12MP_02.01.2023_167267440039.png
ELP_12MP_04.01.2023_167285024136.png,failure,downloads/7/images/all_images256/ELP_12MP_04.01.2023_167285024136.png
ELP_12MP_05.01.2023_167291749085.png,failure,downloads/7/images/all_images256/ELP_12MP_05.01.2023_167291749085.png
ELP_12MP_06.01.2023_167300894554.png,failure,downloads/7/images/all_images256/ELP_12MP_06.01.2023_167300894554.png
ELP_12MP_03.01.2023_167275894331.png,failure,downloads/7/images/all_images256/ELP_12MP_03.01.2023_167275894331.png
ELP_12MP_21.12.2022_167165203913.png,failure,downloads/7/images/all_images256/ELP_12MP_21.12.2022_167165203913.png
ELP_12MP_01.12.2022_166991205625.png,failure,downloads/7/images/all_images256/ELP_12MP_01.12.2022_166991205625.png
122_jpg.jpg,failure,downloads/1/valid/122_jpg.rf.10e05890a2db496ad3192032e101e55e.jpg
ELP_12MP_21.12.2022_167165006623.png,failure,downloads/7/images/all_images256/ELP_12MP_21.12.2022_167165006623.png
ELP_12MP_21.12.2022_167165798052.png,failure,downloads/7/images/all_images256/ELP_12MP_21.12.2022_167165798052.png
ELP_12MP_22.12.2022_167172644943.png,failure,downloads/7/images/all_images256/ELP_12MP_22.12.2022_167172644943.png
ELP_12MP_29.11.2022_166975491852.png,failure,downloads/7/images/all_images256/ELP_12MP_29.11.2022_166975491852.png
ELP_12MP_23.02.2023_167718691889.png,failure,downloads/7/images/all_images256/ELP_12MP_23.02.2023_167718691889.png
ELP_12MP_10.01.2023_167338264663.png,failure,downloads/7/images/all_images256/ELP_12MP_10.01.2023_167338264663.png
1695403125007_png.rf.27192255b983ea0a2dca5f8c12ccb929.jpg,failure,downloads/5/train/1695403125007_png.rf.27192255b983ea0a2dca5f8c12ccb929.jpg
ELP_12MP_16.02.2023_167658647421.png,failure,downloads/7/images/all_images256/ELP_12MP_16.02.2023_167658647421.png
imag-135-_jpg.jpg,failure,downloads/1/train/imag-135-_jpg.rf.f8eb72d82d873398d0bbdda7e3dd14cd.jpg
ELP_12MP_04.01.2023_167284938707.png,failure,downloads/7/images/all_images256/ELP_12MP_04.01.2023_167284938707.png
FPZQEJJJIOU532Z_jpg.rf.6b4d68cfee420f9b184c9fba7e70ac8e.jpg,failure,downloads/2/train/FPZQEJJJIOU532Z_jpg.rf.6b4d68cfee420f9b184c9fba7e70ac8e.jpg
imag-134-_jpg.jpg,failure,downloads/1/train/imag-134-_jpg.rf.f34554800db21ee2d2985570b1c16b8c.jpg
HFtC39I.png,failure,downloads/3/spaghetti/HFtC39I.png
ELP_12MP_22.12.2022_167171133543.png,failure,downloads/7/images/all_images256/ELP_12MP_22.12.2022_167171133543.png
ELP_12MP_11.01.2023_167343990916.png,failure,downloads/7/images/all_images256/ELP_12MP_11.01.2023_167343990916.png
ELP_12MP_17.02.2023_167663803012.png,failure,downloads/7/images/all_images256/ELP_12MP_17.02.2023_167663803012.png
ELP_12MP_06.01.2023_167301164497.png,failure,downloads/7/images/all_images256/ELP_12MP_06.01.2023_167301164497.png
ELP_12MP_11.01.2023_167344851874.png,failure,downloads/7/images/all_images256/ELP_12MP_11.01.2023_167344851874.png
ELP_12MP_22.12.2022_167172354971.png,failure,downloads/7/images/all_images256/ELP_12MP_22.12.2022_167172354971.png
failure (56).jpg,failure,downloads/4/train/failure/failure (56).jpg
ELP_12MP_03.01.2023_167276065018.png,failure,downloads/7/images/all_images256/ELP_12MP_03.01.2023_167276065018.png
34_jpg.jpg,failure,downloads/1/test/34_jpg.rf.27b9fb5b7f4046cdb8660f3d0c400912.jpg
ELP_12MP_22.12.2022_167172324514.png,failure,downloads/7/images/all_images256/ELP_12MP_22.12.2022_167172324514.png
ELP_12MP_03.01.2023_167276078075.png,failure,downloads/7/images/all_images256/ELP_12MP_03.01.2023_167276078075.png
g7gbnn0z0xb21_jpg.rf.0b3c4dd3878dc30730b978c08fafaefd.jpg,failure,downloads/2/train/g7gbnn0z0xb21_jpg.rf.0b3c4dd3878dc30730b978c08fafaefd.jpg
24_jpg.jpg,failure,downloads/1/test/24_jpg.rf.238f5afa5e080fc728ef578424265411.jpg
ELP_12MP_16.02.2023_167657075918.png,failure,downloads/7/images/all_images256/ELP_12MP_16.02.2023_167657075918.png
ELP_12MP_03.01.2023_167275924430.png,failure,downloads/7/images/all_images256/ELP_12MP_03.01.2023_167275924430.png
ELP_12MP_05.01.2023_167291759240.png,failure,downloads/7/images/all_images256/ELP_12MP_05.01.2023_167291759240.png
ELP_12MP_05.01.2023_167293200546.png,failure,downloads/7/images/all_images256/ELP_12MP_05.01.2023_167293200546.png
ELP_12MP_05.01.2023_167291761522.png,failure,downloads/7/images/all_images256/ELP_12MP_05.01.2023_167291761522.png
ELP_12MP_03.01.2023_167277465307.png,failure,downloads/7/images/all_images256/ELP_12MP_03.01.2023_167277465307.png
ELP_12MP_10.01.2023_167337860888.png,failure,downloads/7/images/all_images256/ELP_12MP_10.01.2023_167337860888.png
ELP_12MP_05.01.2023_167292054286.png,failure,downloads/7/images/all_images256/ELP_12MP_05.01.2023_167292054286.png
ELP_12MP_02.12.2022_166999831536.png,failure,downloads/7/images/all_images256/ELP_12MP_02.12.2022_166999831536.png
ELP_12MP_23.02.2023_167717203231.png,failure,downloads/7/images/all_images256/ELP_12MP_23.02.2023_167717203231.png
ELP_12MP_22.12.2022_167172318004.png,failure,downloads/7/images/all_images256/ELP_12MP_22.12.2022_167172318004.png
ELP_12MP_03.01.2023_167275926964.png,failure,downloads/7/images/all_images256/ELP_12MP_03.01.2023_167275926964.png
ELP_12MP_16.02.2023_167656808095.png,failure,downloads/7/images/all_images256/ELP_12MP_16.02.2023_167656808095.png
ELP_12MP_02.12.2022_166999775779.png,failure,downloads/7/images/all_images256/ELP_12MP_02.12.2022_166999775779.png
ELP_12MP_04.01.2023_167285022036.png,failure,downloads/7/images/all_images256/ELP_12MP_04.01.2023_167285022036.png
ELP_12MP_03.01.2023_167275907996.png,failure,downloads/7/images/all_images256/ELP_12MP_03.01.2023_167275907996.png
ELP_12MP_03.01.2023_167275889177.png,failure,downloads/7/images/all_images256/ELP_12MP_03.01.2023_167275889177.png
ELP_12MP_17.02.2023_167664759588.png,failure,downloads/7/images/all_images256/ELP_12MP_17.02.2023_167664759588.png
ELP_12MP_22.12.2022_167171355468.png,failure,downloads/7/images/all_images256/ELP_12MP_22.12.2022_167171355468.png
ELP_12MP_06.01.2023_167301127035.png,failure,downloads/7/images/all_images256/ELP_12MP_06.01.2023_167301127035.png
ELP_12MP_03.01.2023_167277492758.png,failure,downloads/7/images/all_images256/ELP_12MP_03.01.2023_167277492758.png
rvhsavkly3p81_jpg.jpg,failure,downloads/1/train/rvhsavkly3p81_jpg.rf.40ea4f92714dc604dd4fcd6ee55da8d9.jpg
ELP_12MP_05.01.2023_167291747240.png,failure,downloads/7/images/all_images256/ELP_12MP_05.01.2023_167291747240.png
ELP_12MP_02.01.2023_167267436353.png,failure,downloads/7/images/all_images256/ELP_12MP_02.01.2023_167267436353.png
ELP_12MP_02.12.2022_166999714350.png,failure,downloads/7/images/all_images256/ELP_12MP_02.12.2022_166999714350.png
Capture-d-ecran--285-_jpg.rf.346c386849dab5d5761da31428d0af3f.jpg,failure,downloads/2/train/Capture-d-ecran--285-_jpg.rf.346c386849dab5d5761da31428d0af3f.jpg
ELP_12MP_14.02.2023_167639788743.png,failure,downloads/7/images/all_images256/ELP_12MP_14.02.2023_167639788743.png
ELP_12MP_03.01.2023_167276063643.png,failure,downloads/7/images/all_images256/ELP_12MP_03.01.2023_167276063643.png
ELP_12MP_05.01.2023_167291794024.png,failure,downloads/7/images/all_images256/ELP_12MP_05.01.2023_167291794024.png
ELP_12MP_15.02.2023_167646979900.png,failure,downloads/7/images/all_images256/ELP_12MP_15.02.2023_167646979900.png
ELP_12MP_22.12.2022_167171113452.png,failure,downloads/7/images/all_images256/ELP_12MP_22.12.2022_167171113452.png
ELP_12MP_10.01.2023_167336376536.png,failure,downloads/7/images/all_images256/ELP_12MP_10.01.2023_167336376536.png
ELP_12MP_10.01.2023_167337846091.png,failure,downloads/7/images/all_images256/ELP_12MP_10.01.2023_167337846091.png
ELP_12MP_10.01.2023_167338262164.png,failure,downloads/7/images/all_images256/ELP_12MP_10.01.2023_167338262164.png
ELP_12MP_14.02.2023_167639706783.png,failure,downloads/7/images/all_images256/ELP_12MP_14.02.2023_167639706783.png
ELP_12MP_05.01.2023_167293942979.png,failure,downloads/7/images/all_images256/ELP_12MP_05.01.2023_167293942979.png
ELP_12MP_22.12.2022_167172317525.png,failure,downloads/7/images/all_images256/ELP_12MP_22.12.2022_167172317525.png
ELP_12MP_06.01.2023_167301055272.png,failure,downloads/7/images/all_images256/ELP_12MP_06.01.2023_167301055272.png
ELP_12MP_05.01.2023_167292679985.png,failure,downloads/7/images/all_images256/ELP_12MP_05.01.2023_167292679985.png
failure (129).jpg,failure,downloads/4/valid/failure/failure (129).jpg
ELP_12MP_10.01.2023_167336426953.png,failure,downloads/7/images/all_images256/ELP_12MP_10.01.2023_167336426953.png
ELP_12MP_05.01.2023_167292012370.png,failure,downloads/7/images/all_images256/ELP_12MP_05.01.2023_167292012370.png
failure (17).jpg,failure,downloads/4/train/failure/failure (17).jpg
ELP_12MP_14.02.2023_167640857650.png,failure,downloads/7/images/all_images256/ELP_12MP_14.02.2023_167640857650.png
ELP_12MP_03.01.2023_167275925464.png,failure,downloads/7/images/all_images256/ELP_12MP_03.01.2023_167275925464.png
ELP_12MP_08.01.2023_167318441763.png,failure,downloads/7/images/all_images256/ELP_12MP_08.01.2023_167318441763.png
ELP_12MP_04.01.2023_167284927586.png,failure,downloads/7/images/all_images256/ELP_12MP_04.01.2023_167284927586.png
ELP_12MP_04.01.2023_167284666699.png,failure,downloads/7/images/all_images256/ELP_12MP_04.01.2023_167284666699.png
ELP_12MP_04.01.2023_167284665390.png,failure,downloads/7/images/all_images256/ELP_12MP_04.01.2023_167284665390.png
ELP_12MP_22.12.2022_167171107547.png,failure,downloads/7/images/all_images256/ELP_12MP_22.12.2022_167171107547.png
ELP_12MP_22.12.2022_167172320404.png,failure,downloads/7/images/all_images256/ELP_12MP_22.12.2022_167172320404.png
ELP_12MP_14.02.2023_167639985722.png,failure,downloads/7/images/all_images256/ELP_12MP_14.02.2023_167639985722.png
Capture-d-ecran--601-_jpg.rf.3bef470fc02e9b101b96ef773605f4b4.jpg,failure,downloads/2/test/Capture-d-ecran--601-_jpg.rf.3bef470fc02e9b101b96ef773605f4b4.jpg
ELP_12MP_05.01.2023_167292675832.png,failure,downloads/7/images/all_images256/ELP_12MP_05.01.2023_167292675832.png
ELP_12MP_01.12.2022_166991240973.png,failure,downloads/7/images/all_images256/ELP_12MP_01.12.2022_166991240973.png
ELP_12MP_02.01.2023_167267437105.png,failure,downloads/7/images/all_images256/ELP_12MP_02.01.2023_167267437105.png
ELP_12MP_01.12.2022_166990984206.png,failure,downloads/7/images/all_images256/ELP_12MP_01.12.2022_166990984206.png
ELP_12MP_10.01.2023_167338862749.png,failure,downloads/7/images/all_images256/ELP_12MP_10.01.2023_167338862749.png
ELP_12MP_03.01.2023_167276059642.png,failure,downloads/7/images/all_images256/ELP_12MP_03.01.2023_167276059642.png
ELP_12MP_06.12.2022_167033858237.png,failure,downloads/7/images/all_images256/ELP_12MP_06.12.2022_167033858237.png
ELP_12MP_05.01.2023_167291764738.png,failure,downloads/7/images/all_images256/ELP_12MP_05.01.2023_167291764738.png
56_jpg.jpg,failure,downloads/1/test/56_jpg.rf.54a00547ebd88ddbce0dca8ffe865838.jpg
ELP_12MP_03.01.2023_167275898330.png,failure,downloads/7/images/all_images256/ELP_12MP_03.01.2023_167275898330.png
46_jpg.jpg,failure,downloads/1/test/46_jpg.rf.514732bcb93cf28e15e6cd85dab57d10.jpg
335070755_717372683426620_9187802208267785837_n_cropped_jpg.jpg,failure,downloads/1/train/335070755_717372683426620_9187802208267785837_n_cropped_jpg.rf.4c7ffddcc53f4ac4d65106c591bf9c33.jpg
ELP_12MP_10.01.2023_167338247864.png,failure,downloads/7/images/all_images256/ELP_12MP_10.01.2023_167338247864.png
ELP_12MP_05.01.2023_167292027678.png,failure,downloads/7/images/all_images256/ELP_12MP_05.01.2023_167292027678.png
ELP_12MP_02.01.2023_167267442997.png,failure,downloads/7/images/all_images256/ELP_12MP_02.01.2023_167267442997.png
3D-Printing-Tips_4_9_2015_png.jpg,failure,downloads/1/train/3D-Printing-Tips_4_9_2015_png.rf.793311b15414a9e19dd802a5ac99e4f0.jpg
ELP_12MP_22.12.2022_167171349323.png,failure,downloads/7/images/all_images256/ELP_12MP_22.12.2022_167171349323.png
ELP_12MP_22.12.2022_167171371864.png,failure,downloads/7/images/all_images256/ELP_12MP_22.12.2022_167171371864.png
Capture-d-ecran--328-_jpg.rf.0fcbcf4888ab2b8b0b871f025d119e92.jpg,failure,downloads/2/train/Capture-d-ecran--328-_jpg.rf.0fcbcf4888ab2b8b0b871f025d119e92.jpg
ELP_12MP_06.01.2023_167302101159.png,failure,downloads/7/images/all_images256/ELP_12MP_06.01.2023_167302101159.png
ELP_12MP_08.01.2023_167318603701.png,failure,downloads/7/images/all_images256/ELP_12MP_08.01.2023_167318603701.png
ELP_12MP_16.02.2023_167658222106.png,failure,downloads/7/images/all_images256/ELP_12MP_16.02.2023_167658222106.png
ELP_12MP_01.12.2022_166990979604.png,failure,downloads/7/images/all_images256/ELP_12MP_01.12.2022_166990979604.png
ELP_12MP_21.12.2022_167165814510.png,failure,downloads/7/images/all_images256/ELP_12MP_21.12.2022_167165814510.png
ELP_12MP_06.12.2022_167033756824.png,failure,downloads/7/images/all_images256/ELP_12MP_06.12.2022_167033756824.png
Capture-d-ecran--304-_jpg.rf.94d7bc7f84d65d3f6c01143634d1bd29.jpg,failure,downloads/2/train/Capture-d-ecran--304-_jpg.rf.94d7bc7f84d65d3f6c01143634d1bd29.jpg
ELP_12MP_01.12.2022_166991234572.png,failure,downloads/7/images/all_images256/ELP_12MP_01.12.2022_166991234572.png
ELP_12MP_02.12.2022_166999747324.png,failure,downloads/7/images/all_images256/ELP_12MP_02.12.2022_166999747324.png
failure (40).jpg,failure,downloads/4/train/failure/failure (40).jpg
ELP_12MP_10.01.2023_167338033634.png,failure,downloads/7/images/all_images256/ELP_12MP_10.01.2023_167338033634.png
ELP_12MP_04.01.2023_167284661492.png,failure,downloads/7/images/all_images256/ELP_12MP_04.01.2023_167284661492.png
ELP_12MP_02.01.2023_167267421571.png,failure,downloads/7/images/all_images256/ELP_12MP_02.01.2023_167267421571.png
ELP_12MP_22.12.2022_167173447089.png,failure,downloads/7/images/all_images256/ELP_12MP_22.12.2022_167173447089.png
ELP_12MP_10.01.2023_167338252528.png,failure,downloads/7/images/all_images256/ELP_12MP_10.01.2023_167338252528.png
ELP_12MP_22.12.2022_167173571249.png,failure,downloads/7/images/all_images256/ELP_12MP_22.12.2022_167173571249.png
ELP_12MP_03.01.2023_167275892184.png,failure,downloads/7/images/all_images256/ELP_12MP_03.01.2023_167275892184.png
ELP_12MP_22.12.2022_167171123181.png,failure,downloads/7/images/all_images256/ELP_12MP_22.12.2022_167171123181.png
ELP_12MP_03.01.2023_167276057684.png,failure,downloads/7/images/all_images256/ELP_12MP_03.01.2023_167276057684.png
ELP_12MP_05.01.2023_167291992474.png,failure,downloads/7/images/all_images256/ELP_12MP_05.01.2023_167291992474.png
ELP_12MP_05.01.2023_167292018477.png,failure,downloads/7/images/all_images256/ELP_12MP_05.01.2023_167292018477.png
ELP_12MP_05.01.2023_167292051711.png,failure,downloads/7/images/all_images256/ELP_12MP_05.01.2023_167292051711.png
ELP_12MP_22.12.2022_167173324706.png,failure,downloads/7/images/all_images256/ELP_12MP_22.12.2022_167173324706.png
ELP_12MP_05.01.2023_167291896885.png,failure,downloads/7/images/all_images256/ELP_12MP_05.01.2023_167291896885.png
Capture-d-ecran--454-_jpg.rf.40536178d6bbadb63e4873a14fba7ccd.jpg,failure,downloads/2/train/Capture-d-ecran--454-_jpg.rf.40536178d6bbadb63e4873a14fba7ccd.jpg
ELP_12MP_16.02.2023_167656785308.png,failure,downloads/7/images/all_images256/ELP_12MP_16.02.2023_167656785308.png
ELP_12MP_17.02.2023_167664264062.png,failure,downloads/7/images/all_images256/ELP_12MP_17.02.2023_167664264062.png
ELP_12MP_03.01.2023_167276072477.png,failure,downloads/7/images/all_images256/ELP_12MP_03.01.2023_167276072477.png
ELP_12MP_17.02.2023_167664272600.png,failure,downloads/7/images/all_images256/ELP_12MP_17.02.2023_167664272600.png
ELP_12MP_03.01.2023_167277510338.png,failure,downloads/7/images/all_images256/ELP_12MP_03.01.2023_167277510338.png
ELP_12MP_06.12.2022_167033761023.png,failure,downloads/7/images/all_images256/ELP_12MP_06.12.2022_167033761023.png
ELP_12MP_20.12.2022_167155589538.png,failure,downloads/7/images/all_images256/ELP_12MP_20.12.2022_167155589538.png
ELP_12MP_02.01.2023_167267428268.png,failure,downloads/7/images/all_images256/ELP_12MP_02.01.2023_167267428268.png
ELP_12MP_03.01.2023_167277495440.png,failure,downloads/7/images/all_images256/ELP_12MP_03.01.2023_167277495440.png
ELP_12MP_02.01.2023_167267469234.png,failure,downloads/7/images/all_images256/ELP_12MP_02.01.2023_167267469234.png
ELP_12MP_22.12.2022_167173333246.png,failure,downloads/7/images/all_images256/ELP_12MP_22.12.2022_167173333246.png
ELP_12MP_10.01.2023_167338261185.png,failure,downloads/7/images/all_images256/ELP_12MP_10.01.2023_167338261185.png
ELP_12MP_04.01.2023_167284894267.png,failure,downloads/7/images/all_images256/ELP_12MP_04.01.2023_167284894267.png
ELP_12MP_01.12.2022_166991222439.png,failure,downloads/7/images/all_images256/ELP_12MP_01.12.2022_166991222439.png
ELP_12MP_03.01.2023_167276052943.png,failure,downloads/7/images/all_images256/ELP_12MP_03.01.2023_167276052943.png
ELP_12MP_22.12.2022_167172620496.png,failure,downloads/7/images/all_images256/ELP_12MP_22.12.2022_167172620496.png
ELP_12MP_03.01.2023_167276068407.png,failure,downloads/7/images/all_images256/ELP_12MP_03.01.2023_167276068407.png
ELP_12MP_22.12.2022_167171120376.png,failure,downloads/7/images/all_images256/ELP_12MP_22.12.2022_167171120376.png
ELP_12MP_05.01.2023_167292030363.png,failure,downloads/7/images/all_images256/ELP_12MP_05.01.2023_167292030363.png
ELP_12MP_05.01.2023_167293930620.png,failure,downloads/7/images/all_images256/ELP_12MP_05.01.2023_167293930620.png
ELP_12MP_29.11.2022_166975042736.png,failure,downloads/7/images/all_images256/ELP_12MP_29.11.2022_166975042736.png
7088OT_01_18.jpg,failure,downloads/3/spaghetti/7088OT_01_18.jpg
Capture-d-ecran--654-_jpg.rf.7f3ab25739dccea619f1f7a79b19ecc6.jpg,failure,downloads/2/train/Capture-d-ecran--654-_jpg.rf.7f3ab25739dccea619f1f7a79b19ecc6.jpg
ELP_12MP_04.01.2023_167285025474.png,failure,downloads/7/images/all_images256/ELP_12MP_04.01.2023_167285025474.png
ELP_12MP_03.01.2023_167275891401.png,failure,downloads/7/images/all_images256/ELP_12MP_03.01.2023_167275891401.png
ELP_12MP_05.01.2023_167293916817.png,failure,downloads/7/images/all_images256/ELP_12MP_05.01.2023_167293916817.png
Capture-d-ecran--345-_jpg.rf.05fd9d4a76e8756c2afc639d86d4f1bc.jpg,failure,downloads/2/train/Capture-d-ecran--345-_jpg.rf.05fd9d4a76e8756c2afc639d86d4f1bc.jpg
ELP_12MP_05.01.2023_167291745961.png,failure,downloads/7/images/all_images256/ELP_12MP_05.01.2023_167291745961.png
ELP_12MP_10.01.2023_167337892927.png,failure,downloads/7/images/all_images256/ELP_12MP_10.01.2023_167337892927.png
imag-126-_jpg.rf.202c88f4d8f259d5f7f6597c86434710.jpg,failure,downloads/5/train/imag-126-_jpg.rf.202c88f4d8f259d5f7f6597c86434710.jpg
ELP_12MP_22.12.2022_167171361621.png,failure,downloads/7/images/all_images256/ELP_12MP_22.12.2022_167171361621.png
ELP_12MP_05.01.2023_167292042534.png,failure,downloads/7/images/all_images256/ELP_12MP_05.01.2023_167292042534.png
ELP_12MP_10.01.2023_167336402869.png,failure,downloads/7/images/all_images256/ELP_12MP_10.01.2023_167336402869.png
failure (122).jpg,failure,downloads/4/valid/failure/failure (122).jpg
ELP_12MP_11.01.2023_167343688886.png,failure,downloads/7/images/all_images256/ELP_12MP_11.01.2023_167343688886.png
ELP_12MP_22.12.2022_167171053171.png,failure,downloads/7/images/all_images256/ELP_12MP_22.12.2022_167171053171.png
ELP_12MP_22.12.2022_167172360735.png,failure,downloads/7/images/all_images256/ELP_12MP_22.12.2022_167172360735.png
ELP_12MP_04.01.2023_167284890565.png,failure,downloads/7/images/all_images256/ELP_12MP_04.01.2023_167284890565.png
ELP_12MP_10.01.2023_167337601001.png,failure,downloads/7/images/all_images256/ELP_12MP_10.01.2023_167337601001.png
ELP_12MP_23.02.2023_167717145456.png,failure,downloads/7/images/all_images256/ELP_12MP_23.02.2023_167717145456.png
ELP_12MP_14.02.2023_167640986244.png,failure,downloads/7/images/all_images256/ELP_12MP_14.02.2023_167640986244.png
ELP_12MP_16.02.2023_167657126089.png,failure,downloads/7/images/all_images256/ELP_12MP_16.02.2023_167657126089.png
ELP_12MP_10.01.2023_167338062150.png,failure,downloads/7/images/all_images256/ELP_12MP_10.01.2023_167338062150.png
ELP_12MP_05.01.2023_167292060756.png,failure,downloads/7/images/all_images256/ELP_12MP_05.01.2023_167292060756.png
ELP_12MP_10.01.2023_167338692761.png,failure,downloads/7/images/all_images256/ELP_12MP_10.01.2023_167338692761.png
ELP_12MP_17.02.2023_167664766131.png,failure,downloads/7/images/all_images256/ELP_12MP_17.02.2023_167664766131.png
ELP_12MP_03.01.2023_167276707066.png,failure,downloads/7/images/all_images256/ELP_12MP_03.01.2023_167276707066.png
ELP_12MP_05.01.2023_167291895195.png,failure,downloads/7/images/all_images256/ELP_12MP_05.01.2023_167291895195.png
10_jpg.jpg,failure,downloads/1/valid/10_jpg.rf.24632dff68a066a3c4cdad59a4549150.jpg
ELP_12MP_22.12.2022_167171105486.png,failure,downloads/7/images/all_images256/ELP_12MP_22.12.2022_167171105486.png
ELP_12MP_04.01.2023_167284690197.png,failure,downloads/7/images/all_images256/ELP_12MP_04.01.2023_167284690197.png
ELP_12MP_05.01.2023_167292026059.png,failure,downloads/7/images/all_images256/ELP_12MP_05.01.2023_167292026059.png
82025c09dec45930b34343718660d3d7c60579fd_jpg.rf.1117e940f9a393193febddf89c898cea.jpg,failure,downloads/2/train/82025c09dec45930b34343718660d3d7c60579fd_jpg.rf.1117e940f9a393193febddf89c898cea.jpg
ELP_12MP_02.12.2022_166999632253.png,failure,downloads/7/images/all_images256/ELP_12MP_02.12.2022_166999632253.png
ELP_12MP_06.01.2023_167302054473.png,failure,downloads/7/images/all_images256/ELP_12MP_06.01.2023_167302054473.png
ELP_12MP_16.02.2023_167657138274.png,failure,downloads/7/images/all_images256/ELP_12MP_16.02.2023_167657138274.png
ELP_12MP_04.01.2023_167285019992.png,failure,downloads/7/images/all_images256/ELP_12MP_04.01.2023_167285019992.png
failure (134).jpg,failure,downloads/4/valid/failure/failure (134).jpg
ELP_12MP_22.12.2022_167171129795.png,failure,downloads/7/images/all_images256/ELP_12MP_22.12.2022_167171129795.png
ELP_12MP_22.12.2022_167172900983.png,failure,downloads/7/images/all_images256/ELP_12MP_22.12.2022_167172900983.png
ELP_12MP_10.01.2023_167338726373.png,failure,downloads/7/images/all_images256/ELP_12MP_10.01.2023_167338726373.png
62_jpg.jpg,failure,downloads/1/valid/62_jpg.rf.b9585e71b3f78e7527d44642980be5d3.jpg
ELP_12MP_05.01.2023_167291903068.png,failure,downloads/7/images/all_images256/ELP_12MP_05.01.2023_167291903068.png
ELP_12MP_11.01.2023_167344360788.png,failure,downloads/7/images/all_images256/ELP_12MP_11.01.2023_167344360788.png
ELP_12MP_03.01.2023_167276705922.png,failure,downloads/7/images/all_images256/ELP_12MP_03.01.2023_167276705922.png
20-epic-3d-printing-fails.jpg,failure,downloads/3/spaghetti/20-epic-3d-printing-fails.jpg
72_jpg.jpg,failure,downloads/1/valid/72_jpg.rf.88ec9c27c133a149f869d7c0894626cd.jpg
3_jpg.jpg,failure,downloads/1/valid/3_jpg.rf.8bba541232fc4cf8dbb45379c7a4fa4a.jpg
ELP_12MP_10.01.2023_167337883547.png,failure,downloads/7/images/all_images256/ELP_12MP_10.01.2023_167337883547.png
mr3rbrb20qna1_jpg.jpg,failure,downloads/1/train/mr3rbrb20qna1_jpg.rf.4ec65f57a74d757eb4f5f23aa5fc7456.jpg
ELP_12MP_10.01.2023_167336772259.png,failure,downloads/7/images/all_images256/ELP_12MP_10.01.2023_167336772259.png
ELP_12MP_17.02.2023_167664297539.png,failure,downloads/7/images/all_images256/ELP_12MP_17.02.2023_167664297539.png
ELP_12MP_01.12.2022_166991240121.png,failure,downloads/7/images/all_images256/ELP_12MP_01.12.2022_166991240121.png
ELP_12MP_29.11.2022_166975043038.png,failure,downloads/7/images/all_images256/ELP_12MP_29.11.2022_166975043038.png
ELP_12MP_10.01.2023_167338021690.png,failure,downloads/7/images/all_images256/ELP_12MP_10.01.2023_167338021690.png
ELP_12MP_04.01.2023_167284935720.png,failure,downloads/7/images/all_images256/ELP_12MP_04.01.2023_167284935720.png
ELP_12MP_02.12.2022_166999755394.png,failure,downloads/7/images/all_images256/ELP_12MP_02.12.2022_166999755394.png
ELP_12MP_16.02.2023_167658248958.png,failure,downloads/7/images/all_images256/ELP_12MP_16.02.2023_167658248958.png
ELP_12MP_08.01.2023_167318762950.png,failure,downloads/7/images/all_images256/ELP_12MP_08.01.2023_167318762950.png
Capture-d-ecran--363-_jpg.rf.187b72c588c39ac1eb203604108151a1.jpg,failure,downloads/2/train/Capture-d-ecran--363-_jpg.rf.187b72c588c39ac1eb203604108151a1.jpg
FH5JEQSIHF6MY0Q.jpg,failure,downloads/3/spaghetti/FH5JEQSIHF6MY0Q.jpg
ELP_12MP_03.01.2023_167276081110.png,failure,downloads/7/images/all_images256/ELP_12MP_03.01.2023_167276081110.png
ELP_12MP_01.12.2022_166991208171.png,failure,downloads/7/images/all_images256/ELP_12MP_01.12.2022_166991208171.png
ELP_12MP_22.12.2022_167173573940.png,failure,downloads/7/images/all_images256/ELP_12MP_22.12.2022_167173573940.png
ELP_12MP_02.01.2023_167267252416.png,failure,downloads/7/images/all_images256/ELP_12MP_02.01.2023_167267252416.png
ELP_12MP_04.01.2023_167284692838.png,failure,downloads/7/images/all_images256/ELP_12MP_04.01.2023_167284692838.png
ELP_12MP_02.12.2022_166999726811.png,failure,downloads/7/images/all_images256/ELP_12MP_02.12.2022_166999726811.png
ELP_12MP_16.02.2023_167656910454.png,failure,downloads/7/images/all_images256/ELP_12MP_16.02.2023_167656910454.png
ELP_12MP_05.01.2023_167292033911.png,failure,downloads/7/images/all_images256/ELP_12MP_05.01.2023_167292033911.png
failure (163).jpg,failure,downloads/4/test/failure/failure (163).jpg
ELP_12MP_02.12.2022_166999611703.png,failure,downloads/7/images/all_images256/ELP_12MP_02.12.2022_166999611703.png
imag-135-_jpg.rf.24c2ace022114db6474fb31df4d8a6f8.jpg,failure,downloads/5/valid/imag-135-_jpg.rf.24c2ace022114db6474fb31df4d8a6f8.jpg
ELP_12MP_02.12.2022_166999685610.png,failure,downloads/7/images/all_images256/ELP_12MP_02.12.2022_166999685610.png
ELP_12MP_03.01.2023_167277497445.png,failure,downloads/7/images/all_images256/ELP_12MP_03.01.2023_167277497445.png
ELP_12MP_08.01.2023_167318452432.png,failure,downloads/7/images/all_images256/ELP_12MP_08.01.2023_167318452432.png
ELP_12MP_05.01.2023_167292033087.png,failure,downloads/7/images/all_images256/ELP_12MP_05.01.2023_167292033087.png
ELP_12MP_03.01.2023_167277489135.png,failure,downloads/7/images/all_images256/ELP_12MP_03.01.2023_167277489135.png
139_jpg.jpg,failure,downloads/1/valid/139_jpg.rf.377f350ab37fc74a011f3c6f5b8cf894.jpg
qlj3mjszp2s51_jpg.jpg,failure,downloads/1/train/qlj3mjszp2s51_jpg.rf.467d773ba2b03518dcae65cecccae839.jpg
129_jpg.jpg,failure,downloads/1/test/129_jpg.rf.a1d0406ff77a410d4ab35aa23f0c8d13.jpg
Capture-d-ecran--311-_jpg.rf.1d6a3757479bbcfbf09216e4e3cd736b.jpg,failure,downloads/2/test/Capture-d-ecran--311-_jpg.rf.1d6a3757479bbcfbf09216e4e3cd736b.jpg
ELP_12MP_17.02.2023_167664244563.png,failure,downloads/7/images/all_images256/ELP_12MP_17.02.2023_167664244563.png
ELP_12MP_05.01.2023_167291881296.png,failure,downloads/7/images/all_images256/ELP_12MP_05.01.2023_167291881296.png
ELP_12MP_02.12.2022_166999624009.png,failure,downloads/7/images/all_images256/ELP_12MP_02.12.2022_166999624009.png
ELP_12MP_03.01.2023_167275911413.png,failure,downloads/7/images/all_images256/ELP_12MP_03.01.2023_167275911413.png
ELP_12MP_14.02.2023_167639838159.png,failure,downloads/7/images/all_images256/ELP_12MP_14.02.2023_167639838159.png
ELP_12MP_10.01.2023_167338035381.png,failure,downloads/7/images/all_images256/ELP_12MP_10.01.2023_167338035381.png
ELP_12MP_29.11.2022_166975745404.png,failure,downloads/7/images/all_images256/ELP_12MP_29.11.2022_166975745404.png
ELP_12MP_01.12.2022_166991239186.png,failure,downloads/7/images/all_images256/ELP_12MP_01.12.2022_166991239186.png
ELP_12MP_22.12.2022_167173622779.png,failure,downloads/7/images/all_images256/ELP_12MP_22.12.2022_167173622779.png
ELP_12MP_05.01.2023_167294367723.png,failure,downloads/7/images/all_images256/ELP_12MP_05.01.2023_167294367723.png
Capture-d-ecran--626-_jpg.rf.1dbe6ec4007bb80dad7715fa43f58420.jpg,failure,downloads/2/train/Capture-d-ecran--626-_jpg.rf.1dbe6ec4007bb80dad7715fa43f58420.jpg
ELP_12MP_15.02.2023_167646927364.png,failure,downloads/7/images/all_images256/ELP_12MP_15.02.2023_167646927364.png
ELP_12MP_17.02.2023_167664387514.png,failure,downloads/7/images/all_images256/ELP_12MP_17.02.2023_167664387514.png
ELP_12MP_03.01.2023_167276050749.png,failure,downloads/7/images/all_images256/ELP_12MP_03.01.2023_167276050749.png
ELP_12MP_22.12.2022_167170785929.png,failure,downloads/7/images/all_images256/ELP_12MP_22.12.2022_167170785929.png
1_uWD6NUewKoDvmyWSHg3OIw_png.jpg,failure,downloads/1/train/1_uWD6NUewKoDvmyWSHg3OIw_png.rf.37b5a584a7fc8c957558d55d104bbac3.jpg
ELP_12MP_05.01.2023_167292037237.png,failure,downloads/7/images/all_images256/ELP_12MP_05.01.2023_167292037237.png
ELP_12MP_03.01.2023_167276073185.png,failure,downloads/7/images/all_images256/ELP_12MP_03.01.2023_167276073185.png
ELP_12MP_22.12.2022_167171117493.png,failure,downloads/7/images/all_images256/ELP_12MP_22.12.2022_167171117493.png
ELP_12MP_05.01.2023_167291792194.png,failure,downloads/7/images/all_images256/ELP_12MP_05.01.2023_167291792194.png
ELP_12MP_03.01.2023_167275903994.png,failure,downloads/7/images/all_images256/ELP_12MP_03.01.2023_167275903994.png
ELP_12MP_05.01.2023_167291768776.png,failure,downloads/7/images/all_images256/ELP_12MP_05.01.2023_167291768776.png
BQJc2OvV2AHOsWtLlewVIBSCohsgjZK2aK1Gf5ek_sQ_jpg.jpg,failure,downloads/1/test/BQJc2OvV2AHOsWtLlewVIBSCohsgjZK2aK1Gf5ek_sQ_jpg.rf.60cdc9ea810d054331c8d674a2af546c.jpg
failure (118).jpg,failure,downloads/4/valid/failure/failure (118).jpg
ELP_12MP_02.12.2022_166999628154.png,failure,downloads/7/images/all_images256/ELP_12MP_02.12.2022_166999628154.png
ELP_12MP_03.01.2023_167276692108.png,failure,downloads/7/images/all_images256/ELP_12MP_03.01.2023_167276692108.png
ELP_12MP_29.12.2022_167232610898.png,failure,downloads/7/images/all_images256/ELP_12MP_29.12.2022_167232610898.png
ELP_12MP_08.01.2023_167319173523.png,failure,downloads/7/images/all_images256/ELP_12MP_08.01.2023_167319173523.png
ELP_12MP_05.01.2023_167292033092.png,failure,downloads/7/images/all_images256/ELP_12MP_05.01.2023_167292033092.png
ELP_12MP_03.01.2023_167276051495.png,failure,downloads/7/images/all_images256/ELP_12MP_03.01.2023_167276051495.png
ELP_12MP_15.02.2023_167647015657.png,failure,downloads/7/images/all_images256/ELP_12MP_15.02.2023_167647015657.png
ELP_12MP_10.01.2023_167336859163.png,failure,downloads/7/images/all_images256/ELP_12MP_10.01.2023_167336859163.png
ELP_12MP_05.01.2023_167292796661.png,failure,downloads/7/images/all_images256/ELP_12MP_05.01.2023_167292796661.png
images (1) 2.jpg,failure,
ELP_12MP_15.02.2023_167647022951.png,failure,downloads/7/images/all_images256/ELP_12MP_15.02.2023_167647022951.png
ELP_12MP_05.01.2023_167292047049.png,failure,downloads/7/images/all_images256/ELP_12MP_05.01.2023_167292047049.png
ELP_12MP_04.01.2023_167284687777.png,failure,downloads/7/images/all_images256/ELP_12MP_04.01.2023_167284687777.png
images-2-_jpg.rf.3b4b568c00267aad2db0a5ca11021727.jpg,failure,downloads/5/train/images-2-_jpg.rf.3b4b568c00267aad2db0a5ca11021727.jpg
68ldi0mb09u91_cropped_jpg.jpg,failure,downloads/1/train/68ldi0mb09u91_cropped_jpg.rf.0587d3c92b4e91b0a9370f49234c0073.jpg
ELP_12MP_14.02.2023_167641439539.png,failure,downloads/7/images/all_images256/ELP_12MP_14.02.2023_167641439539.png
failure (26).jpg,failure,downloads/4/train/failure/failure (26).jpg
ELP_12MP_02.12.2022_166999685605.png,failure,downloads/7/images/all_images256/ELP_12MP_02.12.2022_166999685605.png
ELP_12MP_03.01.2023_167276069122.png,failure,downloads/7/images/all_images256/ELP_12MP_03.01.2023_167276069122.png
ELP_12MP_01.12.2022_166991218820.png,failure,downloads/7/images/all_images256/ELP_12MP_01.12.2022_166991218820.png
f7i3xai4ztx91_cropped_jpg.jpg,failure,downloads/1/train/f7i3xai4ztx91_cropped_jpg.rf.9e94492c4d6c492d270b5543bec18a13.jpg
ELP_12MP_05.01.2023_167292001008.png,failure,downloads/7/images/all_images256/ELP_12MP_05.01.2023_167292001008.png
ELP_12MP_22.12.2022_167172855798.png,failure,downloads/7/images/all_images256/ELP_12MP_22.12.2022_167172855798.png
ELP_12MP_17.02.2023_167664238495.png,failure,downloads/7/images/all_images256/ELP_12MP_17.02.2023_167664238495.png
ELP_12MP_02.12.2022_166999710193.png,failure,downloads/7/images/all_images256/ELP_12MP_02.12.2022_166999710193.png
ELP_12MP_11.01.2023_167344893762.png,failure,downloads/7/images/all_images256/ELP_12MP_11.01.2023_167344893762.png
ELP_12MP_16.02.2023_167656977633.png,failure,downloads/7/images/all_images256/ELP_12MP_16.02.2023_167656977633.png
ELP_12MP_17.02.2023_167663945545.png,failure,downloads/7/images/all_images256/ELP_12MP_17.02.2023_167663945545.png
ELP_12MP_21.12.2022_167165141731.png,failure,downloads/7/images/all_images256/ELP_12MP_21.12.2022_167165141731.png
Capture-d-ecran--457-_jpg.rf.2f720d10bcb092805e22f19b28ddc276.jpg,failure,downloads/2/train/Capture-d-ecran--457-_jpg.rf.2f720d10bcb092805e22f19b28ddc276.jpg
failed-print-head4er-900x506_jpg.jpg,failure,downloads/1/test/failed-print-head4er-900x506_jpg.rf.a49e1a4cb4e491ddb3e7ce96ecc02af7.jpg
Capture-d-ecran--632-_jpg.rf.285d26fa7b4c05d37d04fa37559e2453.jpg,failure,downloads/2/train/Capture-d-ecran--632-_jpg.rf.285d26fa7b4c05d37d04fa37559e2453.jpg
ELP_12MP_14.02.2023_167641334093.png,failure,downloads/7/images/all_images256/ELP_12MP_14.02.2023_167641334093.png
ELP_12MP_05.01.2023_167291890832.png,failure,downloads/7/images/all_images256/ELP_12MP_05.01.2023_167291890832.png
ELP_12MP_21.12.2022_167165781772.png,failure,downloads/7/images/all_images256/ELP_12MP_21.12.2022_167165781772.png
86_jpg.jpg,failure,downloads/1/valid/86_jpg.rf.e3263b9cfc8b31e9a6c6de8a7abf8502.jpg
ELP_12MP_02.01.2023_167267472239.png,failure,downloads/7/images/all_images256/ELP_12MP_02.01.2023_167267472239.png
IMG_20180213_103820491-1-648x486_jpg.jpg,failure,downloads/1/train/IMG_20180213_103820491-1-648x486_jpg.rf.43c72f6bd59decf7c99cb0449e1031e4.jpg
ELP_12MP_02.12.2022_166999796321.png,failure,downloads/7/images/all_images256/ELP_12MP_02.12.2022_166999796321.png
ELP_12MP_02.01.2023_167267435600.png,failure,downloads/7/images/all_images256/ELP_12MP_02.01.2023_167267435600.png
96_jpg.jpg,failure,downloads/1/valid/96_jpg.rf.a1fbbe578f90177b7c14b67ee631a627.jpg
ELP_12MP_03.01.2023_167277493420.png,failure,downloads/7/images/all_images256/ELP_12MP_03.01.2023_167277493420.png
ELP_12MP_21.12.2022_167165221096.png,failure,downloads/7/images/all_images256/ELP_12MP_21.12.2022_167165221096.png
ELP_12MP_17.02.2023_167663922521.png,failure,downloads/7/images/all_images256/ELP_12MP_17.02.2023_167663922521.png
ELP_12MP_08.01.2023_167318432853.png,failure,downloads/7/images/all_images256/ELP_12MP_08.01.2023_167318432853.png
failure (71).jpg,failure,downloads/4/train/failure/failure (71).jpg
ELP_12MP_10.01.2023_167338725096.png,failure,downloads/7/images/all_images256/ELP_12MP_10.01.2023_167338725096.png
ELP_12MP_21.12.2022_167165038386.png,failure,downloads/7/images/all_images256/ELP_12MP_21.12.2022_167165038386.png
images (3).jpg,failure,downloads/3/spaghetti/images (3).jpg
ELP_12MP_08.01.2023_167318368127.png,failure,downloads/7/images/all_images256/ELP_12MP_08.01.2023_167318368127.png
ELP_12MP_04.01.2023_167284876744.png,failure,downloads/7/images/all_images256/ELP_12MP_04.01.2023_167284876744.png
ELP_12MP_10.01.2023_167339142625.png,failure,downloads/7/images/all_images256/ELP_12MP_10.01.2023_167339142625.png
failure (159).jpg,failure,downloads/4/test/failure/failure (159).jpg
ELP_12MP_16.02.2023_167656912685.png,failure,downloads/7/images/all_images256/ELP_12MP_16.02.2023_167656912685.png
ELP_12MP_15.02.2023_167646939577.png,failure,downloads/7/images/all_images256/ELP_12MP_15.02.2023_167646939577.png
ELP_12MP_17.02.2023_167663734809.png,failure,downloads/7/images/all_images256/ELP_12MP_17.02.2023_167663734809.png
ELP_12MP_05.01.2023_167293128412.png,failure,downloads/7/images/all_images256/ELP_12MP_05.01.2023_167293128412.png
ELP_12MP_02.01.2023_167267432769.png,failure,downloads/7/images/all_images256/ELP_12MP_02.01.2023_167267432769.png
ELP_12MP_06.01.2023_167300898902.png,failure,downloads/7/images/all_images256/ELP_12MP_06.01.2023_167300898902.png
Capture-d-ecran--534-_jpg.rf.3da62594b42489e69267ac5f651ea1b4.jpg,failure,downloads/2/train/Capture-d-ecran--534-_jpg.rf.3da62594b42489e69267ac5f651ea1b4.jpg
ELP_12MP_02.01.2023_167267455080.png,failure,downloads/7/images/all_images256/ELP_12MP_02.01.2023_167267455080.png
failure (88).jpg,failure,downloads/4/train/failure/failure (88).jpg
ELP_12MP_16.02.2023_167658464811.png,failure,downloads/7/images/all_images256/ELP_12MP_16.02.2023_167658464811.png
ELP_12MP_17.02.2023_167664766871.png,failure,downloads/7/images/all_images256/ELP_12MP_17.02.2023_167664766871.png
ELP_12MP_02.12.2022_166999661193.png,failure,downloads/7/images/all_images256/ELP_12MP_02.12.2022_166999661193.png
failure (67).jpg,failure,downloads/4/train/failure/failure (67).jpg
ELP_12MP_14.02.2023_167639980166.png,failure,downloads/7/images/all_images256/ELP_12MP_14.02.2023_167639980166.png
ELP_12MP_08.01.2023_167319258332.png,failure,downloads/7/images/all_images256/ELP_12MP_08.01.2023_167319258332.png
ELP_12MP_21.12.2022_167165120250.png,failure,downloads/7/images/all_images256/ELP_12MP_21.12.2022_167165120250.png
116_jpg.jpg,failure,downloads/1/test/116_jpg.rf.a019f3b49c6e2f6deb4edfbf479f861f.jpg
ELP_12MP_05.01.2023_167291908074.png,failure,downloads/7/images/all_images256/ELP_12MP_05.01.2023_167291908074.png
ELP_12MP_17.02.2023_167663769501.png,failure,downloads/7/images/all_images256/ELP_12MP_17.02.2023_167663769501.png
ELP_12MP_03.01.2023_167275899706.png,failure,downloads/7/images/all_images256/ELP_12MP_03.01.2023_167275899706.png
ELP_12MP_03.01.2023_167276704744.png,failure,downloads/7/images/all_images256/ELP_12MP_03.01.2023_167276704744.png
cracks_5_jpg.jpg,failure,downloads/1/train/cracks_5_jpg.rf.6fda54cbab9eadfc269d14302d328851.jpg
ELP_12MP_05.01.2023_167291784682.png,failure,downloads/7/images/all_images256/ELP_12MP_05.01.2023_167291784682.png
ELP_12MP_10.01.2023_167337557981.png,failure,downloads/7/images/all_images256/ELP_12MP_10.01.2023_167337557981.png
ELP_12MP_03.01.2023_167275918218.png,failure,downloads/7/images/all_images256/ELP_12MP_03.01.2023_167275918218.png
ELP_12MP_04.01.2023_167284677527.png,failure,downloads/7/images/all_images256/ELP_12MP_04.01.2023_167284677527.png
ELP_12MP_22.12.2022_167171243898.png,failure,downloads/7/images/all_images256/ELP_12MP_22.12.2022_167171243898.png
ELP_12MP_17.02.2023_167664763538.png,failure,downloads/7/images/all_images256/ELP_12MP_17.02.2023_167664763538.png
ELP_12MP_04.01.2023_167284933740.png,failure,downloads/7/images/all_images256/ELP_12MP_04.01.2023_167284933740.png
ELP_12MP_03.01.2023_167277498818.png,failure,downloads/7/images/all_images256/ELP_12MP_03.01.2023_167277498818.png
ELP_12MP_02.01.2023_167267412888.png,failure,downloads/7/images/all_images256/ELP_12MP_02.01.2023_167267412888.png
ELP_12MP_16.02.2023_167658450791.png,failure,downloads/7/images/all_images256/ELP_12MP_16.02.2023_167658450791.png
ELP_12MP_11.01.2023_167343408226.png,failure,downloads/7/images/all_images256/ELP_12MP_11.01.2023_167343408226.png
ELP_12MP_06.01.2023_167301087636.png,failure,downloads/7/images/all_images256/ELP_12MP_06.01.2023_167301087636.png
ELP_12MP_16.02.2023_167658247908.png,failure,downloads/7/images/all_images256/ELP_12MP_16.02.2023_167658247908.png
SPoUHe4.jpg,failure,downloads/3/spaghetti/SPoUHe4.jpg
ELP_12MP_02.01.2023_167267439358.png,failure,downloads/7/images/all_images256/ELP_12MP_02.01.2023_167267439358.png
ELP_12MP_22.12.2022_167172897778.png,failure,downloads/7/images/all_images256/ELP_12MP_22.12.2022_167172897778.png
ELP_12MP_22.12.2022_167173601002.png,failure,downloads/7/images/all_images256/ELP_12MP_22.12.2022_167173601002.png
ELP_12MP_05.01.2023_167292678800.png,failure,downloads/7/images/all_images256/ELP_12MP_05.01.2023_167292678800.png
ELP_12MP_04.01.2023_167284646711.png,failure,downloads/7/images/all_images256/ELP_12MP_04.01.2023_167284646711.png
ELP_12MP_11.01.2023_167343408597.png,failure,downloads/7/images/all_images256/ELP_12MP_11.01.2023_167343408597.png
failure (30).jpg,failure,downloads/4/train/failure/failure (30).jpg
C3FHBKAXAAAE7CY.jpg,failure,downloads/3/spaghetti/C3FHBKAXAAAE7CY.jpg
ELP_12MP_03.01.2023_167276070507.png,failure,downloads/7/images/all_images256/ELP_12MP_03.01.2023_167276070507.png
ELP_12MP_10.01.2023_167338729323.png,failure,downloads/7/images/all_images256/ELP_12MP_10.01.2023_167338729323.png
ELP_12MP_02.01.2023_167267449697.png,failure,downloads/7/images/all_images256/ELP_12MP_02.01.2023_167267449697.png
ELP_12MP_02.01.2023_167267468129.png,failure,downloads/7/images/all_images256/ELP_12MP_02.01.2023_167267468129.png
ELP_12MP_03.01.2023_167276070511.png,failure,downloads/7/images/all_images256/ELP_12MP_03.01.2023_167276070511.png
f1017e1e83f3e7c55df5cade7c2353ba_jpg.rf.144e0839f1eb36f38f8273f0656180ce.jpg,failure,downloads/2/train/f1017e1e83f3e7c55df5cade7c2353ba_jpg.rf.144e0839f1eb36f38f8273f0656180ce.jpg
failure (47).jpg,failure,downloads/4/train/failure/failure (47).jpg
ELP_12MP_20.12.2022_167154401328.png,failure,downloads/7/images/all_images256/ELP_12MP_20.12.2022_167154401328.png
ELP_12MP_04.01.2023_167284692556.png,failure,downloads/7/images/all_images256/ELP_12MP_04.01.2023_167284692556.png
ELP_12MP_03.01.2023_167277494761.png,failure,downloads/7/images/all_images256/ELP_12MP_03.01.2023_167277494761.png
ELP_12MP_05.01.2023_167291904300.png,failure,downloads/7/images/all_images256/ELP_12MP_05.01.2023_167291904300.png
ELP_12MP_03.01.2023_167275880296.png,failure,downloads/7/images/all_images256/ELP_12MP_03.01.2023_167275880296.png
ELP_12MP_03.01.2023_167275912086.png,failure,downloads/7/images/all_images256/ELP_12MP_03.01.2023_167275912086.png
a.jpg,failure,downloads/3/spaghetti/a.jpg
ELP_12MP_16.02.2023_167658225802.png,failure,downloads/7/images/all_images256/ELP_12MP_16.02.2023_167658225802.png
ELP_12MP_03.01.2023_167277509642.png,failure,downloads/7/images/all_images256/ELP_12MP_03.01.2023_167277509642.png
ELP_12MP_04.01.2023_167284950232.png,failure,downloads/7/images/all_images256/ELP_12MP_04.01.2023_167284950232.png
ELP_12MP_01.12.2022_166991216947.png,failure,downloads/7/images/all_images256/ELP_12MP_01.12.2022_166991216947.png
ELP_12MP_17.02.2023_167664404294.png,failure,downloads/7/images/all_images256/ELP_12MP_17.02.2023_167664404294.png
ELP_12MP_22.12.2022_167172288705.png,failure,downloads/7/images/all_images256/ELP_12MP_22.12.2022_167172288705.png
ELP_12MP_10.01.2023_167337895905.png,failure,downloads/7/images/all_images256/ELP_12MP_10.01.2023_167337895905.png
ELP_12MP_06.12.2022_167033855005.png,failure,downloads/7/images/all_images256/ELP_12MP_06.12.2022_167033855005.png
ELP_12MP_02.01.2023_167267425968.png,failure,downloads/7/images/all_images256/ELP_12MP_02.01.2023_167267425968.png
ELP_12MP_01.12.2022_166991190581.png,failure,downloads/7/images/all_images256/ELP_12MP_01.12.2022_166991190581.png
ELP_12MP_08.01.2023_167318464746.png,failure,downloads/7/images/all_images256/ELP_12MP_08.01.2023_167318464746.png
ELP_12MP_14.02.2023_167641303205.png,failure,downloads/7/images/all_images256/ELP_12MP_14.02.2023_167641303205.png
ELP_12MP_02.01.2023_167267416408.png,failure,downloads/7/images/all_images256/ELP_12MP_02.01.2023_167267416408.png
ELP_12MP_16.02.2023_167658633071.png,failure,downloads/7/images/all_images256/ELP_12MP_16.02.2023_167658633071.png
failure (10).jpg,failure,downloads/4/train/failure/failure (10).jpg
iO4sbDW_jpeg.jpg,failure,downloads/1/train/iO4sbDW_jpeg.rf.65fbba2c9fe0968f34e1092040ee23c6.jpg
2001lvzmzbg21.jpg,failure,downloads/3/spaghetti/2001lvzmzbg21.jpg
ELP_12MP_22.12.2022_167170799047.png,failure,downloads/7/images/all_images256/ELP_12MP_22.12.2022_167170799047.png
ELP_12MP_14.02.2023_167640438108.png,failure,downloads/7/images/all_images256/ELP_12MP_14.02.2023_167640438108.png
ELP_12MP_05.01.2023_167292793337.png,failure,downloads/7/images/all_images256/ELP_12MP_05.01.2023_167292793337.png
ELP_12MP_14.02.2023_167641432042.png,failure,downloads/7/images/all_images256/ELP_12MP_14.02.2023_167641432042.png
ELP_12MP_14.02.2023_167640980150.png,failure,downloads/7/images/all_images256/ELP_12MP_14.02.2023_167640980150.png
120_jpg.jpg,failure,downloads/1/valid/120_jpg.rf.9c1279d82f59107527e79a28abded369.jpg
ELP_12MP_22.12.2022_167171261178.png,failure,downloads/7/images/all_images256/ELP_12MP_22.12.2022_167171261178.png
130_jpg.jpg,failure,downloads/1/valid/130_jpg.rf.386f36962786039129a97a219fdfeb43.jpg
ELP_12MP_04.01.2023_167284651092.png,failure,downloads/7/images/all_images256/ELP_12MP_04.01.2023_167284651092.png
ELP_12MP_04.01.2023_167285021361.png,failure,downloads/7/images/all_images256/ELP_12MP_04.01.2023_167285021361.png
ELP_12MP_06.12.2022_167033875841.png,failure,downloads/7/images/all_images256/ELP_12MP_06.12.2022_167033875841.png
ELP_12MP_10.01.2023_167338335716.png,failure,downloads/7/images/all_images256/ELP_12MP_10.01.2023_167338335716.png
ELP_12MP_29.11.2022_166975713279.png,failure,downloads/7/images/all_images256/ELP_12MP_29.11.2022_166975713279.png
ELP_12MP_01.12.2022_166991198254.png,failure,downloads/7/images/all_images256/ELP_12MP_01.12.2022_166991198254.png
ELP_12MP_01.12.2022_166991166820.png,failure,downloads/7/images/all_images256/ELP_12MP_01.12.2022_166991166820.png
ELP_12MP_02.12.2022_166999603660.png,failure,downloads/7/images/all_images256/ELP_12MP_02.12.2022_166999603660.png
Capture-d-ecran--364-_jpg.rf.f4dac8872b54d23e4f90aa4e4a8f3f64.jpg,failure,downloads/2/test/Capture-d-ecran--364-_jpg.rf.f4dac8872b54d23e4f90aa4e4a8f3f64.jpg
ELP_12MP_03.01.2023_167275918839.png,failure,downloads/7/images/all_images256/ELP_12MP_03.01.2023_167275918839.png
ELP_12MP_22.12.2022_167173428760.png,failure,downloads/7/images/all_images256/ELP_12MP_22.12.2022_167173428760.png
ELP_12MP_14.02.2023_167639841894.png,failure,downloads/7/images/all_images256/ELP_12MP_14.02.2023_167639841894.png
ELP_12MP_17.02.2023_167664278058.png,failure,downloads/7/images/all_images256/ELP_12MP_17.02.2023_167664278058.png
ELP_12MP_08.01.2023_167319235080.png,failure,downloads/7/images/all_images256/ELP_12MP_08.01.2023_167319235080.png
ELP_12MP_03.01.2023_167276731448.png,failure,downloads/7/images/all_images256/ELP_12MP_03.01.2023_167276731448.png
ELP_12MP_03.01.2023_167276720551.png,failure,downloads/7/images/all_images256/ELP_12MP_03.01.2023_167276720551.png
ELP_12MP_04.01.2023_167285020692.png,failure,downloads/7/images/all_images256/ELP_12MP_04.01.2023_167285020692.png
ELP_12MP_05.01.2023_167292902625.png,failure,downloads/7/images/all_images256/ELP_12MP_05.01.2023_167292902625.png
ELP_12MP_14.02.2023_167639962903.png,failure,downloads/7/images/all_images256/ELP_12MP_14.02.2023_167639962903.png
ELP_12MP_22.12.2022_167172336404.png,failure,downloads/7/images/all_images256/ELP_12MP_22.12.2022_167172336404.png
ELP_12MP_14.02.2023_167639971994.png,failure,downloads/7/images/all_images256/ELP_12MP_14.02.2023_167639971994.png
Examples-of-complete-3D-printing-failures_png.rf.037c55c6d55ce2fcbedd7721d1e8877c.jpg,failure,downloads/5/train/Examples-of-complete-3D-printing-failures_png.rf.037c55c6d55ce2fcbedd7721d1e8877c.jpg
ELP_12MP_03.01.2023_167276721868.png,failure,downloads/7/images/all_images256/ELP_12MP_03.01.2023_167276721868.png
ELP_12MP_08.01.2023_167319148038.png,failure,downloads/7/images/all_images256/ELP_12MP_08.01.2023_167319148038.png
ELP_12MP_02.01.2023_167267442313.png,failure,downloads/7/images/all_images256/ELP_12MP_02.01.2023_167267442313.png
failure (138).jpg,failure,downloads/4/valid/failure/failure (138).jpg
FM637CFIHF6MY36_jpg.jpg,failure,downloads/1/test/FM637CFIHF6MY36_jpg.rf.99d16b0962e879493290fddf86990bb5.jpg
ELP_12MP_03.01.2023_167276055356.png,failure,downloads/7/images/all_images256/ELP_12MP_03.01.2023_167276055356.png
ELP_12MP_03.01.2023_167277515860.png,failure,downloads/7/images/all_images256/ELP_12MP_03.01.2023_167277515860.png
ELP_12MP_23.02.2023_167718905897.png,failure,downloads/7/images/all_images256/ELP_12MP_23.02.2023_167718905897.png
ELP_12MP_05.01.2023_167292002098.png,failure,downloads/7/images/all_images256/ELP_12MP_05.01.2023_167292002098.png
ELP_12MP_21.12.2022_167165128785.png,failure,downloads/7/images/all_images256/ELP_12MP_21.12.2022_167165128785.png
ELP_12MP_05.01.2023_167291787799.png,failure,downloads/7/images/all_images256/ELP_12MP_05.01.2023_167291787799.png
ELP_12MP_02.12.2022_166999726806.png,failure,downloads/7/images/all_images256/ELP_12MP_02.12.2022_166999726806.png
ELP_12MP_03.01.2023_167275892902.png,failure,downloads/7/images/all_images256/ELP_12MP_03.01.2023_167275892902.png
failure (51).jpg,failure,downloads/4/train/failure/failure (51).jpg
ELP_12MP_05.01.2023_167292065598.png,failure,downloads/7/images/all_images256/ELP_12MP_05.01.2023_167292065598.png
imag-144-_jpg.jpg,failure,downloads/1/train/imag-144-_jpg.rf.5b1d526afa2a9dcdb6a9f993522d24d6.jpg
ELP_12MP_11.01.2023_167344303990.png,failure,downloads/7/images/all_images256/ELP_12MP_11.01.2023_167344303990.png
ELP_12MP_03.01.2023_167277505642.png,failure,downloads/7/images/all_images256/ELP_12MP_03.01.2023_167277505642.png
ELP_12MP_02.01.2023_167267465223.png,failure,downloads/7/images/all_images256/ELP_12MP_02.01.2023_167267465223.png
ELP_12MP_04.01.2023_167284654505.png,failure,downloads/7/images/all_images256/ELP_12MP_04.01.2023_167284654505.png
ELP_12MP_05.01.2023_167291777867.png,failure,downloads/7/images/all_images256/ELP_12MP_05.01.2023_167291777867.png
ELP_12MP_14.02.2023_167639791706.png,failure,downloads/7/images/all_images256/ELP_12MP_14.02.2023_167639791706.png
ELP_12MP_10.01.2023_167336380978.png,failure,downloads/7/images/all_images256/ELP_12MP_10.01.2023_167336380978.png
ELP_12MP_22.12.2022_167171124098.png,failure,downloads/7/images/all_images256/ELP_12MP_22.12.2022_167171124098.png
19_jpg.jpg,failure,downloads/1/valid/19_jpg.rf.2f78ec61d99987c69c31e5a808f7aa44.jpg
ELP_12MP_22.12.2022_167172664348.png,failure,downloads/7/images/all_images256/ELP_12MP_22.12.2022_167172664348.png
maxresdefault 2.jpg,failure,
ELP_12MP_02.01.2023_167267449044.png,failure,downloads/7/images/all_images256/ELP_12MP_02.01.2023_167267449044.png
ELP_12MP_05.01.2023_167292023268.png,failure,downloads/7/images/all_images256/ELP_12MP_05.01.2023_167292023268.png
ELP_12MP_03.01.2023_167276731689.png,failure,downloads/7/images/all_images256/ELP_12MP_03.01.2023_167276731689.png
ELP_12MP_02.01.2023_167267453034.png,failure,downloads/7/images/all_images256/ELP_12MP_02.01.2023_167267453034.png
ELP_12MP_14.02.2023_167640972701.png,failure,downloads/7/images/all_images256/ELP_12MP_14.02.2023_167640972701.png
ELP_12MP_01.12.2022_166991195598.png,failure,downloads/7/images/all_images256/ELP_12MP_01.12.2022_166991195598.png
ELP_12MP_22.12.2022_167173339806.png,failure,downloads/7/images/all_images256/ELP_12MP_22.12.2022_167173339806.png
ELP_12MP_05.01.2023_167292038113.png,failure,downloads/7/images/all_images256/ELP_12MP_05.01.2023_167292038113.png
ELP_12MP_03.01.2023_167275906637.png,failure,downloads/7/images/all_images256/ELP_12MP_03.01.2023_167275906637.png
ELP_12MP_03.01.2023_167276694220.png,failure,downloads/7/images/all_images256/ELP_12MP_03.01.2023_167276694220.png
ELP_12MP_05.01.2023_167291795834.png,failure,downloads/7/images/all_images256/ELP_12MP_05.01.2023_167291795834.png
ELP_12MP_29.11.2022_166975242808.png,failure,downloads/7/images/all_images256/ELP_12MP_29.11.2022_166975242808.png
imag-125-_jpg.rf.0141abdf9edd6cab06e7d5365cbd171d.jpg,failure,downloads/5/test/imag-125-_jpg.rf.0141abdf9edd6cab06e7d5365cbd171d.jpg
ELP_12MP_01.12.2022_166991242522.png,failure,downloads/7/images/all_images256/ELP_12MP_01.12.2022_166991242522.png
ELP_12MP_22.12.2022_167173620150.png,failure,downloads/7/images/all_images256/ELP_12MP_22.12.2022_167173620150.png
ELP_12MP_23.02.2023_167717129161.png,failure,downloads/7/images/all_images256/ELP_12MP_23.02.2023_167717129161.png
ELP_12MP_10.01.2023_167336803291.png,failure,downloads/7/images/all_images256/ELP_12MP_10.01.2023_167336803291.png
ELP_12MP_17.02.2023_167664758354.png,failure,downloads/7/images/all_images256/ELP_12MP_17.02.2023_167664758354.png
ELP_12MP_08.01.2023_167318724278.png,failure,downloads/7/images/all_images256/ELP_12MP_08.01.2023_167318724278.png
ELP_12MP_01.12.2022_166991227351.png,failure,downloads/7/images/all_images256/ELP_12MP_01.12.2022_166991227351.png
ELP_12MP_29.11.2022_166975221388.png,failure,downloads/7/images/all_images256/ELP_12MP_29.11.2022_166975221388.png
ELP_12MP_05.01.2023_167291777872.png,failure,downloads/7/images/all_images256/ELP_12MP_05.01.2023_167291777872.png
ELP_12MP_04.01.2023_167284929690.png,failure,downloads/7/images/all_images256/ELP_12MP_04.01.2023_167284929690.png
ELP_12MP_03.01.2023_167277490314.png,failure,downloads/7/images/all_images256/ELP_12MP_03.01.2023_167277490314.png
ELP_12MP_11.01.2023_167343407089.png,failure,downloads/7/images/all_images256/ELP_12MP_11.01.2023_167343407089.png
ELP_12MP_20.12.2022_167154414678.png,failure,downloads/7/images/all_images256/ELP_12MP_20.12.2022_167154414678.png
ELP_12MP_06.12.2022_167033864420.png,failure,downloads/7/images/all_images256/ELP_12MP_06.12.2022_167033864420.png
ELP_12MP_05.01.2023_167292033907.png,failure,downloads/7/images/all_images256/ELP_12MP_05.01.2023_167292033907.png
ELP_12MP_29.11.2022_166975201716.png,failure,downloads/7/images/all_images256/ELP_12MP_29.11.2022_166975201716.png
cracks_92_jpg.jpg,failure,downloads/1/valid/cracks_92_jpg.rf.f551d7dd3eff6cb3dfded0e540dfa7dd.jpg
failure (114).jpg,failure,downloads/4/train/failure/failure (114).jpg
ELP_12MP_11.01.2023_167344097184.png,failure,downloads/7/images/all_images256/ELP_12MP_11.01.2023_167344097184.png
ELP_12MP_22.12.2022_167173622784.png,failure,downloads/7/images/all_images256/ELP_12MP_22.12.2022_167173622784.png
ELP_12MP_21.12.2022_167165762159.png,failure,downloads/7/images/all_images256/ELP_12MP_21.12.2022_167165762159.png
ELP_12MP_06.01.2023_167302092813.png,failure,downloads/7/images/all_images256/ELP_12MP_06.01.2023_167302092813.png
ELP_12MP_01.12.2022_166990974755.png,failure,downloads/7/images/all_images256/ELP_12MP_01.12.2022_166990974755.png
ELP_12MP_03.01.2023_167275919515.png,failure,downloads/7/images/all_images256/ELP_12MP_03.01.2023_167275919515.png
ELP_12MP_05.01.2023_167291997804.png,failure,downloads/7/images/all_images256/ELP_12MP_05.01.2023_167291997804.png
952db5a1f04aa00cb5b68fb7d5fcf8d6.jpg,failure,downloads/3/spaghetti/952db5a1f04aa00cb5b68fb7d5fcf8d6.jpg
ELP_12MP_02.01.2023_167267444039.png,failure,downloads/7/images/all_images256/ELP_12MP_02.01.2023_167267444039.png
ELP_12MP_17.02.2023_167664397513.png,failure,downloads/7/images/all_images256/ELP_12MP_17.02.2023_167664397513.png
ELP_12MP_22.12.2022_167171048396.png,failure,downloads/7/images/all_images256/ELP_12MP_22.12.2022_167171048396.png
ELP_12MP_02.12.2022_166999591422.png,failure,downloads/7/images/all_images256/ELP_12MP_02.12.2022_166999591422.png
ELP_12MP_02.12.2022_166999587240.png,failure,downloads/7/images/all_images256/ELP_12MP_02.12.2022_166999587240.png
failure (92).jpg,failure,downloads/4/train/failure/failure (92).jpg
ELP_12MP_02.12.2022_166999677679.png,failure,downloads/7/images/all_images256/ELP_12MP_02.12.2022_166999677679.png
ELP_12MP_05.01.2023_167291757963.png,failure,downloads/7/images/all_images256/ELP_12MP_05.01.2023_167291757963.png
ELP_12MP_22.12.2022_167172353538.png,failure,downloads/7/images/all_images256/ELP_12MP_22.12.2022_167172353538.png
ELP_12MP_01.12.2022_166990977248.png,failure,downloads/7/images/all_images256/ELP_12MP_01.12.2022_166990977248.png
ELP_12MP_05.01.2023_167292675076.png,failure,downloads/7/images/all_images256/ELP_12MP_05.01.2023_167292675076.png
ELP_12MP_05.01.2023_167291877066.png,failure,downloads/7/images/all_images256/ELP_12MP_05.01.2023_167291877066.png
ELP_12MP_21.12.2022_167164977927.png,failure,downloads/7/images/all_images256/ELP_12MP_21.12.2022_167164977927.png
ELP_12MP_05.01.2023_167292799974.png,failure,downloads/7/images/all_images256/ELP_12MP_05.01.2023_167292799974.png
ELP_12MP_11.01.2023_167344006448.png,failure,downloads/7/images/all_images256/ELP_12MP_11.01.2023_167344006448.png
ELP_12MP_02.12.2022_166999619836.png,failure,downloads/7/images/all_images256/ELP_12MP_02.12.2022_166999619836.png
ELP_12MP_03.01.2023_167277485282.png,failure,downloads/7/images/all_images256/ELP_12MP_03.01.2023_167277485282.png
ELP_12MP_14.02.2023_167641448843.png,failure,downloads/7/images/all_images256/ELP_12MP_14.02.2023_167641448843.png
ELP_12MP_05.01.2023_167292026846.png,failure,downloads/7/images/all_images256/ELP_12MP_05.01.2023_167292026846.png
ELP_12MP_14.02.2023_167639841103.png,failure,downloads/7/images/all_images256/ELP_12MP_14.02.2023_167639841103.png
ELP_12MP_22.12.2022_167171053775.png,failure,downloads/7/images/all_images256/ELP_12MP_22.12.2022_167171053775.png
ELP_12MP_05.01.2023_167292902630.png,failure,downloads/7/images/all_images256/ELP_12MP_05.01.2023_167292902630.png
44_jpg.jpg,failure,downloads/1/test/44_jpg.rf.a52f1f4be0c90d52431fe8cd97600037.jpg
ELP_12MP_14.02.2023_167639840553.png,failure,downloads/7/images/all_images256/ELP_12MP_14.02.2023_167639840553.png
ELP_12MP_05.01.2023_167291995034.png,failure,downloads/7/images/all_images256/ELP_12MP_05.01.2023_167291995034.png
ELP_12MP_03.01.2023_167276709698.png,failure,downloads/7/images/all_images256/ELP_12MP_03.01.2023_167276709698.png
ELP_12MP_10.01.2023_167339142791.png,failure,downloads/7/images/all_images256/ELP_12MP_10.01.2023_167339142791.png
54_jpg.jpg,failure,downloads/1/valid/54_jpg.rf.b04bdf435b00dcc71d66ba5f53393ad8.jpg
failure (143).jpg,failure,downloads/4/valid/failure/failure (143).jpg
ELP_12MP_11.01.2023_167344319507.png,failure,downloads/7/images/all_images256/ELP_12MP_11.01.2023_167344319507.png
26_jpg.jpg,failure,downloads/1/valid/26_jpg.rf.7fcf91ecf3f7f69771526c514edad441.jpg
imag-140-_jpg.rf.0d8635799f9c35d5f1ade8ddecd2128d.jpg,failure,downloads/5/train/imag-140-_jpg.rf.0d8635799f9c35d5f1ade8ddecd2128d.jpg
ELP_12MP_10.01.2023_167337867774.png,failure,downloads/7/images/all_images256/ELP_12MP_10.01.2023_167337867774.png
ELP_12MP_22.12.2022_167171028516.png,failure,downloads/7/images/all_images256/ELP_12MP_22.12.2022_167171028516.png
ELP_12MP_02.01.2023_167267457125.png,failure,downloads/7/images/all_images256/ELP_12MP_02.01.2023_167267457125.png
HFtC39I_png.rf.033b46255bf57d58142c6e21b4aa80a5.jpg,failure,downloads/5/train/HFtC39I_png.rf.033b46255bf57d58142c6e21b4aa80a5.jpg
ELP_12MP_04.01.2023_167284902950.png,failure,downloads/7/images/all_images256/ELP_12MP_04.01.2023_167284902950.png
ELP_12MP_03.01.2023_167276707070.png,failure,downloads/7/images/all_images256/ELP_12MP_03.01.2023_167276707070.png
ELP_12MP_02.01.2023_167267253124.png,failure,downloads/7/images/all_images256/ELP_12MP_02.01.2023_167267253124.png
ELP_12MP_06.12.2022_167033873558.png,failure,downloads/7/images/all_images256/ELP_12MP_06.12.2022_167033873558.png
ELP_12MP_22.12.2022_167171123480.png,failure,downloads/7/images/all_images256/ELP_12MP_22.12.2022_167171123480.png
ELP_12MP_10.01.2023_167338207000.png,failure,downloads/7/images/all_images256/ELP_12MP_10.01.2023_167338207000.png
ELP_12MP_05.01.2023_167292031282.png,failure,downloads/7/images/all_images256/ELP_12MP_05.01.2023_167292031282.png
ELP_12MP_22.12.2022_167171249193.png,failure,downloads/7/images/all_images256/ELP_12MP_22.12.2022_167171249193.png
ELP_12MP_03.01.2023_167275922420.png,failure,downloads/7/images/all_images256/ELP_12MP_03.01.2023_167275922420.png
ELP_12MP_02.01.2023_167267463243.png,failure,downloads/7/images/all_images256/ELP_12MP_02.01.2023_167267463243.png
ELP_12MP_06.01.2023_167300865132.png,failure,downloads/7/images/all_images256/ELP_12MP_06.01.2023_167300865132.png
failure (155).jpg,failure,downloads/4/test/failure/failure (155).jpg
ELP_12MP_11.01.2023_167344866307.png,failure,downloads/7/images/all_images256/ELP_12MP_11.01.2023_167344866307.png
ELP_12MP_29.11.2022_166975449131.png,failure,downloads/7/images/all_images256/ELP_12MP_29.11.2022_166975449131.png
ELP_12MP_06.12.2022_167033759541.png,failure,downloads/7/images/all_images256/ELP_12MP_06.12.2022_167033759541.png
ELP_12MP_05.01.2023_167292040862.png,failure,downloads/7/images/all_images256/ELP_12MP_05.01.2023_167292040862.png
ELP_12MP_02.01.2023_167267441551.png,failure,downloads/7/images/all_images256/ELP_12MP_02.01.2023_167267441551.png
ELP_12MP_22.12.2022_167171037152.png,failure,downloads/7/images/all_images256/ELP_12MP_22.12.2022_167171037152.png
ELP_12MP_14.02.2023_167641303210.png,failure,downloads/7/images/all_images256/ELP_12MP_14.02.2023_167641303210.png
ELP_12MP_23.02.2023_167718904154.png,failure,downloads/7/images/all_images256/ELP_12MP_23.02.2023_167718904154.png
ELP_12MP_02.12.2022_166999730888.png,failure,downloads/7/images/all_images256/ELP_12MP_02.12.2022_166999730888.png
ELP_12MP_06.01.2023_167300881707.png,failure,downloads/7/images/all_images256/ELP_12MP_06.01.2023_167300881707.png
ELP_12MP_02.12.2022_166999812942.png,failure,downloads/7/images/all_images256/ELP_12MP_02.12.2022_166999812942.png
ELP_12MP_10.01.2023_167337598671.png,failure,downloads/7/images/all_images256/ELP_12MP_10.01.2023_167337598671.png
ELP_12MP_06.12.2022_167033878196.png,failure,downloads/7/images/all_images256/ELP_12MP_06.12.2022_167033878196.png
ELP_12MP_03.01.2023_167275895103.png,failure,downloads/7/images/all_images256/ELP_12MP_03.01.2023_167275895103.png
ELP_12MP_03.01.2023_167276068411.png,failure,downloads/7/images/all_images256/ELP_12MP_03.01.2023_167276068411.png
ELP_12MP_05.01.2023_167292044379.png,failure,downloads/7/images/all_images256/ELP_12MP_05.01.2023_167292044379.png
ELP_12MP_04.01.2023_167285024797.png,failure,downloads/7/images/all_images256/ELP_12MP_04.01.2023_167285024797.png
ELP_12MP_02.12.2022_166999847758.png,failure,downloads/7/images/all_images256/ELP_12MP_02.12.2022_166999847758.png
ELP_12MP_22.12.2022_167170768295.png,failure,downloads/7/images/all_images256/ELP_12MP_22.12.2022_167170768295.png
ELP_12MP_03.01.2023_167276067736.png,failure,downloads/7/images/all_images256/ELP_12MP_03.01.2023_167276067736.png
ELP_12MP_04.01.2023_167284894271.png,failure,downloads/7/images/all_images256/ELP_12MP_04.01.2023_167284894271.png
ELP_12MP_16.02.2023_167657001144.png,failure,downloads/7/images/all_images256/ELP_12MP_16.02.2023_167657001144.png
ELP_12MP_05.01.2023_167291781060.png,failure,downloads/7/images/all_images256/ELP_12MP_05.01.2023_167291781060.png
ELP_12MP_11.01.2023_167344900294.png,failure,downloads/7/images/all_images256/ELP_12MP_11.01.2023_167344900294.png
ELP_12MP_03.01.2023_167276066366.png,failure,downloads/7/images/all_images256/ELP_12MP_03.01.2023_167276066366.png
ELP_12MP_10.01.2023_167338084831.png,failure,downloads/7/images/all_images256/ELP_12MP_10.01.2023_167338084831.png
failure (102).jpg,failure,downloads/4/train/failure/failure (102).jpg
ELP_12MP_11.01.2023_167343498839.png,failure,downloads/7/images/all_images256/ELP_12MP_11.01.2023_167343498839.png
ELP_12MP_05.01.2023_167291913641.png,failure,downloads/7/images/all_images256/ELP_12MP_05.01.2023_167291913641.png
ELP_12MP_05.01.2023_167291755543.png,failure,downloads/7/images/all_images256/ELP_12MP_05.01.2023_167291755543.png
ELP_12MP_05.01.2023_167291904305.png,failure,downloads/7/images/all_images256/ELP_12MP_05.01.2023_167291904305.png
131_jpg.jpg,failure,downloads/1/valid/131_jpg.rf.c1d091d0dbdcd7df0cbdbe36b348d44c.jpg
ELP_12MP_03.01.2023_167276067732.png,failure,downloads/7/images/all_images256/ELP_12MP_03.01.2023_167276067732.png
121_jpg.jpg,failure,downloads/1/test/121_jpg.rf.fd980148ada5ca0c9ce35044a3e9fe81.jpg
ELP_12MP_01.12.2022_166990988887.png,failure,downloads/7/images/all_images256/ELP_12MP_01.12.2022_166990988887.png
ELP_12MP_10.01.2023_167337895041.png,failure,downloads/7/images/all_images256/ELP_12MP_10.01.2023_167337895041.png
ELP_12MP_22.12.2022_167172665872.png,failure,downloads/7/images/all_images256/ELP_12MP_22.12.2022_167172665872.png
ELP_12MP_03.01.2023_167275895852.png,failure,downloads/7/images/all_images256/ELP_12MP_03.01.2023_167275895852.png
ELP_12MP_10.01.2023_167338031718.png,failure,downloads/7/images/all_images256/ELP_12MP_10.01.2023_167338031718.png
c59ecaa0025e3a267bb0c5b8e4688ffe_tankwarping_dobby_png.rf.eb7b7ea7cf3889b38769fe3c9f755bc2.jpg,failure,downloads/5/test/c59ecaa0025e3a267bb0c5b8e4688ffe_tankwarping_dobby_png.rf.eb7b7ea7cf3889b38769fe3c9f755bc2.jpg
ELP_12MP_01.12.2022_166991216942.png,failure,downloads/7/images/all_images256/ELP_12MP_01.12.2022_166991216942.png
ELP_12MP_03.01.2023_167276067068.png,failure,downloads/7/images/all_images256/ELP_12MP_03.01.2023_167276067068.png
ELP_12MP_17.02.2023_167663774027.png,failure,downloads/7/images/all_images256/ELP_12MP_17.02.2023_167663774027.png
failure (103).jpg,failure,downloads/4/train/failure/failure (103).jpg
ELP_12MP_16.02.2023_167658187588.png,failure,downloads/7/images/all_images256/ELP_12MP_16.02.2023_167658187588.png
ELP_12MP_15.02.2023_167647012705.png,failure,downloads/7/images/all_images256/ELP_12MP_15.02.2023_167647012705.png
ELP_12MP_03.01.2023_167277511020.png,failure,downloads/7/images/all_images256/ELP_12MP_03.01.2023_167277511020.png
ELP_12MP_01.12.2022_166991244786.png,failure,downloads/7/images/all_images256/ELP_12MP_01.12.2022_166991244786.png
ELP_12MP_05.01.2023_167291781064.png,failure,downloads/7/images/all_images256/ELP_12MP_05.01.2023_167291781064.png
ELP_12MP_21.12.2022_167164995346.png,failure,downloads/7/images/all_images256/ELP_12MP_21.12.2022_167164995346.png
ELP_12MP_23.02.2023_167717149901.png,failure,downloads/7/images/all_images256/ELP_12MP_23.02.2023_167717149901.png
ELP_12MP_10.01.2023_167338090667.png,failure,downloads/7/images/all_images256/ELP_12MP_10.01.2023_167338090667.png
ELP_12MP_03.01.2023_167276071839.png,failure,downloads/7/images/all_images256/ELP_12MP_03.01.2023_167276071839.png
ELP_12MP_20.12.2022_167154408490.png,failure,downloads/7/images/all_images256/ELP_12MP_20.12.2022_167154408490.png
ELP_12MP_05.01.2023_167292030359.png,failure,downloads/7/images/all_images256/ELP_12MP_05.01.2023_167292030359.png
ELP_12MP_29.11.2022_166974716549.png,failure,downloads/7/images/all_images256/ELP_12MP_29.11.2022_166974716549.png
ELP_12MP_05.01.2023_167292040866.png,failure,downloads/7/images/all_images256/ELP_12MP_05.01.2023_167292040866.png
ELP_12MP_03.01.2023_167275892898.png,failure,downloads/7/images/all_images256/ELP_12MP_03.01.2023_167275892898.png
failsupport-300x300_jpg.jpg,failure,downloads/1/train/failsupport-300x300_jpg.rf.8454a6c96bedc7b309118458414ce7a9.jpg
ELP_12MP_03.01.2023_167275906009.png,failure,downloads/7/images/all_images256/ELP_12MP_03.01.2023_167275906009.png
ELP_12MP_03.01.2023_167275895107.png,failure,downloads/7/images/all_images256/ELP_12MP_03.01.2023_167275895107.png
ELP_12MP_13.12.2022_167097104519.png,failure,downloads/7/images/all_images256/ELP_12MP_13.12.2022_167097104519.png
ELP_12MP_04.01.2023_167284648908.png,failure,downloads/7/images/all_images256/ELP_12MP_04.01.2023_167284648908.png
ELP_12MP_02.12.2022_166999636219.png,failure,downloads/7/images/all_images256/ELP_12MP_02.12.2022_166999636219.png
ELP_12MP_16.02.2023_167658450796.png,failure,downloads/7/images/all_images256/ELP_12MP_16.02.2023_167658450796.png
ELP_12MP_02.12.2022_166999578870.png,failure,downloads/7/images/all_images256/ELP_12MP_02.12.2022_166999578870.png
ELP_12MP_03.01.2023_167277502921.png,failure,downloads/7/images/all_images256/ELP_12MP_03.01.2023_167277502921.png
ELP_12MP_23.02.2023_167718642508.png,failure,downloads/7/images/all_images256/ELP_12MP_23.02.2023_167718642508.png
ELP_12MP_02.12.2022_166999812946.png,failure,downloads/7/images/all_images256/ELP_12MP_02.12.2022_166999812946.png
ELP_12MP_02.01.2023_167267463247.png,failure,downloads/7/images/all_images256/ELP_12MP_02.01.2023_167267463247.png
ELP_12MP_13.12.2022_167094828120.png,failure,downloads/7/images/all_images256/ELP_12MP_13.12.2022_167094828120.png
ELP_12MP_23.02.2023_167718296021.png,failure,downloads/7/images/all_images256/ELP_12MP_23.02.2023_167718296021.png
ELP_12MP_03.01.2023_167276047838.png,failure,downloads/7/images/all_images256/ELP_12MP_03.01.2023_167276047838.png
ELP_12MP_02.01.2023_167267454399.png,failure,downloads/7/images/all_images256/ELP_12MP_02.01.2023_167267454399.png
ELP_12MP_03.01.2023_167277481619.png,failure,downloads/7/images/all_images256/ELP_12MP_03.01.2023_167277481619.png
ELP_12MP_11.01.2023_167343439201.png,failure,downloads/7/images/all_images256/ELP_12MP_11.01.2023_167343439201.png
ELP_12MP_22.12.2022_167171123484.png,failure,downloads/7/images/all_images256/ELP_12MP_22.12.2022_167171123484.png
ELP_12MP_16.02.2023_167658464816.png,failure,downloads/7/images/all_images256/ELP_12MP_16.02.2023_167658464816.png
ELP_12MP_22.12.2022_167171116417.png,failure,downloads/7/images/all_images256/ELP_12MP_22.12.2022_167171116417.png
failure (154).jpg,failure,downloads/4/test/failure/failure (154).jpg
ELP_12MP_14.02.2023_167641292082.png,failure,downloads/7/images/all_images256/ELP_12MP_14.02.2023_167641292082.png
ELP_12MP_05.01.2023_167292793332.png,failure,downloads/7/images/all_images256/ELP_12MP_05.01.2023_167292793332.png
81_jpg.rf.14490ce1fb1f1792c7ee95a00077e608.jpg,failure,downloads/5/train/81_jpg.rf.14490ce1fb1f1792c7ee95a00077e608.jpg
ELP_12MP_05.01.2023_167291743655.png,failure,downloads/7/images/all_images256/ELP_12MP_05.01.2023_167291743655.png
ELP_12MP_22.12.2022_167171042913.png,failure,downloads/7/images/all_images256/ELP_12MP_22.12.2022_167171042913.png
failure (85).jpg,failure,downloads/4/train/failure/failure (85).jpg
ELP_12MP_14.02.2023_167641443669.png,failure,downloads/7/images/all_images256/ELP_12MP_14.02.2023_167641443669.png
ELP_12MP_14.02.2023_167640479810.png,failure,downloads/7/images/all_images256/ELP_12MP_14.02.2023_167640479810.png
ELP_12MP_16.02.2023_167657094826.png,failure,downloads/7/images/all_images256/ELP_12MP_16.02.2023_167657094826.png
ELP_12MP_10.01.2023_167338200970.png,failure,downloads/7/images/all_images256/ELP_12MP_10.01.2023_167338200970.png
ELP_12MP_29.12.2022_167232636521.png,failure,downloads/7/images/all_images256/ELP_12MP_29.12.2022_167232636521.png
ELP_12MP_02.01.2023_167267253120.png,failure,downloads/7/images/all_images256/ELP_12MP_02.01.2023_167267253120.png
ELP_12MP_08.01.2023_167318645279.png,failure,downloads/7/images/all_images256/ELP_12MP_08.01.2023_167318645279.png
Capture-d-ecran--624-_jpg.rf.b3f2df36a0b59525d0f8df00c6e63198.jpg,failure,downloads/2/test/Capture-d-ecran--624-_jpg.rf.b3f2df36a0b59525d0f8df00c6e63198.jpg
ELP_12MP_04.01.2023_167284692962.png,failure,downloads/7/images/all_images256/ELP_12MP_04.01.2023_167284692962.png
ELP_12MP_04.01.2023_167284902954.png,failure,downloads/7/images/all_images256/ELP_12MP_04.01.2023_167284902954.png
ELP_12MP_05.01.2023_167292680560.png,failure,downloads/7/images/all_images256/ELP_12MP_05.01.2023_167292680560.png
ELP_12MP_05.01.2023_167291789766.png,failure,downloads/7/images/all_images256/ELP_12MP_05.01.2023_167291789766.png
ELP_12MP_05.01.2023_167292026842.png,failure,downloads/7/images/all_images256/ELP_12MP_05.01.2023_167292026842.png
ig-kevincaron-petg_fail-300x300_jpg.jpg,failure,downloads/1/train/ig-kevincaron-petg_fail-300x300_jpg.rf.5677d466811bee657230c3937535eef4.jpg
ELP_12MP_05.01.2023_167292684712.png,failure,downloads/7/images/all_images256/ELP_12MP_05.01.2023_167292684712.png
ELP_12MP_10.01.2023_167339010951.png,failure,downloads/7/images/all_images256/ELP_12MP_10.01.2023_167339010951.png
ELP_12MP_05.01.2023_167292676584.png,failure,downloads/7/images/all_images256/ELP_12MP_05.01.2023_167292676584.png
20190620nest_jpg.rf.1414cf95192d48d6d6b9f6542c9aa24d.jpg,failure,downloads/2/train/20190620nest_jpg.rf.1414cf95192d48d6d6b9f6542c9aa24d.jpg
ELP_12MP_01.12.2022_166991220638.png,failure,downloads/7/images/all_images256/ELP_12MP_01.12.2022_166991220638.png
ELP_12MP_05.01.2023_167291778953.png,failure,downloads/7/images/all_images256/ELP_12MP_05.01.2023_167291778953.png
ELP_12MP_23.02.2023_167718606955.png,failure,downloads/7/images/all_images256/ELP_12MP_23.02.2023_167718606955.png
ELP_12MP_14.02.2023_167639965099.png,failure,downloads/7/images/all_images256/ELP_12MP_14.02.2023_167639965099.png
cracks_67_jpg.jpg,failure,downloads/1/train/cracks_67_jpg.rf.0ad245069fb8d9cfd0ce9ff4d419ada9.jpg
images-8-_jpg.jpg,failure,downloads/1/test/images-8-_jpg.rf.be1a9a83156f9b2b9bbc065019260f33.jpg
ELP_12MP_02.12.2022_166999792168.png,failure,downloads/7/images/all_images256/ELP_12MP_02.12.2022_166999792168.png
failure (142).jpg,failure,downloads/4/valid/failure/failure (142).jpg
ELP_12MP_17.02.2023_167663961379.png,failure,downloads/7/images/all_images256/ELP_12MP_17.02.2023_167663961379.png
images-9-_jpg.jpg,failure,downloads/1/train/images-9-_jpg.rf.65ab7d58f77752afed12c4ea1dba71c7.jpg
ELP_12MP_22.12.2022_167171391339.png,failure,downloads/7/images/all_images256/ELP_12MP_22.12.2022_167171391339.png
ELP_12MP_23.02.2023_167717198786.png,failure,downloads/7/images/all_images256/ELP_12MP_23.02.2023_167717198786.png
ELP_12MP_03.01.2023_167277515865.png,failure,downloads/7/images/all_images256/ELP_12MP_03.01.2023_167277515865.png
ELP_12MP_14.02.2023_167640864364.png,failure,downloads/7/images/all_images256/ELP_12MP_14.02.2023_167640864364.png
ELP_12MP_02.12.2022_166999587244.png,failure,downloads/7/images/all_images256/ELP_12MP_02.12.2022_166999587244.png
ELP_12MP_02.12.2022_166999591426.png,failure,downloads/7/images/all_images256/ELP_12MP_02.12.2022_166999591426.png
ELP_12MP_05.01.2023_167292015293.png,failure,downloads/7/images/all_images256/ELP_12MP_05.01.2023_167292015293.png
Robosrpout-1_jpg.jpg,failure,downloads/1/test/Robosrpout-1_jpg.rf.c579464b4b70927dd067e727e4acfa5a.jpg
ELP_12MP_05.01.2023_167291997800.png,failure,downloads/7/images/all_images256/ELP_12MP_05.01.2023_167291997800.png
failure (93).jpg,failure,downloads/4/train/failure/failure (93).jpg
ELP_12MP_05.01.2023_167291759786.png,failure,downloads/7/images/all_images256/ELP_12MP_05.01.2023_167291759786.png
ELP_12MP_14.02.2023_167640863379.png,failure,downloads/7/images/all_images256/ELP_12MP_14.02.2023_167640863379.png
ELP_12MP_01.12.2022_166990974751.png,failure,downloads/7/images/all_images256/ELP_12MP_01.12.2022_166990974751.png
ELP_12MP_22.12.2022_167173593118.png,failure,downloads/7/images/all_images256/ELP_12MP_22.12.2022_167173593118.png
ELP_12MP_05.01.2023_167291762738.png,failure,downloads/7/images/all_images256/ELP_12MP_05.01.2023_167291762738.png
ELP_12MP_14.02.2023_167641445350.png,failure,downloads/7/images/all_images256/ELP_12MP_14.02.2023_167641445350.png
18_jpg.jpg,failure,downloads/1/test/18_jpg.rf.cf42a35c129a21c2b1d18151c1012481.jpg
ELP_12MP_05.01.2023_167291877062.png,failure,downloads/7/images/all_images256/ELP_12MP_05.01.2023_167291877062.png
ELP_12MP_02.12.2022_166999743282.png,failure,downloads/7/images/all_images256/ELP_12MP_02.12.2022_166999743282.png
ELP_12MP_14.02.2023_167640976984.png,failure,downloads/7/images/all_images256/ELP_12MP_14.02.2023_167640976984.png
ELP_12MP_05.01.2023_167291759235.png,failure,downloads/7/images/all_images256/ELP_12MP_05.01.2023_167291759235.png
ELP_12MP_22.12.2022_167172315970.png,failure,downloads/7/images/all_images256/ELP_12MP_22.12.2022_167172315970.png
ELP_12MP_04.01.2023_167284929694.png,failure,downloads/7/images/all_images256/ELP_12MP_04.01.2023_167284929694.png
ELP_12MP_14.02.2023_167639706319.png,failure,downloads/7/images/all_images256/ELP_12MP_14.02.2023_167639706319.png
ELP_12MP_22.12.2022_167172852225.png,failure,downloads/7/images/all_images256/ELP_12MP_22.12.2022_167172852225.png
ELP_12MP_04.01.2023_167284654500.png,failure,downloads/7/images/all_images256/ELP_12MP_04.01.2023_167284654500.png
ELP_12MP_16.02.2023_167658225797.png,failure,downloads/7/images/all_images256/ELP_12MP_16.02.2023_167658225797.png
ELP_12MP_04.01.2023_167284945000.png,failure,downloads/7/images/all_images256/ELP_12MP_04.01.2023_167284945000.png
failure (115).jpg,failure,downloads/4/valid/failure/failure (115).jpg
ELP_12MP_06.01.2023_167300886871.png,failure,downloads/7/images/all_images256/ELP_12MP_06.01.2023_167300886871.png
ELP_12MP_16.02.2023_167656958358.png,failure,downloads/7/images/all_images256/ELP_12MP_16.02.2023_167656958358.png
Capture-d-ecran--642-_jpg.rf.067bcba0ba6aa8905d64dd9324b18fe3.jpg,failure,downloads/2/train/Capture-d-ecran--642-_jpg.rf.067bcba0ba6aa8905d64dd9324b18fe3.jpg
ELP_12MP_17.02.2023_167664765760.png,failure,downloads/7/images/all_images256/ELP_12MP_17.02.2023_167664765760.png
ELP_12MP_03.01.2023_167275890645.png,failure,downloads/7/images/all_images256/ELP_12MP_03.01.2023_167275890645.png
ELP_12MP_22.12.2022_167172844484.png,failure,downloads/7/images/all_images256/ELP_12MP_22.12.2022_167172844484.png
ELP_12MP_03.01.2023_167275920192.png,failure,downloads/7/images/all_images256/ELP_12MP_03.01.2023_167275920192.png
ELP_12MP_02.01.2023_167267447736.png,failure,downloads/7/images/all_images256/ELP_12MP_02.01.2023_167267447736.png
ELP_12MP_11.01.2023_167344896345.png,failure,downloads/7/images/all_images256/ELP_12MP_11.01.2023_167344896345.png
ELP_12MP_14.02.2023_167640978567.png,failure,downloads/7/images/all_images256/ELP_12MP_14.02.2023_167640978567.png
ELP_12MP_02.01.2023_167267461901.png,failure,downloads/7/images/all_images256/ELP_12MP_02.01.2023_167267461901.png
143_jpg.jpg,failure,downloads/1/valid/143_jpg.rf.9d1bffc878727b1f623482377abd6e2e.jpg
Capture-d-ecran--502-_jpg.rf.212eb4a538fbb0241fd22c63bf16d80e.jpg,failure,downloads/2/train/Capture-d-ecran--502-_jpg.rf.212eb4a538fbb0241fd22c63bf16d80e.jpg
ELP_12MP_01.12.2022_166990981928.png,failure,downloads/7/images/all_images256/ELP_12MP_01.12.2022_166990981928.png
failed-print-3D-printing_jpg.jpg,failure,downloads/1/train/failed-print-3D-printing_jpg.rf.6364de9847a32b50cd444d25ebdfd127.jpg
ELP_12MP_02.01.2023_167267449040.png,failure,downloads/7/images/all_images256/ELP_12MP_02.01.2023_167267449040.png
ELP_12MP_22.12.2022_167173341984.png,failure,downloads/7/images/all_images256/ELP_12MP_22.12.2022_167173341984.png
vwgqkzx1yuk11_jpg.rf.2ed2fb5800bde5546249467b73f9e302.jpg,failure,downloads/2/valid/vwgqkzx1yuk11_jpg.rf.2ed2fb5800bde5546249467b73f9e302.jpg
ELP_12MP_01.12.2022_166991239181.png,failure,downloads/7/images/all_images256/ELP_12MP_01.12.2022_166991239181.png
ELP_12MP_21.12.2022_167164987145.png,failure,downloads/7/images/all_images256/ELP_12MP_21.12.2022_167164987145.png
ELP_12MP_01.12.2022_166991241774.png,failure,downloads/7/images/all_images256/ELP_12MP_01.12.2022_166991241774.png
ELP_12MP_22.12.2022_167172670311.png,failure,downloads/7/images/all_images256/ELP_12MP_22.12.2022_167172670311.png
failed-print-head4er-900x506.jpg,failure,downloads/3/spaghetti/failed-print-head4er-900x506.jpg
ELP_12MP_16.02.2023_167658636284.png,failure,downloads/7/images/all_images256/ELP_12MP_16.02.2023_167658636284.png
ELP_12MP_03.01.2023_167275890650.png,failure,downloads/7/images/all_images256/ELP_12MP_03.01.2023_167275890650.png
ELP_12MP_11.01.2023_167344303994.png,failure,downloads/7/images/all_images256/ELP_12MP_11.01.2023_167344303994.png
55_jpg.jpg,failure,downloads/1/valid/55_jpg.rf.1c451b6ada91f74f2a261fb8b4b95c95.jpg
maxresdefault_jpg.rf.0c5d526589e0906bb049c6a0b0c13dfa.jpg,failure,downloads/5/train/maxresdefault_jpg.rf.0c5d526589e0906bb049c6a0b0c13dfa.jpg
failure (50).jpg,failure,downloads/4/train/failure/failure (50).jpg
ELP_12MP_10.01.2023_167338845976.png,failure,downloads/7/images/all_images256/ELP_12MP_10.01.2023_167338845976.png
ELP_12MP_01.12.2022_166991224113.png,failure,downloads/7/images/all_images256/ELP_12MP_01.12.2022_166991224113.png
ELP_12MP_05.01.2023_167291799992.png,failure,downloads/7/images/all_images256/ELP_12MP_05.01.2023_167291799992.png
ELP_12MP_22.12.2022_167170879196.png,failure,downloads/7/images/all_images256/ELP_12MP_22.12.2022_167170879196.png
ELP_12MP_17.02.2023_167664762797.png,failure,downloads/7/images/all_images256/ELP_12MP_17.02.2023_167664762797.png
45_jpg.jpg,failure,downloads/1/test/45_jpg.rf.ebd4692aa204bde08524ad16a14d067b.jpg
ELP_12MP_04.01.2023_167284642405.png,failure,downloads/7/images/all_images256/ELP_12MP_04.01.2023_167284642405.png
ELP_12MP_15.02.2023_167647377078.png,failure,downloads/7/images/all_images256/ELP_12MP_15.02.2023_167647377078.png
ELP_12MP_21.12.2022_167165025070.png,failure,downloads/7/images/all_images256/ELP_12MP_21.12.2022_167165025070.png
ELP_12MP_03.01.2023_167276069118.png,failure,downloads/7/images/all_images256/ELP_12MP_03.01.2023_167276069118.png
ELP_12MP_29.11.2022_166975036891.png,failure,downloads/7/images/all_images256/ELP_12MP_29.11.2022_166975036891.png
ELP_12MP_05.01.2023_167291802167.png,failure,downloads/7/images/all_images256/ELP_12MP_05.01.2023_167291802167.png
ELP_12MP_08.01.2023_167319264787.png,failure,downloads/7/images/all_images256/ELP_12MP_08.01.2023_167319264787.png
ELP_12MP_04.01.2023_167284950356.png,failure,downloads/7/images/all_images256/ELP_12MP_04.01.2023_167284950356.png
ELP_12MP_21.12.2022_167165019945.png,failure,downloads/7/images/all_images256/ELP_12MP_21.12.2022_167165019945.png
ELP_12MP_10.01.2023_167339021743.png,failure,downloads/7/images/all_images256/ELP_12MP_10.01.2023_167339021743.png
ELP_12MP_22.12.2022_167171132365.png,failure,downloads/7/images/all_images256/ELP_12MP_22.12.2022_167171132365.png
ELP_12MP_14.02.2023_167640450313.png,failure,downloads/7/images/all_images256/ELP_12MP_14.02.2023_167640450313.png
ELP_12MP_02.12.2022_166999722669.png,failure,downloads/7/images/all_images256/ELP_12MP_02.12.2022_166999722669.png
ELP_12MP_22.12.2022_167173624131.png,failure,downloads/7/images/all_images256/ELP_12MP_22.12.2022_167173624131.png
failure (139).jpg,failure,downloads/4/valid/failure/failure (139).jpg
ELP_12MP_01.12.2022_166991240126.png,failure,downloads/7/images/all_images256/ELP_12MP_01.12.2022_166991240126.png
ELP_12MP_20.12.2022_167154400393.png,failure,downloads/7/images/all_images256/ELP_12MP_20.12.2022_167154400393.png
ELP_12MP_10.01.2023_167338370306.png,failure,downloads/7/images/all_images256/ELP_12MP_10.01.2023_167338370306.png
ELP_12MP_14.02.2023_167639971990.png,failure,downloads/7/images/all_images256/ELP_12MP_14.02.2023_167639971990.png
ELP_12MP_06.12.2022_167033886675.png,failure,downloads/7/images/all_images256/ELP_12MP_06.12.2022_167033886675.png
fail3_jpg.jpg,failure,downloads/1/test/fail3_jpg.rf.b9418d14df18cf40194bd60c4f3c9aaa.jpg
ELP_12MP_10.01.2023_167338981277.png,failure,downloads/7/images/all_images256/ELP_12MP_10.01.2023_167338981277.png
ELP_12MP_05.01.2023_167293217072.png,failure,downloads/7/images/all_images256/ELP_12MP_05.01.2023_167293217072.png
ELP_12MP_04.01.2023_167284891913.png,failure,downloads/7/images/all_images256/ELP_12MP_04.01.2023_167284891913.png
ELP_12MP_02.01.2023_167267246302.png,failure,downloads/7/images/all_images256/ELP_12MP_02.01.2023_167267246302.png
ELP_12MP_14.02.2023_167639807190.png,failure,downloads/7/images/all_images256/ELP_12MP_14.02.2023_167639807190.png
ELP_12MP_02.01.2023_167267244273.png,failure,downloads/7/images/all_images256/ELP_12MP_02.01.2023_167267244273.png
ELP_12MP_04.01.2023_167284656128.png,failure,downloads/7/images/all_images256/ELP_12MP_04.01.2023_167284656128.png
Beautiful_Failures_-41_jpg.jpg,failure,downloads/1/train/Beautiful_Failures_-41_jpg.rf.2ab9f8782c0db997b1cbeeeb3c1e5696.jpg
Examples-of-complete-3D-printing-failures.png,failure,downloads/3/spaghetti/Examples-of-complete-3D-printing-failures.png
ELP_12MP_17.02.2023_167664754033.png,failure,downloads/7/images/all_images256/ELP_12MP_17.02.2023_167664754033.png
ELP_12MP_01.12.2022_166991166824.png,failure,downloads/7/images/all_images256/ELP_12MP_01.12.2022_166991166824.png
ELP_12MP_23.02.2023_167717197305.png,failure,downloads/7/images/all_images256/ELP_12MP_23.02.2023_167717197305.png
ELP_12MP_16.02.2023_167658662400.png,failure,downloads/7/images/all_images256/ELP_12MP_16.02.2023_167658662400.png
ELP_12MP_03.01.2023_167275909918.png,failure,downloads/7/images/all_images256/ELP_12MP_03.01.2023_167275909918.png
ELP_12MP_04.01.2023_167285020696.png,failure,downloads/7/images/all_images256/ELP_12MP_04.01.2023_167285020696.png
ELP_12MP_03.01.2023_167276720555.png,failure,downloads/7/images/all_images256/ELP_12MP_03.01.2023_167276720555.png
ELP_12MP_06.12.2022_167033878568.png,failure,downloads/7/images/all_images256/ELP_12MP_06.12.2022_167033878568.png
ELP_12MP_05.01.2023_167294408379.png,failure,downloads/7/images/all_images256/ELP_12MP_05.01.2023_167294408379.png
ELP_12MP_03.01.2023_167277485278.png,failure,downloads/7/images/all_images256/ELP_12MP_03.01.2023_167277485278.png
ELP_12MP_03.01.2023_167275916192.png,failure,downloads/7/images/all_images256/ELP_12MP_03.01.2023_167275916192.png
BQJc2OvV2AHOsWtLlewVIBSCohsgjZK2aK1Gf5ek_sQ.jpg,failure,downloads/3/spaghetti/BQJc2OvV2AHOsWtLlewVIBSCohsgjZK2aK1Gf5ek_sQ.jpg
ELP_12MP_17.02.2023_167664748354.png,failure,downloads/7/images/all_images256/ELP_12MP_17.02.2023_167664748354.png
ELP_12MP_03.01.2023_167277508969.png,failure,downloads/7/images/all_images256/ELP_12MP_03.01.2023_167277508969.png
ELP_12MP_17.02.2023_167663795019.png,failure,downloads/7/images/all_images256/ELP_12MP_17.02.2023_167663795019.png
ELP_12MP_05.01.2023_167292031278.png,failure,downloads/7/images/all_images256/ELP_12MP_05.01.2023_167292031278.png
ELP_12MP_20.12.2022_167154416491.png,failure,downloads/7/images/all_images256/ELP_12MP_20.12.2022_167154416491.png
ELP_12MP_21.12.2022_167165795661.png,failure,downloads/7/images/all_images256/ELP_12MP_21.12.2022_167165795661.png
ELP_12MP_03.01.2023_167275887066.png,failure,downloads/7/images/all_images256/ELP_12MP_03.01.2023_167275887066.png
ELP_12MP_06.12.2022_167033856078.png,failure,downloads/7/images/all_images256/ELP_12MP_06.12.2022_167033856078.png
ELP_12MP_16.02.2023_167658456696.png,failure,downloads/7/images/all_images256/ELP_12MP_16.02.2023_167658456696.png
ELP_12MP_02.12.2022_166999759393.png,failure,downloads/7/images/all_images256/ELP_12MP_02.12.2022_166999759393.png
ELP_12MP_02.01.2023_167267457120.png,failure,downloads/7/images/all_images256/ELP_12MP_02.01.2023_167267457120.png
100_jpg.rf.013d0bb7f072be16edc8f538ee802421.jpg,failure,downloads/5/train/100_jpg.rf.013d0bb7f072be16edc8f538ee802421.jpg
ELP_12MP_03.01.2023_167276709702.png,failure,downloads/7/images/all_images256/ELP_12MP_03.01.2023_167276709702.png
ELP_12MP_29.11.2022_166975210583.png,failure,downloads/7/images/all_images256/ELP_12MP_29.11.2022_166975210583.png
ELP_12MP_29.11.2022_166975707591.png,failure,downloads/7/images/all_images256/ELP_12MP_29.11.2022_166975707591.png
ELP_12MP_02.01.2023_167267472363.png,failure,downloads/7/images/all_images256/ELP_12MP_02.01.2023_167267472363.png
ELP_12MP_05.01.2023_167291901730.png,failure,downloads/7/images/all_images256/ELP_12MP_05.01.2023_167291901730.png
ELP_12MP_14.02.2023_167639719172.png,failure,downloads/7/images/all_images256/ELP_12MP_14.02.2023_167639719172.png
failure (11).jpg,failure,downloads/4/train/failure/failure (11).jpg
8267846360_9a97ae0e3a_k.jpg,failure,downloads/3/spaghetti/8267846360_9a97ae0e3a_k.jpg
ELP_12MP_17.02.2023_167664750453.png,failure,downloads/7/images/all_images256/ELP_12MP_17.02.2023_167664750453.png
ELP_12MP_16.02.2023_167658633075.png,failure,downloads/7/images/all_images256/ELP_12MP_16.02.2023_167658633075.png
ELP_12MP_22.12.2022_167171051761.png,failure,downloads/7/images/all_images256/ELP_12MP_22.12.2022_167171051761.png
ELP_12MP_22.12.2022_167171053176.png,failure,downloads/7/images/all_images256/ELP_12MP_22.12.2022_167171053176.png
Capture-d-ecran--606-_jpg.rf.30fd5129d01affcc7d97c4bf2f27d317.jpg,failure,downloads/2/train/Capture-d-ecran--606-_jpg.rf.30fd5129d01affcc7d97c4bf2f27d317.jpg
ELP_12MP_03.01.2023_167277483769.png,failure,downloads/7/images/all_images256/ELP_12MP_03.01.2023_167277483769.png
ELP_12MP_22.12.2022_167171381088.png,failure,downloads/7/images/all_images256/ELP_12MP_22.12.2022_167171381088.png
Percher_3DPrintFail_jpg.jpg,failure,downloads/1/train/Percher_3DPrintFail_jpg.rf.a341590019ae60e12e13962a4997c193.jpg
ELP_12MP_15.02.2023_167646967380.png,failure,downloads/7/images/all_images256/ELP_12MP_15.02.2023_167646967380.png
ELP_12MP_03.01.2023_167275922425.png,failure,downloads/7/images/all_images256/ELP_12MP_03.01.2023_167275922425.png
ELP_12MP_03.01.2023_167276046299.png,failure,downloads/7/images/all_images256/ELP_12MP_03.01.2023_167276046299.png
ELP_12MP_22.12.2022_167172298506.png,failure,downloads/7/images/all_images256/ELP_12MP_22.12.2022_167172298506.png
ELP_12MP_11.01.2023_167344135497.png,failure,downloads/7/images/all_images256/ELP_12MP_11.01.2023_167344135497.png
ELP_12MP_02.12.2022_166999578865.png,failure,downloads/7/images/all_images256/ELP_12MP_02.12.2022_166999578865.png
ELP_12MP_20.12.2022_167154418872.png,failure,downloads/7/images/all_images256/ELP_12MP_20.12.2022_167154418872.png
3d-printing-mistakes-problems_jpg.jpg,failure,downloads/1/test/3d-printing-mistakes-problems_jpg.rf.ff77f2864a414f205cd401971411b1de.jpg
ELP_12MP_22.12.2022_167173578580.png,failure,downloads/7/images/all_images256/ELP_12MP_22.12.2022_167173578580.png
ELP_12MP_10.01.2023_167338090672.png,failure,downloads/7/images/all_images256/ELP_12MP_10.01.2023_167338090672.png
ELP_12MP_03.01.2023_167276702327.png,failure,downloads/7/images/all_images256/ELP_12MP_03.01.2023_167276702327.png
ELP_12MP_02.12.2022_166999636224.png,failure,downloads/7/images/all_images256/ELP_12MP_02.12.2022_166999636224.png
ELP_12MP_29.11.2022_166975433471.png,failure,downloads/7/images/all_images256/ELP_12MP_29.11.2022_166975433471.png
ELP_12MP_11.01.2023_167344115009.png,failure,downloads/7/images/all_images256/ELP_12MP_11.01.2023_167344115009.png
ELP_12MP_22.12.2022_167170836078.png,failure,downloads/7/images/all_images256/ELP_12MP_22.12.2022_167170836078.png
failsupport-300x300.jpg,failure,downloads/3/spaghetti/failsupport-300x300.jpg
37_jpg.jpg,failure,downloads/1/test/37_jpg.rf.f3e6378f37fa36710883f400245024be.jpg
ELP_12MP_06.01.2023_167300854117.png,failure,downloads/7/images/all_images256/ELP_12MP_06.01.2023_167300854117.png
ELP_12MP_05.01.2023_167292021255.png,failure,downloads/7/images/all_images256/ELP_12MP_05.01.2023_167292021255.png
ELP_12MP_14.02.2023_167640476934.png,failure,downloads/7/images/all_images256/ELP_12MP_14.02.2023_167640476934.png
image-asset_img_5eb08bcaea8e1.jpg,failure,downloads/3/spaghetti/image-asset_img_5eb08bcaea8e1.jpg
ELP_12MP_29.11.2022_166975204092.png,failure,downloads/7/images/all_images256/ELP_12MP_29.11.2022_166975204092.png
ELP_12MP_03.01.2023_167275884751.png,failure,downloads/7/images/all_images256/ELP_12MP_03.01.2023_167275884751.png
27_jpg.jpg,failure,downloads/1/valid/27_jpg.rf.47f54bea3c397e05b41466f2bc30e30a.jpg
ELP_12MP_03.01.2023_167277498822.png,failure,downloads/7/images/all_images256/ELP_12MP_03.01.2023_167277498822.png
ELP_12MP_22.12.2022_167171232083.png,failure,downloads/7/images/all_images256/ELP_12MP_22.12.2022_167171232083.png
ELP_12MP_01.12.2022_166991243956.png,failure,downloads/7/images/all_images256/ELP_12MP_01.12.2022_166991243956.png
plastic-explosions-are-common-and-can-get-quite-ha-pinterest-200229_download_jpg.jpg,failure,downloads/1/train/plastic-explosions-are-common-and-can-get-quite-ha-pinterest-200229_download_jpg.rf.8b3db621fd01ad5b6799a11663d71a95.jpg
ELP_12MP_14.02.2023_167639790232.png,failure,downloads/7/images/all_images256/ELP_12MP_14.02.2023_167639790232.png
ELP_12MP_21.12.2022_167165163179.png,failure,downloads/7/images/all_images256/ELP_12MP_21.12.2022_167165163179.png
failure (46).jpg,failure,downloads/4/train/failure/failure (46).jpg
ELP_12MP_22.12.2022_167171052042.png,failure,downloads/7/images/all_images256/ELP_12MP_22.12.2022_167171052042.png
ELP_12MP_01.12.2022_166991193073.png,failure,downloads/7/images/all_images256/ELP_12MP_01.12.2022_166991193073.png
ELP_12MP_05.01.2023_167291749609.png,failure,downloads/7/images/all_images256/ELP_12MP_05.01.2023_167291749609.png
ELP_12MP_02.01.2023_167267460571.png,failure,downloads/7/images/all_images256/ELP_12MP_02.01.2023_167267460571.png
ELP_12MP_05.01.2023_167292684465.png,failure,downloads/7/images/all_images256/ELP_12MP_05.01.2023_167292684465.png
ELP_12MP_11.01.2023_167344867544.png,failure,downloads/7/images/all_images256/ELP_12MP_11.01.2023_167344867544.png
goq68oyddrw91_cropped_jpg.jpg,failure,downloads/1/train/goq68oyddrw91_cropped_jpg.rf.42d81832c65042a9f5887dd9b6ac7e40.jpg
ELP_12MP_05.01.2023_167291884504.png,failure,downloads/7/images/all_images256/ELP_12MP_05.01.2023_167291884504.png
ELP_12MP_22.12.2022_167172620491.png,failure,downloads/7/images/all_images256/ELP_12MP_22.12.2022_167172620491.png
ELP_12MP_11.01.2023_167343407852.png,failure,downloads/7/images/all_images256/ELP_12MP_11.01.2023_167343407852.png
ELP_12MP_22.12.2022_167171114759.png,failure,downloads/7/images/all_images256/ELP_12MP_22.12.2022_167171114759.png
ELP_12MP_23.02.2023_167718581277.png,failure,downloads/7/images/all_images256/ELP_12MP_23.02.2023_167718581277.png
ELP_12MP_03.01.2023_167275912082.png,failure,downloads/7/images/all_images256/ELP_12MP_03.01.2023_167275912082.png
ELP_12MP_10.01.2023_167338974349.png,failure,downloads/7/images/all_images256/ELP_12MP_10.01.2023_167338974349.png
ELP_12MP_03.01.2023_167275880292.png,failure,downloads/7/images/all_images256/ELP_12MP_03.01.2023_167275880292.png
ELP_12MP_03.01.2023_167277494765.png,failure,downloads/7/images/all_images256/ELP_12MP_03.01.2023_167277494765.png
ELP_12MP_04.01.2023_167285024792.png,failure,downloads/7/images/all_images256/ELP_12MP_04.01.2023_167285024792.png
ELP_12MP_22.12.2022_167171054369.png,failure,downloads/7/images/all_images256/ELP_12MP_22.12.2022_167171054369.png
ELP_12MP_14.02.2023_167639713663.png,failure,downloads/7/images/all_images256/ELP_12MP_14.02.2023_167639713663.png
ELP_12MP_20.12.2022_167154415401.png,failure,downloads/7/images/all_images256/ELP_12MP_20.12.2022_167154415401.png
ELP_12MP_10.01.2023_167338854925.png,failure,downloads/7/images/all_images256/ELP_12MP_10.01.2023_167338854925.png
ELP_12MP_05.01.2023_167291998885.png,failure,downloads/7/images/all_images256/ELP_12MP_05.01.2023_167291998885.png
ELP_12MP_04.01.2023_167284646715.png,failure,downloads/7/images/all_images256/ELP_12MP_04.01.2023_167284646715.png
ELP_12MP_05.01.2023_167291763974.png,failure,downloads/7/images/all_images256/ELP_12MP_05.01.2023_167291763974.png
ELP_12MP_05.01.2023_167292056008.png,failure,downloads/7/images/all_images256/ELP_12MP_05.01.2023_167292056008.png
ELP_12MP_21.12.2022_167165766270.png,failure,downloads/7/images/all_images256/ELP_12MP_21.12.2022_167165766270.png
ELP_12MP_05.01.2023_167292682764.png,failure,downloads/7/images/all_images256/ELP_12MP_05.01.2023_167292682764.png
g.jpg,failure,downloads/3/spaghetti/g.jpg
ELP_12MP_03.01.2023_167276066361.png,failure,downloads/7/images/all_images256/ELP_12MP_03.01.2023_167276066361.png
ELP_12MP_05.01.2023_167292915015.png,failure,downloads/7/images/all_images256/ELP_12MP_05.01.2023_167292915015.png
ELP_12MP_22.12.2022_167170790267.png,failure,downloads/7/images/all_images256/ELP_12MP_22.12.2022_167170790267.png
failure (1).jpg,failure,downloads/4/train/failure/failure (1).jpg
failure (31).jpg,failure,downloads/4/train/failure/failure (31).jpg
952db5a1f04aa00cb5b68fb7d5fcf8d6_jpg.jpg,failure,downloads/1/train/952db5a1f04aa00cb5b68fb7d5fcf8d6_jpg.rf.4ef6bbc8f6d2e23753397b0e85ebbeea.jpg
ELP_12MP_22.12.2022_167172363013.png,failure,downloads/7/images/all_images256/ELP_12MP_22.12.2022_167172363013.png
1.jpg,failure,downloads/3/spaghetti/1.jpg
ELP_12MP_03.01.2023_167275884747.png,failure,downloads/7/images/all_images256/ELP_12MP_03.01.2023_167275884747.png
ELP_12MP_10.01.2023_167336770067.png,failure,downloads/7/images/all_images256/ELP_12MP_10.01.2023_167336770067.png
ELP_12MP_02.12.2022_166999611699.png,failure,downloads/7/images/all_images256/ELP_12MP_02.12.2022_166999611699.png
ELP_12MP_02.01.2023_167267441556.png,failure,downloads/7/images/all_images256/ELP_12MP_02.01.2023_167267441556.png
ELP_12MP_05.01.2023_167291784686.png,failure,downloads/7/images/all_images256/ELP_12MP_05.01.2023_167291784686.png
ELP_12MP_03.01.2023_167276702331.png,failure,downloads/7/images/all_images256/ELP_12MP_03.01.2023_167276702331.png
ELP_12MP_14.02.2023_167639832539.png,failure,downloads/7/images/all_images256/ELP_12MP_14.02.2023_167639832539.png
ELP_12MP_03.01.2023_167276701638.png,failure,downloads/7/images/all_images256/ELP_12MP_03.01.2023_167276701638.png
ELP_12MP_03.01.2023_167275899702.png,failure,downloads/7/images/all_images256/ELP_12MP_03.01.2023_167275899702.png
ELP_12MP_02.01.2023_167267419067.png,failure,downloads/7/images/all_images256/ELP_12MP_02.01.2023_167267419067.png
fail3.jpg,failure,downloads/3/spaghetti/fail3.jpg
ELP_12MP_06.12.2022_167033881252.png,failure,downloads/7/images/all_images256/ELP_12MP_06.12.2022_167033881252.png
11_jpg.jpg,failure,downloads/1/valid/11_jpg.rf.6340b4fb6e96cb91d32e7dbff28773fa.jpg
ELP_12MP_22.12.2022_167171374942.png,failure,downloads/7/images/all_images256/ELP_12MP_22.12.2022_167171374942.png
ELP_12MP_01.12.2022_166991187979.png,failure,downloads/7/images/all_images256/ELP_12MP_01.12.2022_166991187979.png
ELP_12MP_22.12.2022_167172897783.png,failure,downloads/7/images/all_images256/ELP_12MP_22.12.2022_167172897783.png
ELP_12MP_16.02.2023_167656778519.png,failure,downloads/7/images/all_images256/ELP_12MP_16.02.2023_167656778519.png
ELP_12MP_05.01.2023_167293930625.png,failure,downloads/7/images/all_images256/ELP_12MP_05.01.2023_167293930625.png
ELP_12MP_16.02.2023_167656926054.png,failure,downloads/7/images/all_images256/ELP_12MP_16.02.2023_167656926054.png
ELP_12MP_13.12.2022_167097095203.png,failure,downloads/7/images/all_images256/ELP_12MP_13.12.2022_167097095203.png
ELP_12MP_04.01.2023_167284890560.png,failure,downloads/7/images/all_images256/ELP_12MP_04.01.2023_167284890560.png
ELP_12MP_22.12.2022_167172360730.png,failure,downloads/7/images/all_images256/ELP_12MP_22.12.2022_167172360730.png
ELP_12MP_01.12.2022_166991185439.png,failure,downloads/7/images/all_images256/ELP_12MP_01.12.2022_166991185439.png
cracks_96_jpg.rf.833ad0c451c47d8c30b54667a368fa0b.jpg,failure,downloads/5/train/cracks_96_jpg.rf.833ad0c451c47d8c30b54667a368fa0b.jpg
cracks_70_jpg.rf.3008f46fd051c3aa0ab58fd30a26bc83.jpg,failure,downloads/5/train/cracks_70_jpg.rf.3008f46fd051c3aa0ab58fd30a26bc83.jpg
failure (89).jpg,failure,downloads/4/train/failure/failure (89).jpg
ELP_12MP_03.01.2023_167275897288.png,failure,downloads/7/images/all_images256/ELP_12MP_03.01.2023_167275897288.png
ELP_12MP_04.01.2023_167284941661.png,failure,downloads/7/images/all_images256/ELP_12MP_04.01.2023_167284941661.png
ELP_12MP_08.01.2023_167318712487.png,failure,downloads/7/images/all_images256/ELP_12MP_08.01.2023_167318712487.png
failure (66).jpg,failure,downloads/4/train/failure/failure (66).jpg
ELP_12MP_03.01.2023_167275927211.png,failure,downloads/7/images/all_images256/ELP_12MP_03.01.2023_167275927211.png
ELP_12MP_05.01.2023_167291751520.png,failure,downloads/7/images/all_images256/ELP_12MP_05.01.2023_167291751520.png
ELP_12MP_05.01.2023_167291901726.png,failure,downloads/7/images/all_images256/ELP_12MP_05.01.2023_167291901726.png
ELP_12MP_04.01.2023_167284889019.png,failure,downloads/7/images/all_images256/ELP_12MP_04.01.2023_167284889019.png
ELP_12MP_10.01.2023_167337876118.png,failure,downloads/7/images/all_images256/ELP_12MP_10.01.2023_167337876118.png
ELP_12MP_03.01.2023_167275900889.png,failure,downloads/7/images/all_images256/ELP_12MP_03.01.2023_167275900889.png
images (2).jpg,failure,downloads/3/spaghetti/images (2).jpg
ELP_12MP_10.01.2023_167338267042.png,failure,downloads/7/images/all_images256/ELP_12MP_10.01.2023_167338267042.png
ELP_12MP_05.01.2023_167292065603.png,failure,downloads/7/images/all_images256/ELP_12MP_05.01.2023_167292065603.png
ELP_12MP_21.12.2022_167165816615.png,failure,downloads/7/images/all_images256/ELP_12MP_21.12.2022_167165816615.png
ELP_12MP_10.01.2023_167338725092.png,failure,downloads/7/images/all_images256/ELP_12MP_10.01.2023_167338725092.png
ELP_12MP_04.01.2023_167284874143.png,failure,downloads/7/images/all_images256/ELP_12MP_04.01.2023_167284874143.png
ELP_12MP_10.01.2023_167338849551.png,failure,downloads/7/images/all_images256/ELP_12MP_10.01.2023_167338849551.png
ELP_12MP_23.02.2023_167718612880.png,failure,downloads/7/images/all_images256/ELP_12MP_23.02.2023_167718612880.png
ELP_12MP_03.01.2023_167275887070.png,failure,downloads/7/images/all_images256/ELP_12MP_03.01.2023_167275887070.png
ELP_12MP_04.01.2023_167284939719.png,failure,downloads/7/images/all_images256/ELP_12MP_04.01.2023_167284939719.png
images-2-_jpg.jpg,failure,downloads/1/test/images-2-_jpg.rf.77d78e9aa4be57cd87e821f8d224afdc.jpg
imys8n7q6or11_jpg.rf.79921db1ed8d3e69a6968e2a0cf15279.jpg,failure,downloads/2/train/imys8n7q6or11_jpg.rf.79921db1ed8d3e69a6968e2a0cf15279.jpg
ELP_12MP_22.12.2022_167171042092.png,failure,downloads/7/images/all_images256/ELP_12MP_22.12.2022_167171042092.png
failure (158).jpg,failure,downloads/4/test/failure/failure (158).jpg
ELP_12MP_20.12.2022_167154416487.png,failure,downloads/7/images/all_images256/ELP_12MP_20.12.2022_167154416487.png
ELP_12MP_20.12.2022_167155588384.png,failure,downloads/7/images/all_images256/ELP_12MP_20.12.2022_167155588384.png
images-3-_jpg.jpg,failure,downloads/1/test/images-3-_jpg.rf.7bedd9afec2ccfd2aef100a29cc0018f.jpg
ELP_12MP_02.12.2022_166999826148.png,failure,downloads/7/images/all_images256/ELP_12MP_02.12.2022_166999826148.png
128_jpg.jpg,failure,downloads/1/valid/128_jpg.rf.aba8971ee0fee3d565b02c94ab372b84.jpg
7088OT_01_18_jpg.jpg,failure,downloads/1/train/7088OT_01_18_jpg.rf.69fb074521bc699a0fb054b81570d7d7.jpg
ELP_12MP_03.01.2023_167276705927.png,failure,downloads/7/images/all_images256/ELP_12MP_03.01.2023_167276705927.png
ELP_12MP_02.01.2023_167267435604.png,failure,downloads/7/images/all_images256/ELP_12MP_02.01.2023_167267435604.png
ELP_12MP_08.01.2023_167318462912.png,failure,downloads/7/images/all_images256/ELP_12MP_08.01.2023_167318462912.png
ELP_12MP_14.02.2023_167639970483.png,failure,downloads/7/images/all_images256/ELP_12MP_14.02.2023_167639970483.png
failure (70).jpg,failure,downloads/4/train/failure/failure (70).jpg
ELP_12MP_17.02.2023_167663712969.png,failure,downloads/7/images/all_images256/ELP_12MP_17.02.2023_167663712969.png
ELP_12MP_03.01.2023_167276060314.png,failure,downloads/7/images/all_images256/ELP_12MP_03.01.2023_167276060314.png
ELP_12MP_21.12.2022_167165221092.png,failure,downloads/7/images/all_images256/ELP_12MP_21.12.2022_167165221092.png
ELP_12MP_04.01.2023_167285022040.png,failure,downloads/7/images/all_images256/ELP_12MP_04.01.2023_167285022040.png
ELP_12MP_03.01.2023_167276081115.png,failure,downloads/7/images/all_images256/ELP_12MP_03.01.2023_167276081115.png
ELP_12MP_10.01.2023_167338250956.png,failure,downloads/7/images/all_images256/ELP_12MP_10.01.2023_167338250956.png
ELP_12MP_21.12.2022_167165191064.png,failure,downloads/7/images/all_images256/ELP_12MP_21.12.2022_167165191064.png
ELP_12MP_16.02.2023_167656977637.png,failure,downloads/7/images/all_images256/ELP_12MP_16.02.2023_167656977637.png
ELP_12MP_14.02.2023_167641325830.png,failure,downloads/7/images/all_images256/ELP_12MP_14.02.2023_167641325830.png
ELP_12MP_05.01.2023_167292675071.png,failure,downloads/7/images/all_images256/ELP_12MP_05.01.2023_167292675071.png
ELP_12MP_04.01.2023_167284935725.png,failure,downloads/7/images/all_images256/ELP_12MP_04.01.2023_167284935725.png
ELP_12MP_03.01.2023_167276703365.png,failure,downloads/7/images/all_images256/ELP_12MP_03.01.2023_167276703365.png
ELP_12MP_11.01.2023_167344105146.png,failure,downloads/7/images/all_images256/ELP_12MP_11.01.2023_167344105146.png
ELP_12MP_14.02.2023_167640982423.png,failure,downloads/7/images/all_images256/ELP_12MP_14.02.2023_167640982423.png
ELP_12MP_14.02.2023_167639817632.png,failure,downloads/7/images/all_images256/ELP_12MP_14.02.2023_167639817632.png
ELP_12MP_01.12.2022_166991227356.png,failure,downloads/7/images/all_images256/ELP_12MP_01.12.2022_166991227356.png
2_jpg.jpg,failure,downloads/1/valid/2_jpg.rf.b31e487b5ce7061ca81d869ee2cecd39.jpg
73_jpg.jpg,failure,downloads/1/valid/73_jpg.rf.ce5fa67f0e6d5f66647a07551f18aad6.jpg
ELP_12MP_04.01.2023_167284669696.png,failure,downloads/7/images/all_images256/ELP_12MP_04.01.2023_167284669696.png
ELP_12MP_10.01.2023_167338214331.png,failure,downloads/7/images/all_images256/ELP_12MP_10.01.2023_167338214331.png
_69320092_rich1_jpg.jpg,failure,downloads/1/train/_69320092_rich1_jpg.rf.92ee20b873d91f256c72431797f7913c.jpg
failure (27).jpg,failure,downloads/4/train/failure/failure (27).jpg
ELP_12MP_23.02.2023_167718687938.png,failure,downloads/7/images/all_images256/ELP_12MP_23.02.2023_167718687938.png
ELP_12MP_05.01.2023_167292040050.png,failure,downloads/7/images/all_images256/ELP_12MP_05.01.2023_167292040050.png
ELP_12MP_23.02.2023_167717194342.png,failure,downloads/7/images/all_images256/ELP_12MP_23.02.2023_167717194342.png
ELP_12MP_05.01.2023_167292003169.png,failure,downloads/7/images/all_images256/ELP_12MP_05.01.2023_167292003169.png
ELP_12MP_03.01.2023_167277497440.png,failure,downloads/7/images/all_images256/ELP_12MP_03.01.2023_167277497440.png
ELP_12MP_04.01.2023_167284687773.png,failure,downloads/7/images/all_images256/ELP_12MP_04.01.2023_167284687773.png
ELP_12MP_06.12.2022_167033761146.png,failure,downloads/7/images/all_images256/ELP_12MP_06.12.2022_167033761146.png
ELP_12MP_04.01.2023_167284931769.png,failure,downloads/7/images/all_images256/ELP_12MP_04.01.2023_167284931769.png
ELP_12MP_16.02.2023_167658234672.png,failure,downloads/7/images/all_images256/ELP_12MP_16.02.2023_167658234672.png
ELP_12MP_03.01.2023_167275903990.png,failure,downloads/7/images/all_images256/ELP_12MP_03.01.2023_167275903990.png
ELP_12MP_05.01.2023_167291792190.png,failure,downloads/7/images/all_images256/ELP_12MP_05.01.2023_167291792190.png
cTtW0B3_jpg.rf.5f611954d98537fde908de256d93471e.jpg,failure,downloads/2/train/cTtW0B3_jpg.rf.5f611954d98537fde908de256d93471e.jpg
fb164a89-c861-42a3-ab02-c1900fd638e2_cropped_jpg.jpg,failure,downloads/1/train/fb164a89-c861-42a3-ab02-c1900fd638e2_cropped_jpg.rf.5fd3b8589376af951d5d4ecc3f85fa63.jpg
ELP_12MP_04.01.2023_167285024141.png,failure,downloads/7/images/all_images256/ELP_12MP_04.01.2023_167285024141.png
ELP_12MP_03.01.2023_167276719895.png,failure,downloads/7/images/all_images256/ELP_12MP_03.01.2023_167276719895.png
images (10).jpg,failure,downloads/3/spaghetti/images (10).jpg
ELP_12MP_17.02.2023_167664252304.png,failure,downloads/7/images/all_images256/ELP_12MP_17.02.2023_167664252304.png
ELP_12MP_08.01.2023_167319131099.png,failure,downloads/7/images/all_images256/ELP_12MP_08.01.2023_167319131099.png
failure (119).jpg,failure,downloads/4/valid/failure/failure (119).jpg
ELP_12MP_05.01.2023_167291768772.png,failure,downloads/7/images/all_images256/ELP_12MP_05.01.2023_167291768772.png
ELP_12MP_05.01.2023_167291884499.png,failure,downloads/7/images/all_images256/ELP_12MP_05.01.2023_167291884499.png
ELP_12MP_03.01.2023_167276685303.png,failure,downloads/7/images/all_images256/ELP_12MP_03.01.2023_167276685303.png
ELP_12MP_14.02.2023_167640440473.png,failure,downloads/7/images/all_images256/ELP_12MP_14.02.2023_167640440473.png
ELP_12MP_10.01.2023_167339037863.png,failure,downloads/7/images/all_images256/ELP_12MP_10.01.2023_167339037863.png
ELP_12MP_03.01.2023_167275911417.png,failure,downloads/7/images/all_images256/ELP_12MP_03.01.2023_167275911417.png
ELP_12MP_23.02.2023_167718919739.png,failure,downloads/7/images/all_images256/ELP_12MP_23.02.2023_167718919739.png
ELP_12MP_05.01.2023_167291760313.png,failure,downloads/7/images/all_images256/ELP_12MP_05.01.2023_167291760313.png
ELP_12MP_10.01.2023_167338080264.png,failure,downloads/7/images/all_images256/ELP_12MP_10.01.2023_167338080264.png
ELP_12MP_14.02.2023_167641424592.png,failure,downloads/7/images/all_images256/ELP_12MP_14.02.2023_167641424592.png
ELP_12MP_10.01.2023_167338857424.png,failure,downloads/7/images/all_images256/ELP_12MP_10.01.2023_167338857424.png
ELP_12MP_01.12.2022_166991242518.png,failure,downloads/7/images/all_images256/ELP_12MP_01.12.2022_166991242518.png
ELP_12MP_23.02.2023_167718640533.png,failure,downloads/7/images/all_images256/ELP_12MP_23.02.2023_167718640533.png
ELP_12MP_01.12.2022_166991244169.png,failure,downloads/7/images/all_images256/ELP_12MP_01.12.2022_166991244169.png
ELP_12MP_22.12.2022_167171059706.png,failure,downloads/7/images/all_images256/ELP_12MP_22.12.2022_167171059706.png
ELP_12MP_05.01.2023_167292040045.png,failure,downloads/7/images/all_images256/ELP_12MP_05.01.2023_167292040045.png
failure (162).jpg,failure,downloads/4/test/failure/failure (162).jpg
ELP_12MP_10.01.2023_167339128980.png,failure,downloads/7/images/all_images256/ELP_12MP_10.01.2023_167339128980.png
ELP_12MP_05.01.2023_167292025193.png,failure,downloads/7/images/all_images256/ELP_12MP_05.01.2023_167292025193.png
97_jpg.jpg,failure,downloads/1/valid/97_jpg.rf.8c41b95416eeb17278247f257d5b65e0.jpg
ELP_12MP_05.01.2023_167292061909.png,failure,downloads/7/images/all_images256/ELP_12MP_05.01.2023_167292061909.png
ELP_12MP_03.01.2023_167277489131.png,failure,downloads/7/images/all_images256/ELP_12MP_03.01.2023_167277489131.png
ELP_12MP_08.01.2023_167318452436.png,failure,downloads/7/images/all_images256/ELP_12MP_08.01.2023_167318452436.png
ELP_12MP_11.01.2023_167343671348.png,failure,downloads/7/images/all_images256/ELP_12MP_11.01.2023_167343671348.png
ELP_12MP_10.01.2023_167336767644.png,failure,downloads/7/images/all_images256/ELP_12MP_10.01.2023_167336767644.png
ELP_12MP_02.12.2022_166999831541.png,failure,downloads/7/images/all_images256/ELP_12MP_02.12.2022_166999831541.png
ELP_12MP_05.01.2023_167291757959.png,failure,downloads/7/images/all_images256/ELP_12MP_05.01.2023_167291757959.png
ELP_12MP_22.12.2022_167173454479.png,failure,downloads/7/images/all_images256/ELP_12MP_22.12.2022_167173454479.png
20180528_212845.jpg,failure,downloads/3/spaghetti/20180528_212845.jpg
ELP_12MP_03.01.2023_167275889896.png,failure,downloads/7/images/all_images256/ELP_12MP_03.01.2023_167275889896.png
ELP_12MP_14.02.2023_167639837050.png,failure,downloads/7/images/all_images256/ELP_12MP_14.02.2023_167639837050.png
ELP_12MP_02.01.2023_167267252412.png,failure,downloads/7/images/all_images256/ELP_12MP_02.01.2023_167267252412.png
ELP_12MP_03.01.2023_167276055351.png,failure,downloads/7/images/all_images256/ELP_12MP_03.01.2023_167276055351.png
ELP_12MP_05.01.2023_167291759790.png,failure,downloads/7/images/all_images256/ELP_12MP_05.01.2023_167291759790.png
ELP_12MP_17.02.2023_167663941054.png,failure,downloads/7/images/all_images256/ELP_12MP_17.02.2023_167663941054.png
ELP_12MP_10.01.2023_167337568802.png,failure,downloads/7/images/all_images256/ELP_12MP_10.01.2023_167337568802.png
ELP_12MP_01.12.2022_166991208175.png,failure,downloads/7/images/all_images256/ELP_12MP_01.12.2022_166991208175.png
ELP_12MP_17.02.2023_167663926971.png,failure,downloads/7/images/all_images256/ELP_12MP_17.02.2023_167663926971.png
SPoUHe4_jpg.jpg,failure,downloads/1/test/SPoUHe4_jpg.rf.0c0aac6293f367a828adfbdd1afa9fed.jpg
ELP_12MP_16.02.2023_167658468814.png,failure,downloads/7/images/all_images256/ELP_12MP_16.02.2023_167658468814.png
ELP_12MP_04.01.2023_167284916880.png,failure,downloads/7/images/all_images256/ELP_12MP_04.01.2023_167284916880.png
failure (135).jpg,failure,downloads/4/valid/failure/failure (135).jpg
ELP_12MP_02.12.2022_166999718521.png,failure,downloads/7/images/all_images256/ELP_12MP_02.12.2022_166999718521.png
ELP_12MP_04.01.2023_167285019996.png,failure,downloads/7/images/all_images256/ELP_12MP_04.01.2023_167285019996.png
ELP_12MP_05.01.2023_167292057061.png,failure,downloads/7/images/all_images256/ELP_12MP_05.01.2023_167292057061.png
ELP_12MP_17.02.2023_167663800975.png,failure,downloads/7/images/all_images256/ELP_12MP_17.02.2023_167663800975.png
ELP_12MP_22.12.2022_167173463558.png,failure,downloads/7/images/all_images256/ELP_12MP_22.12.2022_167173463558.png
ELP_12MP_17.02.2023_167664279369.png,failure,downloads/7/images/all_images256/ELP_12MP_17.02.2023_167664279369.png
ELP_12MP_05.01.2023_167291802414.png,failure,downloads/7/images/all_images256/ELP_12MP_05.01.2023_167291802414.png
ELP_12MP_05.01.2023_167291801109.png,failure,downloads/7/images/all_images256/ELP_12MP_05.01.2023_167291801109.png
IMGP3375.jpg,failure,downloads/3/spaghetti/IMGP3375.jpg
ELP_12MP_05.01.2023_167291789770.png,failure,downloads/7/images/all_images256/ELP_12MP_05.01.2023_167291789770.png
iO4sbDW_jpeg.rf.566a138b65f4a77290fa4f9d090e31bd.jpg,failure,downloads/5/train/iO4sbDW_jpeg.rf.566a138b65f4a77290fa4f9d090e31bd.jpg
ELP_12MP_22.12.2022_167173338707.png,failure,downloads/7/images/all_images256/ELP_12MP_22.12.2022_167173338707.png
ELP_12MP_06.01.2023_167301117744.png,failure,downloads/7/images/all_images256/ELP_12MP_06.01.2023_167301117744.png
ELP_12MP_03.01.2023_167275915513.png,failure,downloads/7/images/all_images256/ELP_12MP_03.01.2023_167275915513.png
ELP_12MP_17.02.2023_167664758971.png,failure,downloads/7/images/all_images256/ELP_12MP_17.02.2023_167664758971.png
ELP_12MP_17.02.2023_167663742756.png,failure,downloads/7/images/all_images256/ELP_12MP_17.02.2023_167663742756.png
ELP_12MP_22.12.2022_167172307027.png,failure,downloads/7/images/all_images256/ELP_12MP_22.12.2022_167172307027.png
ELP_12MP_14.02.2023_167641280335.png,failure,downloads/7/images/all_images256/ELP_12MP_14.02.2023_167641280335.png
ELP_12MP_05.01.2023_167291895191.png,failure,downloads/7/images/all_images256/ELP_12MP_05.01.2023_167291895191.png
ELP_12MP_15.02.2023_167646939572.png,failure,downloads/7/images/all_images256/ELP_12MP_15.02.2023_167646939572.png
ELP_12MP_08.01.2023_167319232887.png,failure,downloads/7/images/all_images256/ELP_12MP_08.01.2023_167319232887.png
ELP_12MP_04.01.2023_167285021366.png,failure,downloads/7/images/all_images256/ELP_12MP_04.01.2023_167285021366.png
ELP_12MP_20.12.2022_167154399488.png,failure,downloads/7/images/all_images256/ELP_12MP_20.12.2022_167154399488.png
qlj3mjszp2s51.jpg,failure,downloads/3/spaghetti/qlj3mjszp2s51.jpg
ELP_12MP_21.12.2022_167165197574.png,failure,downloads/7/images/all_images256/ELP_12MP_21.12.2022_167165197574.png
ELP_12MP_22.12.2022_167172378817.png,failure,downloads/7/images/all_images256/ELP_12MP_22.12.2022_167172378817.png
imag-125-_jpg.jpg,failure,downloads/1/train/imag-125-_jpg.rf.f896a2481249938de2d9f95e8af72592.jpg
ELP_12MP_08.01.2023_167318368122.png,failure,downloads/7/images/all_images256/ELP_12MP_08.01.2023_167318368122.png
ELP_12MP_04.01.2023_167284671379.png,failure,downloads/7/images/all_images256/ELP_12MP_04.01.2023_167284671379.png
ELP_12MP_04.01.2023_167284690193.png,failure,downloads/7/images/all_images256/ELP_12MP_04.01.2023_167284690193.png
a84378fdda9ddd47f21daf1978cd9c50_png.rf.4e6344a8ddd2ab8075313d5dae29b29e.jpg,failure,downloads/5/valid/a84378fdda9ddd47f21daf1978cd9c50_png.rf.4e6344a8ddd2ab8075313d5dae29b29e.jpg
ELP_12MP_14.02.2023_167639803518.png,failure,downloads/7/images/all_images256/ELP_12MP_14.02.2023_167639803518.png
ELP_12MP_05.01.2023_167292042530.png,failure,downloads/7/images/all_images256/ELP_12MP_05.01.2023_167292042530.png
failure (123).jpg,failure,downloads/4/valid/failure/failure (123).jpg
ELP_12MP_11.01.2023_167343455497.png,failure,downloads/7/images/all_images256/ELP_12MP_11.01.2023_167343455497.png
ELP_12MP_03.01.2023_167277506984.png,failure,downloads/7/images/all_images256/ELP_12MP_03.01.2023_167277506984.png
ELP_12MP_10.01.2023_167338070578.png,failure,downloads/7/images/all_images256/ELP_12MP_10.01.2023_167338070578.png
ELP_12MP_17.02.2023_167663754685.png,failure,downloads/7/images/all_images256/ELP_12MP_17.02.2023_167663754685.png
ELP_12MP_17.02.2023_167663746732.png,failure,downloads/7/images/all_images256/ELP_12MP_17.02.2023_167663746732.png
ELP_12MP_04.01.2023_167284677522.png,failure,downloads/7/images/all_images256/ELP_12MP_04.01.2023_167284677522.png
ELP_12MP_03.01.2023_167275891405.png,failure,downloads/7/images/all_images256/ELP_12MP_03.01.2023_167275891405.png
ELP_12MP_04.01.2023_167284933745.png,failure,downloads/7/images/all_images256/ELP_12MP_04.01.2023_167284933745.png
ELP_12MP_22.12.2022_167171345220.png,failure,downloads/7/images/all_images256/ELP_12MP_22.12.2022_167171345220.png
ELP_12MP_02.01.2023_167267419072.png,failure,downloads/7/images/all_images256/ELP_12MP_02.01.2023_167267419072.png
ELP_12MP_22.12.2022_167171108398.png,failure,downloads/7/images/all_images256/ELP_12MP_22.12.2022_167171108398.png
fallingsupports-1-768x768.jpg,failure,downloads/3/spaghetti/fallingsupports-1-768x768.jpg
ELP_12MP_22.12.2022_167172285232.png,failure,downloads/7/images/all_images256/ELP_12MP_22.12.2022_167172285232.png
ELP_12MP_05.01.2023_167292032216.png,failure,downloads/7/images/all_images256/ELP_12MP_05.01.2023_167292032216.png
ELP_12MP_15.02.2023_167647357208.png,failure,downloads/7/images/all_images256/ELP_12MP_15.02.2023_167647357208.png
ELP_12MP_01.12.2022_166990960444.png,failure,downloads/7/images/all_images256/ELP_12MP_01.12.2022_166990960444.png
ELP_12MP_03.01.2023_167276045552.png,failure,downloads/7/images/all_images256/ELP_12MP_03.01.2023_167276045552.png
ELP_12MP_16.02.2023_167656778524.png,failure,downloads/7/images/all_images256/ELP_12MP_16.02.2023_167656778524.png
ELP_12MP_01.12.2022_166991190586.png,failure,downloads/7/images/all_images256/ELP_12MP_01.12.2022_166991190586.png
images_jpg.rf.2e239b09d03c55dbf6edd38140f441ca.jpg,failure,downloads/5/train/images_jpg.rf.2e239b09d03c55dbf6edd38140f441ca.jpg
ELP_12MP_05.01.2023_167291745965.png,failure,downloads/7/images/all_images256/ELP_12MP_05.01.2023_167291745965.png
ELP_12MP_02.01.2023_167267434876.png,failure,downloads/7/images/all_images256/ELP_12MP_02.01.2023_167267434876.png
ELP_12MP_03.01.2023_167276731936.png,failure,downloads/7/images/all_images256/ELP_12MP_03.01.2023_167276731936.png
ELP_12MP_22.12.2022_167170831714.png,failure,downloads/7/images/all_images256/ELP_12MP_22.12.2022_167170831714.png
ELP_12MP_22.12.2022_167171246715.png,failure,downloads/7/images/all_images256/ELP_12MP_22.12.2022_167171246715.png
ELP_12MP_17.02.2023_167664749465.png,failure,downloads/7/images/all_images256/ELP_12MP_17.02.2023_167664749465.png
117_jpg.jpg,failure,downloads/1/valid/117_jpg.rf.732cf11c2541a91ac6e41d7b2d9ab369.jpg
ELP_12MP_22.12.2022_167171239658.png,failure,downloads/7/images/all_images256/ELP_12MP_22.12.2022_167171239658.png
107_jpg.jpg,failure,downloads/1/test/107_jpg.rf.a85570e6b14ff596300aa0efa11a3bd6.jpg
ELP_12MP_21.12.2022_167165827620.png,failure,downloads/7/images/all_images256/ELP_12MP_21.12.2022_167165827620.png
ELP_12MP_02.01.2023_167267460566.png,failure,downloads/7/images/all_images256/ELP_12MP_02.01.2023_167267460566.png
ELP_12MP_05.01.2023_167291896881.png,failure,downloads/7/images/all_images256/ELP_12MP_05.01.2023_167291896881.png
ELP_12MP_01.12.2022_166990988891.png,failure,downloads/7/images/all_images256/ELP_12MP_01.12.2022_166990988891.png
ELP_12MP_03.01.2023_167277507668.png,failure,downloads/7/images/all_images256/ELP_12MP_03.01.2023_167277507668.png
ELP_12MP_04.01.2023_167284692551.png,failure,downloads/7/images/all_images256/ELP_12MP_04.01.2023_167284692551.png
ELP_12MP_05.01.2023_167292678805.png,failure,downloads/7/images/all_images256/ELP_12MP_05.01.2023_167292678805.png
ELP_12MP_02.12.2022_166999574709.png,failure,downloads/7/images/all_images256/ELP_12MP_02.12.2022_166999574709.png
0074_tg_jpeg.jpg,success,downloads/1/valid/0074_tg_jpeg.rf.36a5b35cd9d27233b73aa199184b1eaf.jpg
ELP_12MP_06.12.2022_167034371733.png,success,downloads/7/images/all_images256/ELP_12MP_06.12.2022_167034371733.png
ELP_12MP_20.12.2022_167155151385.png,success,downloads/7/images/all_images256/ELP_12MP_20.12.2022_167155151385.png
Snmek obrazovky 2022-04-01 220751.jpg,success,downloads/3/OK/Snmek obrazovky 2022-04-01 220751.jpg
ELP_12MP_04.01.2023_167284538257.png,success,downloads/7/images/all_images256/ELP_12MP_04.01.2023_167284538257.png
ELP_12MP_05.01.2023_167294180928.png,success,downloads/7/images/all_images256/ELP_12MP_05.01.2023_167294180928.png
0451_null_dataset_jpeg.jpg,success,downloads/1/train/0451_null_dataset_jpeg.rf.14002b44a84694eb52016efb4bfa75c2.jpg
success (117).jpg,success,downloads/4/valid/success/success (117).jpg
ELP_12MP_20.12.2022_167155849363.png,success,downloads/7/images/all_images256/ELP_12MP_20.12.2022_167155849363.png
ELP_12MP_11.01.2023_167344083703.png,success,downloads/7/images/all_images256/ELP_12MP_11.01.2023_167344083703.png
ELP_12MP_06.12.2022_167034387066.png,success,downloads/7/images/all_images256/ELP_12MP_06.12.2022_167034387066.png
0183_null_dataset_jpeg.rf.008407ce95235fff3d69ebcb0dd79362.jpg,success,downloads/5/train/0183_null_dataset_jpeg.rf.008407ce95235fff3d69ebcb0dd79362.jpg
ELP_12MP_23.02.2023_167716191080.png,success,downloads/7/images/all_images256/ELP_12MP_23.02.2023_167716191080.png
960x0_jpg.jpg,success,downloads/1/train/960x0_jpg.rf.90bbcd0441061edb191b064994d9aa60.jpg
ELP_12MP_01.12.2022_166992864730.png,success,downloads/7/images/all_images256/ELP_12MP_01.12.2022_166992864730.png
0089_tg_jpeg.jpg,success,downloads/1/train/0089_tg_jpeg.rf.8e94238d9721a3c2391cae57bc33142e.jpg
ELP_12MP_06.01.2023_167300799572.png,success,downloads/7/images/all_images256/ELP_12MP_06.01.2023_167300799572.png
ELP_12MP_28.12.2022_167224371853.png,success,downloads/7/images/all_images256/ELP_12MP_28.12.2022_167224371853.png
0204_tg_jpeg.rf.192bf6b23a793c32441febf9869ee145.jpg,success,downloads/5/train/0204_tg_jpeg.rf.192bf6b23a793c32441febf9869ee145.jpg
0545_null_dataset_jpeg.rf.6d575b71ec506199a15c2e32705f9c70.jpg,success,downloads/5/train/0545_null_dataset_jpeg.rf.6d575b71ec506199a15c2e32705f9c70.jpg
ELP_12MP_02.12.2022_166999159663.png,success,downloads/7/images/all_images256/ELP_12MP_02.12.2022_166999159663.png
success (140).jpg,success,downloads/4/valid/success/success (140).jpg
ELP_12MP_06.12.2022_167033667659.png,success,downloads/7/images/all_images256/ELP_12MP_06.12.2022_167033667659.png
0230_null_dataset_jpeg.rf.a2f66abcb99d0e2d4a7ee9a080b6cb86.jpg,success,downloads/5/train/0230_null_dataset_jpeg.rf.a2f66abcb99d0e2d4a7ee9a080b6cb86.jpg
ELP_12MP_06.12.2022_167035893073.png,success,downloads/7/images/all_images256/ELP_12MP_06.12.2022_167035893073.png
ELP_12MP_23.02.2023_167717009669.png,success,downloads/7/images/all_images256/ELP_12MP_23.02.2023_167717009669.png
ELP_12MP_01.12.2022_166990887749.png,success,downloads/7/images/all_images256/ELP_12MP_01.12.2022_166990887749.png
ELP_12MP_05.01.2023_167292357836.png,success,downloads/7/images/all_images256/ELP_12MP_05.01.2023_167292357836.png
ELP_12MP_07.12.2022_167040359205.png,success,downloads/7/images/all_images256/ELP_12MP_07.12.2022_167040359205.png
images (1).jpg,success,downloads/3/OK/images (1).jpg
0065_tg_jpeg.rf.914b7fb260a147272fd128e62bf86358.jpg,success,downloads/5/train/0065_tg_jpeg.rf.914b7fb260a147272fd128e62bf86358.jpg
0317_null_dataset_jpeg.jpg,success,downloads/1/train/0317_null_dataset_jpeg.rf.f375ec6469b4ce7fb615e71a6d08b8e1.jpg
ELP_12MP_06.12.2022_167036141347.png,success,downloads/7/images/all_images256/ELP_12MP_06.12.2022_167036141347.png
ELP_12MP_06.01.2023_167301598106.png,success,downloads/7/images/all_images256/ELP_12MP_06.01.2023_167301598106.png
ELP_12MP_11.01.2023_167344616386.png,success,downloads/7/images/all_images256/ELP_12MP_11.01.2023_167344616386.png
ELP_12MP_06.12.2022_167036358876.png,success,downloads/7/images/all_images256/ELP_12MP_06.12.2022_167036358876.png
0191_null_dataset_jpeg.rf.328b9970026031ca82fa9c4e2f4e6d1b.jpg,success,downloads/5/train/0191_null_dataset_jpeg.rf.328b9970026031ca82fa9c4e2f4e6d1b.jpg
0154_null_dataset_jpeg.rf.264324fe4c8be76ef02b2dccb26ad8c2.jpg,success,downloads/5/train/0154_null_dataset_jpeg.rf.264324fe4c8be76ef02b2dccb26ad8c2.jpg
Snmek obrazovky 2022-04-01 222218.jpg,success,downloads/3/OK/Snmek obrazovky 2022-04-01 222218.jpg
ELP_12MP_29.11.2022_166974255501.png,success,downloads/7/images/all_images256/ELP_12MP_29.11.2022_166974255501.png
ELP_12MP_07.12.2022_167040360241.png,success,downloads/7/images/all_images256/ELP_12MP_07.12.2022_167040360241.png
ELP_12MP_02.12.2022_166999533705.png,success,downloads/7/images/all_images256/ELP_12MP_02.12.2022_166999533705.png
0034_tg_jpeg.rf.5d6bb788fb048ef609fc56cb837b87a4.jpg,success,downloads/5/train/0034_tg_jpeg.rf.5d6bb788fb048ef609fc56cb837b87a4.jpg
success (156).jpg,success,downloads/4/test/success/success (156).jpg
ELP_12MP_05.01.2023_167294063084.png,success,downloads/7/images/all_images256/ELP_12MP_05.01.2023_167294063084.png
ELP_12MP_29.11.2022_166976114363.png,success,downloads/7/images/all_images256/ELP_12MP_29.11.2022_166976114363.png
0212_tg_jpeg.rf.8f518080473346b9de9260bf5038e19c.jpg,success,downloads/5/train/0212_tg_jpeg.rf.8f518080473346b9de9260bf5038e19c.jpg
Snmek obrazovky 2022-04-01 215339.jpg,success,downloads/3/OK/Snmek obrazovky 2022-04-01 215339.jpg
ELP_12MP_06.12.2022_167035841096.png,success,downloads/7/images/all_images256/ELP_12MP_06.12.2022_167035841096.png
ELP_12MP_06.12.2022_167036655828.png,success,downloads/7/images/all_images256/ELP_12MP_06.12.2022_167036655828.png
ELP_12MP_13.12.2022_167096992802.png,success,downloads/7/images/all_images256/ELP_12MP_13.12.2022_167096992802.png
3d-printer---hand.jpg,success,downloads/3/OK/3d-printer---hand.jpg
ELP_12MP_04.01.2023_167284566505.png,success,downloads/7/images/all_images256/ELP_12MP_04.01.2023_167284566505.png
Snmek obrazovky 2022-04-01 122934.jpg,success,downloads/3/OK/Snmek obrazovky 2022-04-01 122934.jpg
ELP_12MP_23.02.2023_167716420721.png,success,downloads/7/images/all_images256/ELP_12MP_23.02.2023_167716420721.png
ELP_12MP_23.02.2023_167716195379.png,success,downloads/7/images/all_images256/ELP_12MP_23.02.2023_167716195379.png
success (101).jpg,success,downloads/4/train/success/success (101).jpg
ELP_12MP_07.12.2022_167040710021.png,success,downloads/7/images/all_images256/ELP_12MP_07.12.2022_167040710021.png
0301_tg_jpeg.jpg,success,downloads/1/valid/0301_tg_jpeg.rf.5f2657af95f0ec91782dde0d479f6490.jpg
ELP_12MP_07.12.2022_167040638975.png,success,downloads/7/images/all_images256/ELP_12MP_07.12.2022_167040638975.png
5cf59a0abb206b766710d395cf7f02db_jpg.rf.2b5ba721f14103f6e63a3b31ffc63f33.jpg,success,downloads/5/train/5cf59a0abb206b766710d395cf7f02db_jpg.rf.2b5ba721f14103f6e63a3b31ffc63f33.jpg
file-20190320-93060-1q0qsy2_jpg.jpg,success,downloads/1/train/file-20190320-93060-1q0qsy2_jpg.rf.fdebef70ab78cace13ef0af7087bbec7.jpg
0447_null_dataset_jpeg.jpg,success,downloads/1/train/0447_null_dataset_jpeg.rf.52f46e6459ef9cc8d3c5c0c2c1776dce.jpg
ELP_12MP_07.12.2022_167040718496.png,success,downloads/7/images/all_images256/ELP_12MP_07.12.2022_167040718496.png
ELP_12MP_06.12.2022_167035227099.png,success,downloads/7/images/all_images256/ELP_12MP_06.12.2022_167035227099.png
0263_tg_jpeg.jpg,success,downloads/1/train/0263_tg_jpeg.rf.6d8df90b217a732a441fdc9cb433bb12.jpg
3D-printing-is-revolutionizing-education_jpg.jpg,success,downloads/1/train/3D-printing-is-revolutionizing-education_jpg.rf.fc6315b4ba1be10e09d512541c1312e1.jpg
ELP_12MP_06.12.2022_167036327293.png,success,downloads/7/images/all_images256/ELP_12MP_06.12.2022_167036327293.png
ELP_12MP_02.12.2022_166999163110.png,success,downloads/7/images/all_images256/ELP_12MP_02.12.2022_166999163110.png
0429_null_dataset_jpeg.jpg,success,downloads/1/train/0429_null_dataset_jpeg.rf.7900e9f5359478ec20385cc45691fbc9.jpg
ELP_12MP_01.12.2022_166990934636.png,success,downloads/7/images/all_images256/ELP_12MP_01.12.2022_166990934636.png
0222_tg_jpeg.rf.31c4bdf2bc0f8a8f08b32a75817fceb4.jpg,success,downloads/5/valid/0222_tg_jpeg.rf.31c4bdf2bc0f8a8f08b32a75817fceb4.jpg
0405_null_dataset_jpeg.jpg,success,downloads/1/valid/0405_null_dataset_jpeg.rf.ae577ac334538cd7a5b9975aa4f956af.jpg
0205_null_dataset_jpeg.rf.49fca1094b8739b5d998302822f0d335.jpg,success,downloads/5/train/0205_null_dataset_jpeg.rf.49fca1094b8739b5d998302822f0d335.jpg
0036_tg_jpeg.jpg,success,downloads/1/train/0036_tg_jpeg.rf.3bfd672539fea75dda7b97abf825d153.jpg
0416_null_dataset_jpeg.rf.4db3610a9381271de5b2bcd5a514cf78.jpg,success,downloads/5/train/0416_null_dataset_jpeg.rf.4db3610a9381271de5b2bcd5a514cf78.jpg
0238_null_dataset_jpeg.jpg,success,downloads/1/train/0238_null_dataset_jpeg.rf.465b0dc894b5bcf466abb662dddf734a.jpg
3D-dPrinting_jpg.rf.8981e9c26ba389d8bef46889f9b9f376.jpg,success,downloads/5/train/3D-dPrinting_jpg.rf.8981e9c26ba389d8bef46889f9b9f376.jpg
0141_null_dataset_jpeg.rf.28302018254e0be8f18fb27e401efbe0.jpg,success,downloads/5/valid/0141_null_dataset_jpeg.rf.28302018254e0be8f18fb27e401efbe0.jpg
3D-printer-photos-2020-2x1-lowres9405-1024x512-1_jpg.jpg,success,downloads/1/train/3D-printer-photos-2020-2x1-lowres9405-1024x512-1_jpg.rf.517545393f029b3bffe8f91f87630b2b.jpg
ELP_12MP_11.01.2023_167344474784.png,success,downloads/7/images/all_images256/ELP_12MP_11.01.2023_167344474784.png
ELP_12MP_29.11.2022_166975309354.png,success,downloads/7/images/all_images256/ELP_12MP_29.11.2022_166975309354.png
success (72).jpg,success,downloads/4/train/success/success (72).jpg
ELP_12MP_08.12.2022_167053069014.png,success,downloads/7/images/all_images256/ELP_12MP_08.12.2022_167053069014.png
0282_tg_jpeg.jpg,success,downloads/1/train/0282_tg_jpeg.rf.fd18bce941d32eb26833c83ebf5caca6.jpg
0321_null_dataset_jpeg.rf.53dd2c2ca64d2d1c836cae8322d976f4.jpg,success,downloads/5/train/0321_null_dataset_jpeg.rf.53dd2c2ca64d2d1c836cae8322d976f4.jpg
0427_null_dataset_jpeg.rf.1c573ec2ea723e861e7e3ce36b05d20c.jpg,success,downloads/5/train/0427_null_dataset_jpeg.rf.1c573ec2ea723e861e7e3ce36b05d20c.jpg
ELP_12MP_06.12.2022_167035263619.png,success,downloads/7/images/all_images256/ELP_12MP_06.12.2022_167035263619.png
3D-Printing-Is-Changing-the-Global-Manufacturing-Landscape.jpg,success,downloads/3/OK/3D-Printing-Is-Changing-the-Global-Manufacturing-Landscape.jpg
ELP_12MP_07.12.2022_167042000639.png,success,downloads/7/images/all_images256/ELP_12MP_07.12.2022_167042000639.png
ELP_12MP_10.01.2023_167339093317.png,success,downloads/7/images/all_images256/ELP_12MP_10.01.2023_167339093317.png
ELP_12MP_23.02.2023_167716270199.png,success,downloads/7/images/all_images256/ELP_12MP_23.02.2023_167716270199.png
0297_null_dataset_jpeg.rf.64fb964e54f02e95e8bde838ab2ebfd4.jpg,success,downloads/5/test/0297_null_dataset_jpeg.rf.64fb964e54f02e95e8bde838ab2ebfd4.jpg
0070_tg_jpeg.rf.0ac34ff670c006efc684001ae918bbcf.jpg,success,downloads/5/train/0070_tg_jpeg.rf.0ac34ff670c006efc684001ae918bbcf.jpg
ELP_12MP_20.12.2022_167155958131.png,success,downloads/7/images/all_images256/ELP_12MP_20.12.2022_167155958131.png
ELP_12MP_07.12.2022_167044479730.png,success,downloads/7/images/all_images256/ELP_12MP_07.12.2022_167044479730.png
0355_null_dataset_jpeg.jpg,success,downloads/1/train/0355_null_dataset_jpeg.rf.42cab2a5b7a91290a4577bd4976199f7.jpg
success (25).jpg,success,downloads/4/train/success/success (25).jpg
0251_tg_jpeg.rf.c92516eb6077c81cd817f8f77c6877c0.jpg,success,downloads/5/test/0251_tg_jpeg.rf.c92516eb6077c81cd817f8f77c6877c0.jpg
ELP_12MP_29.11.2022_166976126307.png,success,downloads/7/images/all_images256/ELP_12MP_29.11.2022_166976126307.png
ELP_12MP_01.12.2022_166992856422.png,success,downloads/7/images/all_images256/ELP_12MP_01.12.2022_166992856422.png
0124_tg_jpeg.jpg,success,downloads/1/train/0124_tg_jpeg.rf.f4ff390519618e967eca8829944e83f1.jpg
Snmek obrazovky 2022-04-01 212245.jpg,success,downloads/3/OK/Snmek obrazovky 2022-04-01 212245.jpg
file-20190320-93060-1q0qsy2.jpg,success,downloads/3/OK/file-20190320-93060-1q0qsy2.jpg
0510_null_dataset_jpeg.jpg,success,downloads/1/train/0510_null_dataset_jpeg.rf.16244bb6cc07e3450f71144bdccb1ada.jpg
ELP_12MP_13.01.2023_167362698498.png,success,downloads/7/images/all_images256/ELP_12MP_13.01.2023_167362698498.png
0343_null_dataset_jpeg.jpg,success,downloads/1/train/0343_null_dataset_jpeg.rf.6fc2602116e7250eaf2de52006b05cec.jpg
success (33).jpg,success,downloads/4/train/success/success (33).jpg
ELP_12MP_07.12.2022_167040994315.png,success,downloads/7/images/all_images256/ELP_12MP_07.12.2022_167040994315.png
0251_tg_jpeg.jpg,success,downloads/1/train/0251_tg_jpeg.rf.64e719d9ff0e3e91a2b8f3cbb6700536.jpg
0381_null_dataset_jpeg.rf.6ab08ae48344e9d055f7eef1f3d6d617.jpg,success,downloads/5/valid/0381_null_dataset_jpeg.rf.6ab08ae48344e9d055f7eef1f3d6d617.jpg
ELP_12MP_29.11.2022_166974870998.png,success,downloads/7/images/all_images256/ELP_12MP_29.11.2022_166974870998.png
0187_tg_jpeg.jpg,success,downloads/1/valid/0187_tg_jpeg.rf.a17998a71bc83491c27cd73b67d0bc77.jpg
ELP_12MP_06.12.2022_167036043431.png,success,downloads/7/images/all_images256/ELP_12MP_06.12.2022_167036043431.png
ELP_12MP_23.02.2023_167716058040.png,success,downloads/7/images/all_images256/ELP_12MP_23.02.2023_167716058040.png
0251_null_dataset_jpeg.rf.e0472562c2d64b0a1d12898ce4ab2cd3.jpg,success,downloads/5/test/0251_null_dataset_jpeg.rf.e0472562c2d64b0a1d12898ce4ab2cd3.jpg
ELP_12MP_04.01.2023_167284535969.png,success,downloads/7/images/all_images256/ELP_12MP_04.01.2023_167284535969.png
0298_null_dataset_jpeg.jpg,success,downloads/1/valid/0298_null_dataset_jpeg.rf.0e53b0f64b3116b6fbff9a8b06de544c.jpg
gettyimages-534423775-170667a.jpg,success,downloads/3/OK/gettyimages-534423775-170667a.jpg
EjfeSVIXcAUoy7J-scaled_jpg.jpg,success,downloads/1/test/EjfeSVIXcAUoy7J-scaled_jpg.rf.4a65e2633b2648bf8ee9647eff9f972a.jpg
ELP_12MP_28.12.2022_167224388561.png,success,downloads/7/images/all_images256/ELP_12MP_28.12.2022_167224388561.png
ELP_12MP_07.12.2022_167041352520.png,success,downloads/7/images/all_images256/ELP_12MP_07.12.2022_167041352520.png
ELP_12MP_06.12.2022_167035914486.png,success,downloads/7/images/all_images256/ELP_12MP_06.12.2022_167035914486.png
0495_null_dataset_jpeg.rf.0375979b3e23c54ad1fadf666e708623.jpg,success,downloads/5/train/0495_null_dataset_jpeg.rf.0375979b3e23c54ad1fadf666e708623.jpg
success (64).jpg,success,downloads/4/train/success/success (64).jpg
ELP_12MP_13.12.2022_167094576183.png,success,downloads/7/images/all_images256/ELP_12MP_13.12.2022_167094576183.png
0221_tg_jpeg.jpg,success,downloads/1/train/0221_tg_jpeg.rf.3bfaeda92b706f569eb352d0fd1e8a74.jpg
0395_tg_jpeg.rf.48e78b79d3125fde822d69d7268a7c76.jpg,success,downloads/5/train/0395_tg_jpeg.rf.48e78b79d3125fde822d69d7268a7c76.jpg
ELP_12MP_29.11.2022_166974270384.png,success,downloads/7/images/all_images256/ELP_12MP_29.11.2022_166974270384.png
Snmek obrazovky 2022-04-01 222153.jpg,success,downloads/3/OK/Snmek obrazovky 2022-04-01 222153.jpg
ELP_12MP_06.12.2022_167035477557.png,success,downloads/7/images/all_images256/ELP_12MP_06.12.2022_167035477557.png
ELP_12MP_11.01.2023_167344447212.png,success,downloads/7/images/all_images256/ELP_12MP_11.01.2023_167344447212.png
ELP_12MP_07.12.2022_167042007744.png,success,downloads/7/images/all_images256/ELP_12MP_07.12.2022_167042007744.png
ELP_12MP_07.12.2022_167041332571.png,success,downloads/7/images/all_images256/ELP_12MP_07.12.2022_167041332571.png
ELP_12MP_23.02.2023_167716148053.png,success,downloads/7/images/all_images256/ELP_12MP_23.02.2023_167716148053.png
ELP_12MP_29.11.2022_166976123679.png,success,downloads/7/images/all_images256/ELP_12MP_29.11.2022_166976123679.png
ELP_12MP_05.01.2023_167292338014.png,success,downloads/7/images/all_images256/ELP_12MP_05.01.2023_167292338014.png
ELP_12MP_05.01.2023_167292658265.png,success,downloads/7/images/all_images256/ELP_12MP_05.01.2023_167292658265.png
ELP_12MP_11.01.2023_167343394288.png,success,downloads/7/images/all_images256/ELP_12MP_11.01.2023_167343394288.png
success (13).jpg,success,downloads/4/train/success/success (13).jpg
ELP_12MP_03.01.2023_167276031544.png,success,downloads/7/images/all_images256/ELP_12MP_03.01.2023_167276031544.png
0421_null_dataset_jpeg.jpg,success,downloads/1/train/0421_null_dataset_jpeg.rf.4d74645eb89b46b61643a272fa576611.jpg
0196_null_dataset_jpeg.jpg,success,downloads/1/train/0196_null_dataset_jpeg.rf.fecd477edb4d2fe653f9819bf6e797c4.jpg
ELP_12MP_20.12.2022_167155961361.png,success,downloads/7/images/all_images256/ELP_12MP_20.12.2022_167155961361.png
0244_tg_jpeg.jpg,success,downloads/1/train/0244_tg_jpeg.rf.fc4a3fe337d945bf8e66c672b9ee8864.jpg
ELP_12MP_13.12.2022_167094437136.png,success,downloads/7/images/all_images256/ELP_12MP_13.12.2022_167094437136.png
ELP_12MP_20.12.2022_167155141142.png,success,downloads/7/images/all_images256/ELP_12MP_20.12.2022_167155141142.png
ELP_12MP_07.12.2022_167040347548.png,success,downloads/7/images/all_images256/ELP_12MP_07.12.2022_167040347548.png
0497_null_dataset_jpeg.jpg,success,downloads/1/train/0497_null_dataset_jpeg.rf.5a849338de7b6ef51463ad35b292d514.jpg
0192_tg_jpeg.jpg,success,downloads/1/valid/0192_tg_jpeg.rf.e0928f90ca7e062757374f06515382b9.jpg
ELP_12MP_11.01.2023_167344664673.png,success,downloads/7/images/all_images256/ELP_12MP_11.01.2023_167344664673.png
Snmek obrazovky 2022-04-01 214839.jpg,success,downloads/3/OK/Snmek obrazovky 2022-04-01 214839.jpg
ELP_12MP_13.12.2022_167097033150.png,success,downloads/7/images/all_images256/ELP_12MP_13.12.2022_167097033150.png
ELP_12MP_13.12.2022_167097037478.png,success,downloads/7/images/all_images256/ELP_12MP_13.12.2022_167097037478.png
success (44).jpg,success,downloads/4/train/success/success (44).jpg
ELP_12MP_06.12.2022_167036629300.png,success,downloads/7/images/all_images256/ELP_12MP_06.12.2022_167036629300.png
Snmek obrazovky 2022-04-01 221841.jpg,success,downloads/3/OK/Snmek obrazovky 2022-04-01 221841.jpg
0030_tg_jpeg.rf.162e2feb8d29d8148c4896cd7c37c8df.jpg,success,downloads/5/train/0030_tg_jpeg.rf.162e2feb8d29d8148c4896cd7c37c8df.jpg
ELP_12MP_13.01.2023_167362608937.png,success,downloads/7/images/all_images256/ELP_12MP_13.01.2023_167362608937.png
ELP_12MP_23.02.2023_167716548059.png,success,downloads/7/images/all_images256/ELP_12MP_23.02.2023_167716548059.png
ELP_12MP_07.12.2022_167044703608.png,success,downloads/7/images/all_images256/ELP_12MP_07.12.2022_167044703608.png
0031_tg_jpeg.rf.24600c266b713569a206cc2645ae65a3.jpg,success,downloads/5/train/0031_tg_jpeg.rf.24600c266b713569a206cc2645ae65a3.jpg
3D-Printer-Tips-Gear-GettyImages-1043199056_webp.rf.3acd339ce323413cbaeb501a0cb95e0a.jpg,success,downloads/5/train/3D-Printer-Tips-Gear-GettyImages-1043199056_webp.rf.3acd339ce323413cbaeb501a0cb95e0a.jpg
0367_null_dataset_jpeg.jpg,success,downloads/1/train/0367_null_dataset_jpeg.rf.371e6cdf57d2c51d5e316248e9ca1a3e.jpg
ELP_12MP_07.12.2022_167044656972.png,success,downloads/7/images/all_images256/ELP_12MP_07.12.2022_167044656972.png
0276_null_dataset_jpeg.rf.5110ae52d8abdf93d2e9666fd0ab5d14.jpg,success,downloads/5/train/0276_null_dataset_jpeg.rf.5110ae52d8abdf93d2e9666fd0ab5d14.jpg
0074_tg_jpeg.rf.78491fbc17d72263ee1d147fc9f94973.jpg,success,downloads/5/valid/0074_tg_jpeg.rf.78491fbc17d72263ee1d147fc9f94973.jpg
0309_null_dataset_jpeg.jpg,success,downloads/1/valid/0309_null_dataset_jpeg.rf.9194545401c8aaf73aa4490df197d2b5.jpg
success (52).jpg,success,downloads/4/train/success/success (52).jpg
ELP_12MP_13.12.2022_167094612736.png,success,downloads/7/images/all_images256/ELP_12MP_13.12.2022_167094612736.png
0308_tg_jpeg.jpg,success,downloads/1/train/0308_tg_jpeg.rf.6f9327736d88a9c599560e83bfaba0ec.jpg
0287_tg_jpeg.rf.e2b3e05d0a84197b0c3d81b8ecc9f335.jpg,success,downloads/5/test/0287_tg_jpeg.rf.e2b3e05d0a84197b0c3d81b8ecc9f335.jpg
0582_null_dataset_jpeg.jpg,success,downloads/1/train/0582_null_dataset_jpeg.rf.52432cbddc27adbccf29ead65c4c39e5.jpg
ELP_12MP_06.12.2022_167033707019.png,success,downloads/7/images/all_images256/ELP_12MP_06.12.2022_167033707019.png
Snmek-obrazovky-2022-04-01-214316_jpg.rf.23fe2a605adbf0ac9c7ec9de57cea742.jpg,success,downloads/5/train/Snmek-obrazovky-2022-04-01-214316_jpg.rf.23fe2a605adbf0ac9c7ec9de57cea742.jpg
file-20190725-136781-153x4jj.jpg,success,downloads/3/OK/file-20190725-136781-153x4jj.jpg
ELP_12MP_21.12.2022_167159397584.png,success,downloads/7/images/all_images256/ELP_12MP_21.12.2022_167159397584.png
ELP_12MP_11.01.2023_167344795067.png,success,downloads/7/images/all_images256/ELP_12MP_11.01.2023_167344795067.png
ELP_12MP_06.12.2022_167036600816.png,success,downloads/7/images/all_images256/ELP_12MP_06.12.2022_167036600816.png
ELP_12MP_11.01.2023_167344505157.png,success,downloads/7/images/all_images256/ELP_12MP_11.01.2023_167344505157.png
ELP_12MP_06.12.2022_167036636195.png,success,downloads/7/images/all_images256/ELP_12MP_06.12.2022_167036636195.png
ELP_12MP_29.11.2022_166976126107.png,success,downloads/7/images/all_images256/ELP_12MP_29.11.2022_166976126107.png
ELP_12MP_20.12.2022_167155256531.png,success,downloads/7/images/all_images256/ELP_12MP_20.12.2022_167155256531.png
ELP_12MP_05.01.2023_167294210204.png,success,downloads/7/images/all_images256/ELP_12MP_05.01.2023_167294210204.png
ELP_12MP_07.12.2022_167041961699.png,success,downloads/7/images/all_images256/ELP_12MP_07.12.2022_167041961699.png
ELP_12MP_02.12.2022_166999151638.png,success,downloads/7/images/all_images256/ELP_12MP_02.12.2022_166999151638.png
ELP_12MP_06.12.2022_167035435612.png,success,downloads/7/images/all_images256/ELP_12MP_06.12.2022_167035435612.png
0481_null_dataset_jpeg.jpg,success,downloads/1/train/0481_null_dataset_jpeg.rf.54d2b9aea0a9e8d1071255e8a3cd8dbc.jpg
ELP_12MP_29.11.2022_166974873115.png,success,downloads/7/images/all_images256/ELP_12MP_29.11.2022_166974873115.png
0385_tg_jpeg.jpg,success,downloads/1/valid/0385_tg_jpeg.rf.e6189f40f33bbba3481adf7c15200ff4.jpg
ELP_12MP_11.01.2023_167344514099.png,success,downloads/7/images/all_images256/ELP_12MP_11.01.2023_167344514099.png
0264_null_dataset_jpeg.jpg,success,downloads/1/train/0264_null_dataset_jpeg.rf.1bfa4cbe865c83dc82ad3a22cdfaee41.jpg
ELP_12MP_11.01.2023_167344474779.png,success,downloads/7/images/all_images256/ELP_12MP_11.01.2023_167344474779.png
0391_null_dataset_jpeg.rf.18eaf12498918153798e2c34daeb8b59.jpg,success,downloads/5/train/0391_null_dataset_jpeg.rf.18eaf12498918153798e2c34daeb8b59.jpg
0198_null_dataset_jpeg.rf.21026d046f519a6dda144bdfcd6789a0.jpg,success,downloads/5/train/0198_null_dataset_jpeg.rf.21026d046f519a6dda144bdfcd6789a0.jpg
0039_tg_jpeg.rf.620fb29e0a6f043cafbbabe4d082fca4.jpg,success,downloads/5/valid/0039_tg_jpeg.rf.620fb29e0a6f043cafbbabe4d082fca4.jpg
ELP_12MP_11.01.2023_167344602119.png,success,downloads/7/images/all_images256/ELP_12MP_11.01.2023_167344602119.png
0131_tg_jpeg.jpg,success,downloads/1/train/0131_tg_jpeg.rf.f8d1d0b12585ec8ccb1347c8ec7ff2a9.jpg
ELP_12MP_06.12.2022_167033695779.png,success,downloads/7/images/all_images256/ELP_12MP_06.12.2022_167033695779.png
ELP_12MP_29.11.2022_166976083222.png,success,downloads/7/images/all_images256/ELP_12MP_29.11.2022_166976083222.png
ELP_12MP_13.01.2023_167362206119.png,success,downloads/7/images/all_images256/ELP_12MP_13.01.2023_167362206119.png
0475_null_dataset_jpeg.jpg,success,downloads/1/train/0475_null_dataset_jpeg.rf.639aacebed52ff2c815bc50df5d55a6f.jpg
0226_null_dataset_jpeg.jpg,success,downloads/1/train/0226_null_dataset_jpeg.rf.10a05769cd46721c69b7e25afd9f9161.jpg
Snmek obrazovky 2022-04-01 211405.jpg,success,downloads/3/OK/Snmek obrazovky 2022-04-01 211405.jpg
ELP_12MP_10.01.2023_167338674199.png,success,downloads/7/images/all_images256/ELP_12MP_10.01.2023_167338674199.png
ELP_12MP_10.01.2023_167338955214.png,success,downloads/7/images/all_images256/ELP_12MP_10.01.2023_167338955214.png
ELP_12MP_06.12.2022_167034427843.png,success,downloads/7/images/all_images256/ELP_12MP_06.12.2022_167034427843.png
ELP_12MP_06.12.2022_167035489729.png,success,downloads/7/images/all_images256/ELP_12MP_06.12.2022_167035489729.png
0259_tg_jpeg.rf.132b54a57a58cebd1f44ff48faf63983.jpg,success,downloads/5/train/0259_tg_jpeg.rf.132b54a57a58cebd1f44ff48faf63983.jpg
0364_tg_jpeg.jpg,success,downloads/1/valid/0364_tg_jpeg.rf.03437a1eafae3be54072f2099e5565d5.jpg
success (91).jpg,success,downloads/4/train/success/success (91).jpg
ELP_12MP_20.12.2022_167156541790.png,success,downloads/7/images/all_images256/ELP_12MP_20.12.2022_167156541790.png
0248_null_dataset_jpeg.jpg,success,downloads/1/train/0248_null_dataset_jpeg.rf.54f8a4b095dcf8437de0170c92501bda.jpg
ELP_12MP_13.12.2022_167094682898.png,success,downloads/7/images/all_images256/ELP_12MP_13.12.2022_167094682898.png
ELP_12MP_05.01.2023_167292864796.png,success,downloads/7/images/all_images256/ELP_12MP_05.01.2023_167292864796.png
ELP_12MP_11.01.2023_167343395791.png,success,downloads/7/images/all_images256/ELP_12MP_11.01.2023_167343395791.png
ELP_12MP_06.12.2022_167035596184.png,success,downloads/7/images/all_images256/ELP_12MP_06.12.2022_167035596184.png
ELP_12MP_29.11.2022_166975930476.png,success,downloads/7/images/all_images256/ELP_12MP_29.11.2022_166975930476.png
ELP_12MP_06.12.2022_167036734973.png,success,downloads/7/images/all_images256/ELP_12MP_06.12.2022_167036734973.png
0519_null_dataset_jpeg.rf.e6beb952a4645284fb0359d33949a8a6.jpg,success,downloads/5/valid/0519_null_dataset_jpeg.rf.e6beb952a4645284fb0359d33949a8a6.jpg
ELP_12MP_08.01.2023_167318359737.png,success,downloads/7/images/all_images256/ELP_12MP_08.01.2023_167318359737.png
ELP_12MP_29.11.2022_166976042480.png,success,downloads/7/images/all_images256/ELP_12MP_29.11.2022_166976042480.png
Snmek obrazovky 2022-04-01 221539.jpg,success,downloads/3/OK/Snmek obrazovky 2022-04-01 221539.jpg
ELP_12MP_07.12.2022_167040563049.png,success,downloads/7/images/all_images256/ELP_12MP_07.12.2022_167040563049.png
ELP_12MP_07.12.2022_167044658779.png,success,downloads/7/images/all_images256/ELP_12MP_07.12.2022_167044658779.png
success (29).jpg,success,downloads/4/train/success/success (29).jpg
ELP_12MP_05.01.2023_167292393731.png,success,downloads/7/images/all_images256/ELP_12MP_05.01.2023_167292393731.png
0314_tg_jpeg.jpg,success,downloads/1/valid/0314_tg_jpeg.rf.8f505a6c18400399cdac271974baf74b.jpg
ELP_12MP_05.01.2023_167292411569.png,success,downloads/7/images/all_images256/ELP_12MP_05.01.2023_167292411569.png
ELP_12MP_07.12.2022_167044560504.png,success,downloads/7/images/all_images256/ELP_12MP_07.12.2022_167044560504.png
ELP_12MP_29.11.2022_166975149250.png,success,downloads/7/images/all_images256/ELP_12MP_29.11.2022_166975149250.png
ELP_12MP_13.12.2022_167094696351.png,success,downloads/7/images/all_images256/ELP_12MP_13.12.2022_167094696351.png
ELP_12MP_06.12.2022_167036634542.png,success,downloads/7/images/all_images256/ELP_12MP_06.12.2022_167036634542.png
ELP_12MP_05.01.2023_167291972881.png,success,downloads/7/images/all_images256/ELP_12MP_05.01.2023_167291972881.png
ELP_12MP_06.12.2022_167034421771.png,success,downloads/7/images/all_images256/ELP_12MP_06.12.2022_167034421771.png
success (121).jpg,success,downloads/4/valid/success/success (121).jpg
0576_null_dataset_jpeg.jpg,success,downloads/1/train/0576_null_dataset_jpeg.rf.f3d04c6386abc320aac7772ccaf6559c.jpg
ELP_12MP_29.11.2022_166976125157.png,success,downloads/7/images/all_images256/ELP_12MP_29.11.2022_166976125157.png
0325_null_dataset_jpeg.jpg,success,downloads/1/train/0325_null_dataset_jpeg.rf.84d509b3d0667317667f8b0e62bb07ff.jpg
ELP_12MP_29.11.2022_166975945599.png,success,downloads/7/images/all_images256/ELP_12MP_29.11.2022_166975945599.png
0436_null_dataset_jpeg.rf.4de891944622e71d5353f1566f21d629.jpg,success,downloads/5/train/0436_null_dataset_jpeg.rf.4de891944622e71d5353f1566f21d629.jpg
ELP_12MP_20.12.2022_167156545737.png,success,downloads/7/images/all_images256/ELP_12MP_20.12.2022_167156545737.png
ELP_12MP_05.01.2023_167292417865.png,success,downloads/7/images/all_images256/ELP_12MP_05.01.2023_167292417865.png
ELP_12MP_23.02.2023_167716538346.png,success,downloads/7/images/all_images256/ELP_12MP_23.02.2023_167716538346.png
Snmek obrazovky 2022-04-01 211820.jpg,success,downloads/3/OK/Snmek obrazovky 2022-04-01 211820.jpg
0228_tg_jpeg.jpg,success,downloads/1/train/0228_tg_jpeg.rf.5b7dc1c823cc5289771193df61227273.jpg
ELP_12MP_05.01.2023_167292352019.png,success,downloads/7/images/all_images256/ELP_12MP_05.01.2023_167292352019.png
ELP_12MP_05.01.2023_167293175045.png,success,downloads/7/images/all_images256/ELP_12MP_05.01.2023_167293175045.png
0350_tg_jpeg.rf.b96bc757c5c6775e543389781cab4b28.jpg,success,downloads/5/test/0350_tg_jpeg.rf.b96bc757c5c6775e543389781cab4b28.jpg
ELP_12MP_06.12.2022_167035230108.png,success,downloads/7/images/all_images256/ELP_12MP_06.12.2022_167035230108.png
success (137).jpg,success,downloads/4/valid/success/success (137).jpg
ELP_12MP_07.12.2022_167041363517.png,success,downloads/7/images/all_images256/ELP_12MP_07.12.2022_167041363517.png
ELP_12MP_29.11.2022_166975939042.png,success,downloads/7/images/all_images256/ELP_12MP_29.11.2022_166975939042.png
ELP_12MP_04.01.2023_167284562365.png,success,downloads/7/images/all_images256/ELP_12MP_04.01.2023_167284562365.png
0580_null_dataset_jpeg.rf.2007181b34f56cd029f5e1e9374a6ac5.jpg,success,downloads/5/train/0580_null_dataset_jpeg.rf.2007181b34f56cd029f5e1e9374a6ac5.jpg
cool-hollowed-reptile-bcn3d-via-thingiverse-200327.jpg,success,downloads/3/OK/cool-hollowed-reptile-bcn3d-via-thingiverse-200327.jpg
ELP_12MP_05.01.2023_167291717547.png,success,downloads/7/images/all_images256/ELP_12MP_05.01.2023_167291717547.png
ELP_12MP_10.01.2023_167338178665.png,success,downloads/7/images/all_images256/ELP_12MP_10.01.2023_167338178665.png
ELP_12MP_06.12.2022_167033721632.png,success,downloads/7/images/all_images256/ELP_12MP_06.12.2022_167033721632.png
Snmek obrazovky 2022-04-01 211954.jpg,success,downloads/3/OK/Snmek obrazovky 2022-04-01 211954.jpg
success (68).jpg,success,downloads/4/train/success/success (68).jpg
ELP_12MP_01.12.2022_166991318745.png,success,downloads/7/images/all_images256/ELP_12MP_01.12.2022_166991318745.png
Snmek-obrazovky-2022-04-01-211425_jpg.rf.193350408b0113407009e628dd4dd9a8.jpg,success,downloads/5/train/Snmek-obrazovky-2022-04-01-211425_jpg.rf.193350408b0113407009e628dd4dd9a8.jpg
ELP_12MP_01.12.2022_166990917833.png,success,downloads/7/images/all_images256/ELP_12MP_01.12.2022_166990917833.png
ELP_12MP_13.01.2023_167362550071.png,success,downloads/7/images/all_images256/ELP_12MP_13.01.2023_167362550071.png
ELP_12MP_06.12.2022_167035821364.png,success,downloads/7/images/all_images256/ELP_12MP_06.12.2022_167035821364.png
ELP_12MP_23.02.2023_167716882694.png,success,downloads/7/images/all_images256/ELP_12MP_23.02.2023_167716882694.png
ELP_12MP_13.12.2022_167096971392.png,success,downloads/7/images/all_images256/ELP_12MP_13.12.2022_167096971392.png
0123_tg_jpeg.rf.0fa3c339a78f25865ee4b55073674c99.jpg,success,downloads/5/train/0123_tg_jpeg.rf.0fa3c339a78f25865ee4b55073674c99.jpg
success (87).jpg,success,downloads/4/train/success/success (87).jpg
ELP_12MP_06.12.2022_167035231955.png,success,downloads/7/images/all_images256/ELP_12MP_06.12.2022_167035231955.png
success (160).jpg,success,downloads/4/test/success/success (160).jpg
0463_null_dataset_jpeg.rf.e52b7553c171989a50db1c3aece5182f.jpg,success,downloads/5/valid/0463_null_dataset_jpeg.rf.e52b7553c171989a50db1c3aece5182f.jpg
ELP_12MP_07.12.2022_167041996364.png,success,downloads/7/images/all_images256/ELP_12MP_07.12.2022_167041996364.png
ELP_12MP_13.12.2022_167094518117.png,success,downloads/7/images/all_images256/ELP_12MP_13.12.2022_167094518117.png
ELP_12MP_07.12.2022_167040728386.png,success,downloads/7/images/all_images256/ELP_12MP_07.12.2022_167040728386.png
0230_null_dataset_jpeg.jpg,success,downloads/1/train/0230_null_dataset_jpeg.rf.5f67a3bf1e0c0223314996e9322527c0.jpg
success (161).jpg,success,downloads/4/test/success/success (161).jpg
Snmek-obrazovky-2022-04-01-211425_jpg.jpg,success,downloads/1/train/Snmek-obrazovky-2022-04-01-211425_jpg.rf.f41fdb0a3301b6addd91d17d840d1c8f.jpg
success (1).jpg,success,downloads/4/train/success/success (1).jpg
ELP_12MP_04.01.2023_167284616666.png,success,downloads/7/images/all_images256/ELP_12MP_04.01.2023_167284616666.png
Snmek obrazovky 2022-04-01 212915.jpg,success,downloads/3/OK/Snmek obrazovky 2022-04-01 212915.jpg
ELP_12MP_02.12.2022_166999177942.png,success,downloads/7/images/all_images256/ELP_12MP_02.12.2022_166999177942.png
ELP_12MP_04.01.2023_167284536526.png,success,downloads/7/images/all_images256/ELP_12MP_04.01.2023_167284536526.png
ELP_12MP_11.01.2023_167344498677.png,success,downloads/7/images/all_images256/ELP_12MP_11.01.2023_167344498677.png
0586_null_dataset_jpeg.rf.3cdd532f8b48abfbebd4a301a8428705.jpg,success,downloads/5/valid/0586_null_dataset_jpeg.rf.3cdd532f8b48abfbebd4a301a8428705.jpg
0056_tg_jpeg.jpg,success,downloads/1/train/0056_tg_jpeg.rf.0cf9eb906ceda70e079d424ed6dda7a4.jpg
success (69).jpg,success,downloads/4/train/success/success (69).jpg
0469_null_dataset_jpeg.jpg,success,downloads/1/train/0469_null_dataset_jpeg.rf.f97b444d9c43bad5fefa14e4ba26adfc.jpg
0255_null_dataset_jpeg.rf.54f393cd5868ca5d75da031dac070acc.jpg,success,downloads/5/train/0255_null_dataset_jpeg.rf.54f393cd5868ca5d75da031dac070acc.jpg
ELP_12MP_06.12.2022_167035456207.png,success,downloads/7/images/all_images256/ELP_12MP_06.12.2022_167035456207.png
ELP_12MP_06.12.2022_167035623634.png,success,downloads/7/images/all_images256/ELP_12MP_06.12.2022_167035623634.png
ELP_12MP_11.01.2023_167344507194.png,success,downloads/7/images/all_images256/ELP_12MP_11.01.2023_167344507194.png
0254_null_dataset_jpeg.jpg,success,downloads/1/train/0254_null_dataset_jpeg.rf.994dbf6c0674fe63e103d3bc2d54faa6.jpg
ELP_12MP_28.12.2022_167224393146.png,success,downloads/7/images/all_images256/ELP_12MP_28.12.2022_167224393146.png
ELP_12MP_20.12.2022_167156544954.png,success,downloads/7/images/all_images256/ELP_12MP_20.12.2022_167156544954.png
ELP_12MP_06.01.2023_167301600256.png,success,downloads/7/images/all_images256/ELP_12MP_06.01.2023_167301600256.png
success (86).jpg,success,downloads/4/train/success/success (86).jpg
Snmek obrazovky 2022-04-01 214343.jpg,success,downloads/3/OK/Snmek obrazovky 2022-04-01 214343.jpg
ELP_12MP_06.12.2022_167036812985.png,success,downloads/7/images/all_images256/ELP_12MP_06.12.2022_167036812985.png
ELP_12MP_05.01.2023_167294229906.png,success,downloads/7/images/all_images256/ELP_12MP_05.01.2023_167294229906.png
ELP_12MP_23.02.2023_167716854995.png,success,downloads/7/images/all_images256/ELP_12MP_23.02.2023_167716854995.png
success (136).jpg,success,downloads/4/valid/success/success (136).jpg
ELP_12MP_23.02.2023_167716958163.png,success,downloads/7/images/all_images256/ELP_12MP_23.02.2023_167716958163.png
ELP_12MP_06.12.2022_167035810426.png,success,downloads/7/images/all_images256/ELP_12MP_06.12.2022_167035810426.png
ELP_12MP_07.12.2022_167044554060.png,success,downloads/7/images/all_images256/ELP_12MP_07.12.2022_167044554060.png
ELP_12MP_10.01.2023_167338178661.png,success,downloads/7/images/all_images256/ELP_12MP_10.01.2023_167338178661.png
0144_tg_jpeg.jpg,success,downloads/1/valid/0144_tg_jpeg.rf.76cdd3dabbed5691c5af0504f39534e1.jpg
ELP_12MP_08.12.2022_167052982877.png,success,downloads/7/images/all_images256/ELP_12MP_08.12.2022_167052982877.png
ELP_12MP_29.11.2022_166974266091.png,success,downloads/7/images/all_images256/ELP_12MP_29.11.2022_166974266091.png
ELP_12MP_06.12.2022_167036383133.png,success,downloads/7/images/all_images256/ELP_12MP_06.12.2022_167036383133.png
0256_null_dataset_jpeg.rf.67532d4f57e583de2ef17ef9f6792b5f.jpg,success,downloads/5/train/0256_null_dataset_jpeg.rf.67532d4f57e583de2ef17ef9f6792b5f.jpg
ELP_12MP_01.12.2022_166992936266.png,success,downloads/7/images/all_images256/ELP_12MP_01.12.2022_166992936266.png
0281_tg_jpeg.rf.4415313e519ecff3aeff974db6add189.jpg,success,downloads/5/valid/0281_tg_jpeg.rf.4415313e519ecff3aeff974db6add189.jpg
ELP_12MP_06.01.2023_167301638440.png,success,downloads/7/images/all_images256/ELP_12MP_06.01.2023_167301638440.png
success (120).jpg,success,downloads/4/valid/success/success (120).jpg
ELP_12MP_03.01.2023_167276025130.png,success,downloads/7/images/all_images256/ELP_12MP_03.01.2023_167276025130.png
ELP_12MP_07.12.2022_167040607759.png,success,downloads/7/images/all_images256/ELP_12MP_07.12.2022_167040607759.png
0383_null_dataset_jpeg.rf.9587e760ded9bc9813b84f2b471bc69c.jpg,success,downloads/5/train/0383_null_dataset_jpeg.rf.9587e760ded9bc9813b84f2b471bc69c.jpg
0488_null_dataset_jpeg.rf.cad794b71eb57f43ccf0a51271dbef71.jpg,success,downloads/5/valid/0488_null_dataset_jpeg.rf.cad794b71eb57f43ccf0a51271dbef71.jpg
0399_null_dataset_jpeg.jpg,success,downloads/1/train/0399_null_dataset_jpeg.rf.a55d433c9f76eba258b96c3b7ef2d3a8.jpg
0582_null_dataset_jpeg.rf.59c4484e31ce1f27319529fcb15afd6f.jpg,success,downloads/5/train/0582_null_dataset_jpeg.rf.59c4484e31ce1f27319529fcb15afd6f.jpg
ELP_12MP_07.12.2022_167040619229.png,success,downloads/7/images/all_images256/ELP_12MP_07.12.2022_167040619229.png
ELP_12MP_06.12.2022_167036374430.png,success,downloads/7/images/all_images256/ELP_12MP_06.12.2022_167036374430.png
ELP_12MP_13.12.2022_167097154910.png,success,downloads/7/images/all_images256/ELP_12MP_13.12.2022_167097154910.png
ELP_12MP_05.01.2023_167291867293.png,success,downloads/7/images/all_images256/ELP_12MP_05.01.2023_167291867293.png
0218_tg_jpeg.rf.5602f5c2f4641edba630a9989c778597.jpg,success,downloads/5/train/0218_tg_jpeg.rf.5602f5c2f4641edba630a9989c778597.jpg
ELP_12MP_06.12.2022_167033739694.png,success,downloads/7/images/all_images256/ELP_12MP_06.12.2022_167033739694.png
success (28).jpg,success,downloads/4/train/success/success (28).jpg
0296_null_dataset_jpeg.rf.7e9d90013ba05be92be3d14714b7fb5a.jpg,success,downloads/5/test/0296_null_dataset_jpeg.rf.7e9d90013ba05be92be3d14714b7fb5a.jpg
ELP_12MP_28.12.2022_167224364690.png,success,downloads/7/images/all_images256/ELP_12MP_28.12.2022_167224364690.png
ELP_12MP_20.12.2022_167155069595.png,success,downloads/7/images/all_images256/ELP_12MP_20.12.2022_167155069595.png
0341_null_dataset_jpeg.jpg,success,downloads/1/train/0341_null_dataset_jpeg.rf.5c055050df09acd744b9b3645f799f22.jpg
ELP_12MP_06.12.2022_167035891931.png,success,downloads/7/images/all_images256/ELP_12MP_06.12.2022_167035891931.png
ELP_12MP_23.02.2023_167716061765.png,success,downloads/7/images/all_images256/ELP_12MP_23.02.2023_167716061765.png
ELP_12MP_13.12.2022_167096911700.png,success,downloads/7/images/all_images256/ELP_12MP_13.12.2022_167096911700.png
ELP_12MP_06.12.2022_167036634546.png,success,downloads/7/images/all_images256/ELP_12MP_06.12.2022_167036634546.png
ELP_12MP_10.01.2023_167338325469.png,success,downloads/7/images/all_images256/ELP_12MP_10.01.2023_167338325469.png
ELP_12MP_11.01.2023_167343392561.png,success,downloads/7/images/all_images256/ELP_12MP_11.01.2023_167343392561.png
ELP_12MP_02.12.2022_166999214497.png,success,downloads/7/images/all_images256/ELP_12MP_02.12.2022_166999214497.png
0411_null_dataset_jpeg.jpg,success,downloads/1/train/0411_null_dataset_jpeg.rf.4f4835800066e439029511629b0c3dda.jpg
ELP_12MP_29.11.2022_166975951932.png,success,downloads/7/images/all_images256/ELP_12MP_29.11.2022_166975951932.png
0197_tg_jpeg.jpg,success,downloads/1/valid/0197_tg_jpeg.rf.5a40a6aa948dd00ad2ef0c1f89d2eeb1.jpg
ELP_12MP_20.12.2022_167155175355.png,success,downloads/7/images/all_images256/ELP_12MP_20.12.2022_167155175355.png
ELP_12MP_07.12.2022_167041989452.png,success,downloads/7/images/all_images256/ELP_12MP_07.12.2022_167041989452.png
0237_null_dataset_jpeg.rf.2b5203ff0ba05637c4ccb7bf9485a7f3.jpg,success,downloads/5/train/0237_null_dataset_jpeg.rf.2b5203ff0ba05637c4ccb7bf9485a7f3.jpg
Snmek-obrazovky-2022-04-01-215046_jpg.jpg,success,downloads/1/train/Snmek-obrazovky-2022-04-01-215046_jpg.rf.60a9990ea9c6a273ea81989734750d5a.jpg
ELP_12MP_13.01.2023_167362512440.png,success,downloads/7/images/all_images256/ELP_12MP_13.01.2023_167362512440.png
0226_null_dataset_jpeg.rf.0db47f3e5db02695377b7c61acbe17e5.jpg,success,downloads/5/train/0226_null_dataset_jpeg.rf.0db47f3e5db02695377b7c61acbe17e5.jpg
ELP_12MP_05.01.2023_167291982948.png,success,downloads/7/images/all_images256/ELP_12MP_05.01.2023_167291982948.png
ELP_12MP_06.12.2022_167035281880.png,success,downloads/7/images/all_images256/ELP_12MP_06.12.2022_167035281880.png
success (90).jpg,success,downloads/4/train/success/success (90).jpg
ELP_12MP_23.02.2023_167716379384.png,success,downloads/7/images/all_images256/ELP_12MP_23.02.2023_167716379384.png
ELP_12MP_23.02.2023_167716969989.png,success,downloads/7/images/all_images256/ELP_12MP_23.02.2023_167716969989.png
ELP_12MP_20.12.2022_167156541795.png,success,downloads/7/images/all_images256/ELP_12MP_20.12.2022_167156541795.png
Snmek-obrazovky-2022-04-01-215046_jpg.rf.2fc5ab8299feb45d60bd2cd76defa3cd.jpg,success,downloads/5/train/Snmek-obrazovky-2022-04-01-215046_jpg.rf.2fc5ab8299feb45d60bd2cd76defa3cd.jpg
ELP_12MP_07.12.2022_167041981796.png,success,downloads/7/images/all_images256/ELP_12MP_07.12.2022_167041981796.png
0265_tg_jpeg.rf.9c73dac4115142fa620dc7c4288e6c89.jpg,success,downloads/5/train/0265_tg_jpeg.rf.9c73dac4115142fa620dc7c4288e6c89.jpg
ELP_12MP_07.12.2022_167041983181.png,success,downloads/7/images/all_images256/ELP_12MP_07.12.2022_167041983181.png
ELP_12MP_06.12.2022_167035484234.png,success,downloads/7/images/all_images256/ELP_12MP_06.12.2022_167035484234.png
ELP_12MP_06.12.2022_167035631351.png,success,downloads/7/images/all_images256/ELP_12MP_06.12.2022_167035631351.png
ELP_12MP_06.12.2022_167036169143.png,success,downloads/7/images/all_images256/ELP_12MP_06.12.2022_167036169143.png
ELP_12MP_20.12.2022_167155874152.png,success,downloads/7/images/all_images256/ELP_12MP_20.12.2022_167155874152.png
ELP_12MP_03.01.2023_167275867206.png,success,downloads/7/images/all_images256/ELP_12MP_03.01.2023_167275867206.png
ELP_12MP_29.11.2022_166974306412.png,success,downloads/7/images/all_images256/ELP_12MP_29.11.2022_166974306412.png
ELP_12MP_13.12.2022_167094493727.png,success,downloads/7/images/all_images256/ELP_12MP_13.12.2022_167094493727.png
0200_null_dataset_jpeg.jpg,success,downloads/1/train/0200_null_dataset_jpeg.rf.4162671b91a8d8681c42667290009d28.jpg
ELP_12MP_29.11.2022_166975149255.png,success,downloads/7/images/all_images256/ELP_12MP_29.11.2022_166975149255.png
ELP_12MP_02.12.2022_166999172224.png,success,downloads/7/images/all_images256/ELP_12MP_02.12.2022_166999172224.png
0402_null_dataset_jpeg.rf.1c17a54e67e060aa0a16b59afaab53a8.jpg,success,downloads/5/train/0402_null_dataset_jpeg.rf.1c17a54e67e060aa0a16b59afaab53a8.jpg
0303_null_dataset_jpeg.jpg,success,downloads/1/valid/0303_null_dataset_jpeg.rf.de042a9285b4ff107ce88bf6018b040e.jpg
0348_null_dataset_jpeg.rf.91290754013ba95851a5a32d0a635859.jpg,success,downloads/5/test/0348_null_dataset_jpeg.rf.91290754013ba95851a5a32d0a635859.jpg
ELP_12MP_29.11.2022_166974321250.png,success,downloads/7/images/all_images256/ELP_12MP_29.11.2022_166974321250.png
0064_tg_jpeg.jpg,success,downloads/1/train/0064_tg_jpeg.rf.881751380dd4bf0659c8b4bbb038a55f.jpg
ELP_12MP_07.12.2022_167040617563.png,success,downloads/7/images/all_images256/ELP_12MP_07.12.2022_167040617563.png
ELP_12MP_06.01.2023_167301630021.png,success,downloads/7/images/all_images256/ELP_12MP_06.01.2023_167301630021.png
ELP_12MP_07.12.2022_167041944623.png,success,downloads/7/images/all_images256/ELP_12MP_07.12.2022_167041944623.png
ELP_12MP_06.12.2022_167036321342.png,success,downloads/7/images/all_images256/ELP_12MP_06.12.2022_167036321342.png
success (53).JPG,success,downloads/4/train/success/success (53).JPG
ELP_12MP_23.02.2023_167716152351.png,success,downloads/7/images/all_images256/ELP_12MP_23.02.2023_167716152351.png
ELP_12MP_05.01.2023_167292654063.png,success,downloads/7/images/all_images256/ELP_12MP_05.01.2023_167292654063.png
ELP_12MP_06.12.2022_167035481833.png,success,downloads/7/images/all_images256/ELP_12MP_06.12.2022_167035481833.png
ELP_12MP_01.12.2022_166991339349.png,success,downloads/7/images/all_images256/ELP_12MP_01.12.2022_166991339349.png
ELP_12MP_11.01.2023_167344641597.png,success,downloads/7/images/all_images256/ELP_12MP_11.01.2023_167344641597.png
0330_null_dataset_jpeg.rf.0ae7171a080e3f5454a8fdce63613ee9.jpg,success,downloads/5/train/0330_null_dataset_jpeg.rf.0ae7171a080e3f5454a8fdce63613ee9.jpg
ELP_12MP_06.12.2022_167033701256.png,success,downloads/7/images/all_images256/ELP_12MP_06.12.2022_167033701256.png
0318_null_dataset_jpeg.rf.0e10509ae353bc3e5401d5186ba44112.jpg,success,downloads/5/train/0318_null_dataset_jpeg.rf.0e10509ae353bc3e5401d5186ba44112.jpg
AD-Essentiasl-All-3d.jpg,success,downloads/3/OK/AD-Essentiasl-All-3d.jpg
ELP_12MP_06.01.2023_167301002357.png,success,downloads/7/images/all_images256/ELP_12MP_06.01.2023_167301002357.png
ELP_12MP_23.02.2023_167716452005.png,success,downloads/7/images/all_images256/ELP_12MP_23.02.2023_167716452005.png
3-d_printing.jpg,success,downloads/3/OK/3-d_printing.jpg
3D-dPrinting_jpg.jpg,success,downloads/1/train/3D-dPrinting_jpg.rf.78652079075fbf1d465a6dfc1b794008.jpg
ELP_12MP_06.12.2022_167033659001.png,success,downloads/7/images/all_images256/ELP_12MP_06.12.2022_167033659001.png
ELP_12MP_23.02.2023_167716452011.png,success,downloads/7/images/all_images256/ELP_12MP_23.02.2023_167716452011.png
ELP_12MP_05.01.2023_167294065545.png,success,downloads/7/images/all_images256/ELP_12MP_05.01.2023_167294065545.png
ELP_12MP_06.01.2023_167301583333.png,success,downloads/7/images/all_images256/ELP_12MP_06.01.2023_167301583333.png
ELP_12MP_05.01.2023_167294031672.png,success,downloads/7/images/all_images256/ELP_12MP_05.01.2023_167294031672.png
ELP_12MP_11.01.2023_167344664677.png,success,downloads/7/images/all_images256/ELP_12MP_11.01.2023_167344664677.png
Snmek obrazovky 2022-04-01 222425.jpg,success,downloads/3/OK/Snmek obrazovky 2022-04-01 222425.jpg
0546_null_dataset_jpeg.jpg,success,downloads/1/valid/0546_null_dataset_jpeg.rf.cad78294f8befe7f2ebb129378b4e621.jpg
0392_null_dataset_jpeg.rf.64e616936041fb7150b8ebd574bf0e2a.jpg,success,downloads/5/test/0392_null_dataset_jpeg.rf.64e616936041fb7150b8ebd574bf0e2a.jpg
ELP_12MP_06.12.2022_167036009502.png,success,downloads/7/images/all_images256/ELP_12MP_06.12.2022_167036009502.png
0315_null_dataset_jpeg.jpg,success,downloads/1/valid/0315_null_dataset_jpeg.rf.c9d259128e9bff93fd8b313b4148ead8.jpg
success (45).jpg,success,downloads/4/train/success/success (45).jpg
ELP_12MP_05.01.2023_167292357831.png,success,downloads/7/images/all_images256/ELP_12MP_05.01.2023_167292357831.png
ELP_12MP_06.12.2022_167036167754.png,success,downloads/7/images/all_images256/ELP_12MP_06.12.2022_167036167754.png
0009_tg_jpeg.rf.5b4be0ab66958271d9feab17d0d9e449.jpg,success,downloads/5/train/0009_tg_jpeg.rf.5b4be0ab66958271d9feab17d0d9e449.jpg
ELP_12MP_05.01.2023_167294192318.png,success,downloads/7/images/all_images256/ELP_12MP_05.01.2023_167294192318.png
3D-printer-4_jpg.jpg,success,downloads/1/train/3D-printer-4_jpg.rf.f44b32c52d131233da5fd95f9cd3885d.jpg
ELP_12MP_29.11.2022_166974888572.png,success,downloads/7/images/all_images256/ELP_12MP_29.11.2022_166974888572.png
0445_null_dataset_jpeg.jpg,success,downloads/1/valid/0445_null_dataset_jpeg.rf.61b3fa0554d1e6dfda7d99aeafdcf4df.jpg
0216_null_dataset_jpeg.jpg,success,downloads/1/train/0216_null_dataset_jpeg.rf.f231c6ecd752d1bda7cb2c2de3d21917.jpg
ELP_12MP_29.11.2022_166976092539.png,success,downloads/7/images/all_images256/ELP_12MP_29.11.2022_166976092539.png
ELP_12MP_06.12.2022_167035456212.png,success,downloads/7/images/all_images256/ELP_12MP_06.12.2022_167035456212.png
word-image-23.jpeg,success,downloads/3/OK/word-image-23.jpeg
ELP_12MP_02.12.2022_166999196217.png,success,downloads/7/images/all_images256/ELP_12MP_02.12.2022_166999196217.png
success (12).jpg,success,downloads/4/train/success/success (12).jpg
ELP_12MP_06.12.2022_167035866941.png,success,downloads/7/images/all_images256/ELP_12MP_06.12.2022_167035866941.png
0142_tg_jpeg.rf.48797818edd31b2db1ec068e6d2259a3.jpg,success,downloads/5/valid/0142_tg_jpeg.rf.48797818edd31b2db1ec068e6d2259a3.jpg
success (65).jpg,success,downloads/4/train/success/success (65).jpg
Snmek obrazovky 2022-04-01 212902.jpg,success,downloads/3/OK/Snmek obrazovky 2022-04-01 212902.jpg
0292_null_dataset_jpeg.jpg,success,downloads/1/train/0292_null_dataset_jpeg.rf.900eade165d002c2078b70e40deda665.jpg
0176_null_dataset_jpeg.jpg,success,downloads/1/valid/0176_null_dataset_jpeg.rf.207c5efa373adcd134cf5dd67cc3fd8f.jpg
0249_tg_jpeg.rf.4fe2d48cb54a1d3814ae54269c11a94a.jpg,success,downloads/5/train/0249_tg_jpeg.rf.4fe2d48cb54a1d3814ae54269c11a94a.jpg
ELP_12MP_06.12.2022_167033741328.png,success,downloads/7/images/all_images256/ELP_12MP_06.12.2022_167033741328.png
ELP_12MP_11.01.2023_167344605076.png,success,downloads/7/images/all_images256/ELP_12MP_11.01.2023_167344605076.png
0540_null_dataset_jpeg.rf.8b024ae09e429a696c332ee571aabf61.jpg,success,downloads/5/train/0540_null_dataset_jpeg.rf.8b024ae09e429a696c332ee571aabf61.jpg
ELP_12MP_11.01.2023_167343793919.png,success,downloads/7/images/all_images256/ELP_12MP_11.01.2023_167343793919.png
0419_null_dataset_jpeg.jpg,success,downloads/1/valid/0419_null_dataset_jpeg.rf.fbdbf18a641ad4786ff245edb2794491.jpg
ELP_12MP_29.11.2022_166974348838.png,success,downloads/7/images/all_images256/ELP_12MP_29.11.2022_166974348838.png
0477_null_dataset_jpeg.jpg,success,downloads/1/train/0477_null_dataset_jpeg.rf.67c0985429da0c52c37e337558ffd9b5.jpg
ELP_12MP_23.02.2023_167716540629.png,success,downloads/7/images/all_images256/ELP_12MP_23.02.2023_167716540629.png
ELP_12MP_07.12.2022_167040076717.png,success,downloads/7/images/all_images256/ELP_12MP_07.12.2022_167040076717.png
0304_tg_jpeg.jpg,success,downloads/1/train/0304_tg_jpeg.rf.9fea48f650fb0c9d7675109d5e931a20.jpg
ELP_12MP_10.01.2023_167337322379.png,success,downloads/7/images/all_images256/ELP_12MP_10.01.2023_167337322379.png
success (32).jpg,success,downloads/4/train/success/success (32).jpg
ELP_12MP_07.12.2022_167041000741.png,success,downloads/7/images/all_images256/ELP_12MP_07.12.2022_167041000741.png
ELP_12MP_23.02.2023_167716847054.png,success,downloads/7/images/all_images256/ELP_12MP_23.02.2023_167716847054.png
ELP_12MP_11.01.2023_167343375272.png,success,downloads/7/images/all_images256/ELP_12MP_11.01.2023_167343375272.png
ELP_12MP_13.12.2022_167096924633.png,success,downloads/7/images/all_images256/ELP_12MP_13.12.2022_167096924633.png
Snmek-obrazovky-2022-04-01-211728_jpg.jpg,success,downloads/1/test/Snmek-obrazovky-2022-04-01-211728_jpg.rf.c6bc61facfa8c885548dbb9575117e9a.jpg
0216_tg_jpeg.jpg,success,downloads/1/train/0216_tg_jpeg.rf.f9f48e3f7d96fb0a4df3e31c994f0f33.jpg
0244_tg_jpeg.rf.930ac36333e98ad0e37d4a0055c7fec6.jpg,success,downloads/5/train/0244_tg_jpeg.rf.930ac36333e98ad0e37d4a0055c7fec6.jpg
0x0_webp.rf.6b45d517eb3e3fcc472cc1ba6c814b39.jpg,success,downloads/5/train/0x0_webp.rf.6b45d517eb3e3fcc472cc1ba6c814b39.jpg
ELP_12MP_23.02.2023_167716799443.png,success,downloads/7/images/all_images256/ELP_12MP_23.02.2023_167716799443.png
ELP_12MP_07.12.2022_167040696679.png,success,downloads/7/images/all_images256/ELP_12MP_07.12.2022_167040696679.png
ELP_12MP_11.01.2023_167343397234.png,success,downloads/7/images/all_images256/ELP_12MP_11.01.2023_167343397234.png
ELP_12MP_13.12.2022_167097050432.png,success,downloads/7/images/all_images256/ELP_12MP_13.12.2022_167097050432.png
0192_null_dataset_jpeg.rf.e2e3dd4c0b62b347f10bcaa3239464e7.jpg,success,downloads/5/train/0192_null_dataset_jpeg.rf.e2e3dd4c0b62b347f10bcaa3239464e7.jpg
ELP_12MP_06.01.2023_167300826944.png,success,downloads/7/images/all_images256/ELP_12MP_06.01.2023_167300826944.png
0454_null_dataset_jpeg.rf.364add96abc681489a15294621f72c64.jpg,success,downloads/5/train/0454_null_dataset_jpeg.rf.364add96abc681489a15294621f72c64.jpg
ELP_12MP_29.11.2022_166975932689.png,success,downloads/7/images/all_images256/ELP_12MP_29.11.2022_166975932689.png
0391_null_dataset_jpeg.jpg,success,downloads/1/train/0391_null_dataset_jpeg.rf.481e1da1c4f64a1323f530c62c2732d1.jpg
ELP_12MP_23.02.2023_167716203985.png,success,downloads/7/images/all_images256/ELP_12MP_23.02.2023_167716203985.png
ELP_12MP_05.01.2023_167292872508.png,success,downloads/7/images/all_images256/ELP_12MP_05.01.2023_167292872508.png
ELP_12MP_06.12.2022_167036177814.png,success,downloads/7/images/all_images256/ELP_12MP_06.12.2022_167036177814.png
ELP_12MP_23.02.2023_167716156653.png,success,downloads/7/images/all_images256/ELP_12MP_23.02.2023_167716156653.png
success (24).jpg,success,downloads/4/train/success/success (24).jpg
ELP_12MP_02.12.2022_166999144757.png,success,downloads/7/images/all_images256/ELP_12MP_02.12.2022_166999144757.png
ELP_12MP_23.02.2023_167716538341.png,success,downloads/7/images/all_images256/ELP_12MP_23.02.2023_167716538341.png
ELP_12MP_07.12.2022_167041028185.png,success,downloads/7/images/all_images256/ELP_12MP_07.12.2022_167041028185.png
ELP_12MP_03.01.2023_167276026374.png,success,downloads/7/images/all_images256/ELP_12MP_03.01.2023_167276026374.png
0163_tg_jpeg.jpg,success,downloads/1/train/0163_tg_jpeg.rf.f2ac2325d0aa2bf033ce60069026c023.jpg
ELP_12MP_06.12.2022_167035475026.png,success,downloads/7/images/all_images256/ELP_12MP_06.12.2022_167035475026.png
0237_tg_jpeg.rf.15775431d187b3410652e2c44b4c099e.jpg,success,downloads/5/train/0237_tg_jpeg.rf.15775431d187b3410652e2c44b4c099e.jpg
0483_null_dataset_jpeg.rf.1624bb0f5fdcbd895f2970c475892c63.jpg,success,downloads/5/train/0483_null_dataset_jpeg.rf.1624bb0f5fdcbd895f2970c475892c63.jpg
0042_tg_jpeg.rf.f6991bfb383f481c054034f127c4b245.jpg,success,downloads/5/test/0042_tg_jpeg.rf.f6991bfb383f481c054034f127c4b245.jpg
ELP_12MP_06.12.2022_167036730079.png,success,downloads/7/images/all_images256/ELP_12MP_06.12.2022_167036730079.png
ELP_12MP_07.12.2022_167040356735.png,success,downloads/7/images/all_images256/ELP_12MP_07.12.2022_167040356735.png
0562_null_dataset_jpeg.jpg,success,downloads/1/train/0562_null_dataset_jpeg.rf.a1155b0a4ae80479956ce28ba95c4b61.jpg
ELP_12MP_08.01.2023_167318357292.png,success,downloads/7/images/all_images256/ELP_12MP_08.01.2023_167318357292.png
ELP_12MP_06.12.2022_167035431843.png,success,downloads/7/images/all_images256/ELP_12MP_06.12.2022_167035431843.png
01s8lOzd24t1s3pHCdDtLUA-1.fit_lim.size_1050x.jpg,success,downloads/3/OK/01s8lOzd24t1s3pHCdDtLUA-1.fit_lim.size_1050x.jpg
0043_tg_jpeg.rf.ef321710655fb0b4cd2dc6306aa9d90b.jpg,success,downloads/5/test/0043_tg_jpeg.rf.ef321710655fb0b4cd2dc6306aa9d90b.jpg
0280_tg_jpeg.rf.096793afb767174c7eec989ab6e53929.jpg,success,downloads/5/test/0280_tg_jpeg.rf.096793afb767174c7eec989ab6e53929.jpg
3D-printing (1).jpg,success,downloads/3/OK/3D-printing (1).jpg
ELP_12MP_06.12.2022_167035572577.png,success,downloads/7/images/all_images256/ELP_12MP_06.12.2022_167035572577.png
ELP_12MP_05.01.2023_167292864791.png,success,downloads/7/images/all_images256/ELP_12MP_05.01.2023_167292864791.png
success (73).jpg,success,downloads/4/train/success/success (73).jpg
Snmek obrazovky 2022-04-01 122919.jpg,success,downloads/3/OK/Snmek obrazovky 2022-04-01 122919.jpg
0232_null_dataset_jpeg.jpg,success,downloads/1/train/0232_null_dataset_jpeg.rf.642f80f9bb83eada5dcf4a8ddadbc958.jpg
DSC_1007-1-1-scaled_jpg.jpg,success,downloads/1/train/DSC_1007-1-1-scaled_jpg.rf.f20bf85aa76521e86a81a830fdb39bf2.jpg
0461_null_dataset_jpeg.jpg,success,downloads/1/train/0461_null_dataset_jpeg.rf.50d38914d2e2dc04156c5d26f9b189b9.jpg
1_webp.rf.96c845e610993e4d77726422ee40221d.jpg,success,downloads/5/valid/1_webp.rf.96c845e610993e4d77726422ee40221d.jpg
ELP_12MP_20.12.2022_167155934560.png,success,downloads/7/images/all_images256/ELP_12MP_20.12.2022_167155934560.png
ELP_12MP_29.11.2022_166974855842.png,success,downloads/7/images/all_images256/ELP_12MP_29.11.2022_166974855842.png
ELP_12MP_07.12.2022_167044625554.png,success,downloads/7/images/all_images256/ELP_12MP_07.12.2022_167044625554.png
3D-printer-4.jpg,success,downloads/3/OK/3D-printer-4.jpg
ELP_12MP_29.11.2022_166975164676.png,success,downloads/7/images/all_images256/ELP_12MP_29.11.2022_166975164676.png
0197_null_dataset_jpeg.rf.cc0991eaf958c62cd015fa08ec3a9559.jpg,success,downloads/5/test/0197_null_dataset_jpeg.rf.cc0991eaf958c62cd015fa08ec3a9559.jpg
0071_tg_jpeg.jpg,success,downloads/1/valid/0071_tg_jpeg.rf.dfccc09cd7d8f157a9f9759dfb840be1.jpg
ELP_12MP_11.01.2023_167343641095.png,success,downloads/7/images/all_images256/ELP_12MP_11.01.2023_167343641095.png
ELP_12MP_06.12.2022_167034350883.png,success,downloads/7/images/all_images256/ELP_12MP_06.12.2022_167034350883.png
ELP_12MP_07.12.2022_167044635948.png,success,downloads/7/images/all_images256/ELP_12MP_07.12.2022_167044635948.png
ELP_12MP_13.12.2022_167097041661.png,success,downloads/7/images/all_images256/ELP_12MP_13.12.2022_167097041661.png
0495_null_dataset_jpeg.jpg,success,downloads/1/train/0495_null_dataset_jpeg.rf.8ae0aee38e96e9aad39534b74175b1d9.jpg
ELP_12MP_20.12.2022_167155939092.png,success,downloads/7/images/all_images256/ELP_12MP_20.12.2022_167155939092.png
0292_null_dataset_jpeg.rf.6e1741404512a800cd5e588df843576f.jpg,success,downloads/5/train/0292_null_dataset_jpeg.rf.6e1741404512a800cd5e588df843576f.jpg
ELP_12MP_08.12.2022_167053015327.png,success,downloads/7/images/all_images256/ELP_12MP_08.12.2022_167053015327.png
ELP_12MP_11.01.2023_167344465897.png,success,downloads/7/images/all_images256/ELP_12MP_11.01.2023_167344465897.png
ELP_12MP_28.12.2022_167224365942.png,success,downloads/7/images/all_images256/ELP_12MP_28.12.2022_167224365942.png
3D-Printing-Is-Changing-the-Global-Manufacturing-Landscape_jpg.rf.8dd05fb0983385038f64818e47fee94a.jpg,success,downloads/5/test/3D-Printing-Is-Changing-the-Global-Manufacturing-Landscape_jpg.rf.8dd05fb0983385038f64818e47fee94a.jpg
0227_tg_jpeg.rf.191a73c9d1563ce243334325dfac0763.jpg,success,downloads/5/train/0227_tg_jpeg.rf.191a73c9d1563ce243334325dfac0763.jpg
0196_null_dataset_jpeg.rf.154411fcc50873ecae52c4e74b75b1d4.jpg,success,downloads/5/test/0196_null_dataset_jpeg.rf.154411fcc50873ecae52c4e74b75b1d4.jpg
ELP_12MP_13.01.2023_167362492256.png,success,downloads/7/images/all_images256/ELP_12MP_13.01.2023_167362492256.png
ELP_12MP_06.12.2022_167036769469.png,success,downloads/7/images/all_images256/ELP_12MP_06.12.2022_167036769469.png
ELP_12MP_06.12.2022_167036844653.png,success,downloads/7/images/all_images256/ELP_12MP_06.12.2022_167036844653.png
0415_null_dataset_jpeg.rf.661c70bc9b2aef9d5080754a7b5c1cac.jpg,success,downloads/5/train/0415_null_dataset_jpeg.rf.661c70bc9b2aef9d5080754a7b5c1cac.jpg
0090_tg_jpeg.jpg,success,downloads/1/train/0090_tg_jpeg.rf.3b7a12f6306daf6e0e99e6d9cd87b5c9.jpg
ELP_12MP_13.01.2023_167362600015.png,success,downloads/7/images/all_images256/ELP_12MP_13.01.2023_167362600015.png
ELP_12MP_28.12.2022_167224348185.png,success,downloads/7/images/all_images256/ELP_12MP_28.12.2022_167224348185.png
ELP_12MP_13.01.2023_167362567744.png,success,downloads/7/images/all_images256/ELP_12MP_13.01.2023_167362567744.png
ELP_12MP_11.01.2023_167344803194.png,success,downloads/7/images/all_images256/ELP_12MP_11.01.2023_167344803194.png
Snmek obrazovky 2022-04-01 221503.jpg,success,downloads/3/OK/Snmek obrazovky 2022-04-01 221503.jpg
success (100).jpg,success,downloads/4/train/success/success (100).jpg
ELP_12MP_05.01.2023_167291858539.png,success,downloads/7/images/all_images256/ELP_12MP_05.01.2023_167291858539.png
0271_tg_jpeg.rf.5364eafce40614df669d1fe6faebe2af.jpg,success,downloads/5/valid/0271_tg_jpeg.rf.5364eafce40614df669d1fe6faebe2af.jpg
ELP_12MP_23.02.2023_167716379379.png,success,downloads/7/images/all_images256/ELP_12MP_23.02.2023_167716379379.png
ELP_12MP_06.12.2022_167036605941.png,success,downloads/7/images/all_images256/ELP_12MP_06.12.2022_167036605941.png
0049_tg_jpeg.rf.4967f08be72af3b640a7e4330e20c42a.jpg,success,downloads/5/train/0049_tg_jpeg.rf.4967f08be72af3b640a7e4330e20c42a.jpg
0576_null_dataset_jpeg.rf.2a907e7c423bdb48442de3c336dc3677.jpg,success,downloads/5/test/0576_null_dataset_jpeg.rf.2a907e7c423bdb48442de3c336dc3677.jpg
Snmek obrazovky 2022-04-01 212334.jpg,success,downloads/3/OK/Snmek obrazovky 2022-04-01 212334.jpg
0254_tg_jpeg.jpg,success,downloads/1/train/0254_tg_jpeg.rf.93ae39b0d1d6cf1715b8388d296f9827.jpg
0182_tg_jpeg.jpg,success,downloads/1/train/0182_tg_jpeg.rf.f6bc59af8f5fcf6fc6ebadd23782c7ad.jpg
ELP_12MP_07.12.2022_167041312539.png,success,downloads/7/images/all_images256/ELP_12MP_07.12.2022_167041312539.png
ELP_12MP_28.12.2022_167224364686.png,success,downloads/7/images/all_images256/ELP_12MP_28.12.2022_167224364686.png
ELP_12MP_29.11.2022_166974317087.png,success,downloads/7/images/all_images256/ELP_12MP_29.11.2022_166974317087.png
ELP_12MP_07.12.2022_167044694361.png,success,downloads/7/images/all_images256/ELP_12MP_07.12.2022_167044694361.png
ELP_12MP_20.12.2022_167155936835.png,success,downloads/7/images/all_images256/ELP_12MP_20.12.2022_167155936835.png
ELP_12MP_05.01.2023_167293165495.png,success,downloads/7/images/all_images256/ELP_12MP_05.01.2023_167293165495.png
ELP_12MP_07.12.2022_167040949993.png,success,downloads/7/images/all_images256/ELP_12MP_07.12.2022_167040949993.png
ELP_12MP_21.12.2022_167159401989.png,success,downloads/7/images/all_images256/ELP_12MP_21.12.2022_167159401989.png
0209_null_dataset_jpeg.rf.901d86ef455287c09f3966d274ad0637.jpg,success,downloads/5/train/0209_null_dataset_jpeg.rf.901d86ef455287c09f3966d274ad0637.jpg
ELP_12MP_07.12.2022_167040363994.png,success,downloads/7/images/all_images256/ELP_12MP_07.12.2022_167040363994.png
ELP_12MP_29.11.2022_166975151394.png,success,downloads/7/images/all_images256/ELP_12MP_29.11.2022_166975151394.png
success (157).jpg,success,downloads/4/test/success/success (157).jpg
ELP_12MP_06.12.2022_167035461683.png,success,downloads/7/images/all_images256/ELP_12MP_06.12.2022_167035461683.png
ELP_12MP_06.12.2022_167035591564.png,success,downloads/7/images/all_images256/ELP_12MP_06.12.2022_167035591564.png
ELP_12MP_10.01.2023_167337496445.png,success,downloads/7/images/all_images256/ELP_12MP_10.01.2023_167337496445.png
success (49).jpg,success,downloads/4/train/success/success (49).jpg
ELP_12MP_13.12.2022_167096926780.png,success,downloads/7/images/all_images256/ELP_12MP_13.12.2022_167096926780.png
0401_null_dataset_jpeg.rf.82ff82f767d61610879590164e1223d1.jpg,success,downloads/5/train/0401_null_dataset_jpeg.rf.82ff82f767d61610879590164e1223d1.jpg
ELP_12MP_01.12.2022_166990915561.png,success,downloads/7/images/all_images256/ELP_12MP_01.12.2022_166990915561.png
ELP_12MP_06.12.2022_167036589874.png,success,downloads/7/images/all_images256/ELP_12MP_06.12.2022_167036589874.png
Snmek obrazovky 2022-04-01 222354.jpg,success,downloads/3/OK/Snmek obrazovky 2022-04-01 222354.jpg
ELP_12MP_13.01.2023_167362486814.png,success,downloads/7/images/all_images256/ELP_12MP_13.01.2023_167362486814.png
ELP_12MP_07.12.2022_167041339623.png,success,downloads/7/images/all_images256/ELP_12MP_07.12.2022_167041339623.png
0395_tg_jpeg.jpg,success,downloads/1/valid/0395_tg_jpeg.rf.b9206a6534dcf4dca407f5b7123e7e5f.jpg
success (141).jpg,success,downloads/4/valid/success/success (141).jpg
ELP_12MP_01.12.2022_166992848023.png,success,downloads/7/images/all_images256/ELP_12MP_01.12.2022_166992848023.png
0365_null_dataset_jpeg.jpg,success,downloads/1/train/0365_null_dataset_jpeg.rf.3488457ae9186d1676c0cb278a98f8a6.jpg
ELP_12MP_23.02.2023_167716361898.png,success,downloads/7/images/all_images256/ELP_12MP_23.02.2023_167716361898.png
ELP_12MP_07.12.2022_167041302851.png,success,downloads/7/images/all_images256/ELP_12MP_07.12.2022_167041302851.png
0287_tg_jpeg.jpg,success,downloads/1/train/0287_tg_jpeg.rf.52e8bc25689b2686fcac79a1a22ca2c5.jpg
ELP_12MP_10.01.2023_167338172825.png,success,downloads/7/images/all_images256/ELP_12MP_10.01.2023_167338172825.png
ELP_12MP_04.01.2023_167284623146.png,success,downloads/7/images/all_images256/ELP_12MP_04.01.2023_167284623146.png
0143_tg_jpeg.rf.dd89e72c4cc38762a11ae68482706b3b.jpg,success,downloads/5/test/0143_tg_jpeg.rf.dd89e72c4cc38762a11ae68482706b3b.jpg
ELP_12MP_06.12.2022_167035281712.png,success,downloads/7/images/all_images256/ELP_12MP_06.12.2022_167035281712.png
0435_null_dataset_jpeg.jpg,success,downloads/1/train/0435_null_dataset_jpeg.rf.9599e4110c485553446c358a8916a3d1.jpg
Octopi_jpg.rf.5bd29d47120af852399e76218d007a71.jpg,success,downloads/5/train/Octopi_jpg.rf.5bd29d47120af852399e76218d007a71.jpg
0266_null_dataset_jpeg.jpg,success,downloads/1/train/0266_null_dataset_jpeg.rf.54341117ed7183c09bae27ea8f0972ea.jpg
ELP_12MP_23.02.2023_167716040391.png,success,downloads/7/images/all_images256/ELP_12MP_23.02.2023_167716040391.png
ELP_12MP_20.12.2022_167156563480.png,success,downloads/7/images/all_images256/ELP_12MP_20.12.2022_167156563480.png
0033_tg_jpeg.jpg,success,downloads/1/valid/0033_tg_jpeg.rf.7572cdd475c18ea71ffd87eb42df14d7.jpg
ELP_12MP_01.12.2022_166992888993.png,success,downloads/7/images/all_images256/ELP_12MP_01.12.2022_166992888993.png
ELP_12MP_29.11.2022_166975926366.png,success,downloads/7/images/all_images256/ELP_12MP_29.11.2022_166975926366.png
ELP_12MP_04.01.2023_167284616670.png,success,downloads/7/images/all_images256/ELP_12MP_04.01.2023_167284616670.png
0483_null_dataset_jpeg.jpg,success,downloads/1/train/0483_null_dataset_jpeg.rf.f80a236f226a7a9a8a93914af4e84723.jpg
success (116).jpg,success,downloads/4/valid/success/success (116).jpg
ELP_12MP_28.12.2022_167224331233.png,success,downloads/7/images/all_images256/ELP_12MP_28.12.2022_167224331233.png
0279_null_dataset_jpeg.rf.2e1c68906140728e6314ea5ecd3e77ca.jpg,success,downloads/5/train/0279_null_dataset_jpeg.rf.2e1c68906140728e6314ea5ecd3e77ca.jpg
ELP_12MP_29.11.2022_166976109796.png,success,downloads/7/images/all_images256/ELP_12MP_29.11.2022_166976109796.png
0209_tg_jpeg.jpg,success,downloads/1/train/0209_tg_jpeg.rf.805c6c00a127babc1382dda79a88ee17.jpg
ELP_12MP_07.12.2022_167040096120.png,success,downloads/7/images/all_images256/ELP_12MP_07.12.2022_167040096120.png
0375_null_dataset_jpeg.jpg,success,downloads/1/train/0375_null_dataset_jpeg.rf.f9d94d2c050e91287e9e7b4fafb8f002.jpg
0303_tg_jpeg.rf.17c5dbe4424fd5188830f7a26b02c9b9.jpg,success,downloads/5/train/0303_tg_jpeg.rf.17c5dbe4424fd5188830f7a26b02c9b9.jpg
bigstock-Automatic-Three-Dimensional-Pr-396383408.jpg,success,downloads/3/OK/bigstock-Automatic-Three-Dimensional-Pr-396383408.jpg
ELP_12MP_11.01.2023_167344696863.png,success,downloads/7/images/all_images256/ELP_12MP_11.01.2023_167344696863.png
success (15).jpg,success,downloads/4/train/success/success (15).jpg
ELP_12MP_05.01.2023_167292667022.png,success,downloads/7/images/all_images256/ELP_12MP_05.01.2023_167292667022.png
ELP_12MP_13.01.2023_167362629543.png,success,downloads/7/images/all_images256/ELP_12MP_13.01.2023_167362629543.png
0072_tg_jpeg.rf.87115512080a3a25d69f6de8ade4a3a2.jpg,success,downloads/5/train/0072_tg_jpeg.rf.87115512080a3a25d69f6de8ade4a3a2.jpg
0472_null_dataset_jpeg.rf.14795ba685a726c5660bcbeab270c857.jpg,success,downloads/5/valid/0472_null_dataset_jpeg.rf.14795ba685a726c5660bcbeab270c857.jpg
ELP_12MP_21.12.2022_167159395907.png,success,downloads/7/images/all_images256/ELP_12MP_21.12.2022_167159395907.png
ELP_12MP_01.12.2022_166992951924.png,success,downloads/7/images/all_images256/ELP_12MP_01.12.2022_166992951924.png
0245_tg_jpeg.rf.6bf57daf7c105d92ec32fac6d107eeae.jpg,success,downloads/5/train/0245_tg_jpeg.rf.6bf57daf7c105d92ec32fac6d107eeae.jpg
ELP_12MP_06.12.2022_167036014090.png,success,downloads/7/images/all_images256/ELP_12MP_06.12.2022_167036014090.png
0325_null_dataset_jpeg.rf.cbe6f00e3a2d5ec481d65916459d9c90.jpg,success,downloads/5/valid/0325_null_dataset_jpeg.rf.cbe6f00e3a2d5ec481d65916459d9c90.jpg
ELP_12MP_29.11.2022_166974310610.png,success,downloads/7/images/all_images256/ELP_12MP_29.11.2022_166974310610.png
ELP_12MP_06.12.2022_167035213940.png,success,downloads/7/images/all_images256/ELP_12MP_06.12.2022_167035213940.png
ELP_12MP_06.12.2022_167033737025.png,success,downloads/7/images/all_images256/ELP_12MP_06.12.2022_167033737025.png
ELP_12MP_06.12.2022_167036181060.png,success,downloads/7/images/all_images256/ELP_12MP_06.12.2022_167036181060.png
ELP_12MP_05.01.2023_167292628286.png,success,downloads/7/images/all_images256/ELP_12MP_05.01.2023_167292628286.png
success (42).jpg,success,downloads/4/train/success/success (42).jpg
Snmek obrazovky 2022-04-01 221606.jpg,success,downloads/3/OK/Snmek obrazovky 2022-04-01 221606.jpg
0302_null_dataset_jpeg.rf.c9122552426d784d0131407e089f3a69.jpg,success,downloads/5/test/0302_null_dataset_jpeg.rf.c9122552426d784d0131407e089f3a69.jpg
0030_tg_jpeg.jpg,success,downloads/1/valid/0030_tg_jpeg.rf.f3ee0e8cc80b52c81a021ba16b88f891.jpg
ELP_12MP_11.01.2023_167344650207.png,success,downloads/7/images/all_images256/ELP_12MP_11.01.2023_167344650207.png
ELP_12MP_23.02.2023_167716061660.png,success,downloads/7/images/all_images256/ELP_12MP_23.02.2023_167716061660.png
ELP_12MP_28.12.2022_167224383640.png,success,downloads/7/images/all_images256/ELP_12MP_28.12.2022_167224383640.png
ELP_12MP_06.12.2022_167035581704.png,success,downloads/7/images/all_images256/ELP_12MP_06.12.2022_167035581704.png
ELP_12MP_07.12.2022_167041367089.png,success,downloads/7/images/all_images256/ELP_12MP_07.12.2022_167041367089.png
ELP_12MP_05.01.2023_167294177680.png,success,downloads/7/images/all_images256/ELP_12MP_05.01.2023_167294177680.png
ELP_12MP_20.12.2022_167155090009.png,success,downloads/7/images/all_images256/ELP_12MP_20.12.2022_167155090009.png
ELP_12MP_23.02.2023_167716056966.png,success,downloads/7/images/all_images256/ELP_12MP_23.02.2023_167716056966.png
ELP_12MP_06.12.2022_167035256575.png,success,downloads/7/images/all_images256/ELP_12MP_06.12.2022_167035256575.png
0276_null_dataset_jpeg.jpg,success,downloads/1/train/0276_null_dataset_jpeg.rf.3ccb27ae710ac9ccfbcb29614ef565a6.jpg
ELP_12MP_13.12.2022_167096913990.png,success,downloads/7/images/all_images256/ELP_12MP_13.12.2022_167096913990.png
0425_null_dataset_jpeg.jpg,success,downloads/1/train/0425_null_dataset_jpeg.rf.54c47b0983af83d4be264674f6b0af37.jpg
ELP_12MP_08.12.2022_167053066782.png,success,downloads/7/images/all_images256/ELP_12MP_08.12.2022_167053066782.png
0192_null_dataset_jpeg.jpg,success,downloads/1/train/0192_null_dataset_jpeg.rf.6f7f18caf1d1db749ab1ef003bea0ca7.jpg
0093_tg_jpeg.rf.660545d906c24af8f821b844234841ea.jpg,success,downloads/5/train/0093_tg_jpeg.rf.660545d906c24af8f821b844234841ea.jpg
ELP_12MP_07.12.2022_167040636330.png,success,downloads/7/images/all_images256/ELP_12MP_07.12.2022_167040636330.png
3D-dPrinting.jpg,success,downloads/3/OK/3D-dPrinting.jpg
0345_tg_jpeg.jpg,success,downloads/1/train/0345_tg_jpeg.rf.3c6a059865d27d6be846364c575c4976.jpg
ELP_12MP_29.11.2022_166975330951.png,success,downloads/7/images/all_images256/ELP_12MP_29.11.2022_166975330951.png
ELP_12MP_11.01.2023_167344456779.png,success,downloads/7/images/all_images256/ELP_12MP_11.01.2023_167344456779.png
ELP_12MP_05.01.2023_167294075134.png,success,downloads/7/images/all_images256/ELP_12MP_05.01.2023_167294075134.png
ELP_12MP_23.02.2023_167716532636.png,success,downloads/7/images/all_images256/ELP_12MP_23.02.2023_167716532636.png
ELP_12MP_07.12.2022_167042002272.png,success,downloads/7/images/all_images256/ELP_12MP_07.12.2022_167042002272.png
ELP_12MP_05.01.2023_167294208615.png,success,downloads/7/images/all_images256/ELP_12MP_05.01.2023_167294208615.png
0093_tg_jpeg.jpg,success,downloads/1/train/0093_tg_jpeg.rf.6410ad59484616aefc279c4bbbbf7f58.jpg
ELP_12MP_06.12.2022_167033671886.png,success,downloads/7/images/all_images256/ELP_12MP_06.12.2022_167033671886.png
success (54).jpg,success,downloads/4/train/success/success (54).jpg
ELP_12MP_05.01.2023_167292512798.png,success,downloads/7/images/all_images256/ELP_12MP_05.01.2023_167292512798.png
ELP_12MP_07.12.2022_167040623661.png,success,downloads/7/images/all_images256/ELP_12MP_07.12.2022_167040623661.png
0485_null_dataset_jpeg.jpg,success,downloads/1/valid/0485_null_dataset_jpeg.rf.5bf053713ac82d8a0c2739c3f006c2d5.jpg
sddefault_jpg.rf.9820e9f1979c1d982103c42a309f9aa3.jpg,success,downloads/5/test/sddefault_jpg.rf.9820e9f1979c1d982103c42a309f9aa3.jpg
ELP_12MP_05.01.2023_167292371919.png,success,downloads/7/images/all_images256/ELP_12MP_05.01.2023_167292371919.png
ELP_12MP_07.12.2022_167041985796.png,success,downloads/7/images/all_images256/ELP_12MP_07.12.2022_167041985796.png
ELP_12MP_28.12.2022_167224390012.png,success,downloads/7/images/all_images256/ELP_12MP_28.12.2022_167224390012.png
ELP_12MP_07.12.2022_167041297232.png,success,downloads/7/images/all_images256/ELP_12MP_07.12.2022_167041297232.png
ELP_12MP_07.12.2022_167041317426.png,success,downloads/7/images/all_images256/ELP_12MP_07.12.2022_167041317426.png
maxresdefault.jpg,success,downloads/3/OK/maxresdefault.jpg
0586_null_dataset_jpeg.jpg,success,downloads/1/train/0586_null_dataset_jpeg.rf.3905bb7a43e899f032671e7ad64126e8.jpg
ELP_12MP_07.12.2022_167041908129.png,success,downloads/7/images/all_images256/ELP_12MP_07.12.2022_167041908129.png
ELP_12MP_11.01.2023_167344468495.png,success,downloads/7/images/all_images256/ELP_12MP_11.01.2023_167344468495.png
ELP_12MP_04.01.2023_167284543916.png,success,downloads/7/images/all_images256/ELP_12MP_04.01.2023_167284543916.png
images_jpeg.rf.a70b16f4b0116e27e2184539a3db07bd.jpg,success,downloads/5/train/images_jpeg.rf.a70b16f4b0116e27e2184539a3db07bd.jpg
ELP_12MP_02.12.2022_166999229767.png,success,downloads/7/images/all_images256/ELP_12MP_02.12.2022_166999229767.png
ELP_12MP_06.12.2022_167035226469.png,success,downloads/7/images/all_images256/ELP_12MP_06.12.2022_167035226469.png
ELP_12MP_05.01.2023_167294198902.png,success,downloads/7/images/all_images256/ELP_12MP_05.01.2023_167294198902.png
0513_null_dataset_jpeg.rf.436b4f8ec285b8a62fc197d04f88eed5.jpg,success,downloads/5/train/0513_null_dataset_jpeg.rf.436b4f8ec285b8a62fc197d04f88eed5.jpg
ELP_12MP_06.12.2022_167036040204.png,success,downloads/7/images/all_images256/ELP_12MP_06.12.2022_167036040204.png
ELP_12MP_06.12.2022_167035471795.png,success,downloads/7/images/all_images256/ELP_12MP_06.12.2022_167035471795.png
0171_null_dataset_jpeg.rf.570686080b59d751e084998b8056f591.jpg,success,downloads/5/train/0171_null_dataset_jpeg.rf.570686080b59d751e084998b8056f591.jpg
0363_null_dataset_jpeg.jpg,success,downloads/1/valid/0363_null_dataset_jpeg.rf.e1f8f93d253077be95d32463ff13191a.jpg
ELP_12MP_05.01.2023_167294026975.png,success,downloads/7/images/all_images256/ELP_12MP_05.01.2023_167294026975.png
ELP_12MP_07.12.2022_167041293256.png,success,downloads/7/images/all_images256/ELP_12MP_07.12.2022_167041293256.png
ELP_12MP_08.12.2022_167053046730.png,success,downloads/7/images/all_images256/ELP_12MP_08.12.2022_167053046730.png
ELP_12MP_13.12.2022_167096918219.png,success,downloads/7/images/all_images256/ELP_12MP_13.12.2022_167096918219.png
ELP_12MP_11.01.2023_167344295795.png,success,downloads/7/images/all_images256/ELP_12MP_11.01.2023_167344295795.png
success (78).jpg,success,downloads/4/train/success/success (78).jpg
ELP_12MP_06.12.2022_167036365968.png,success,downloads/7/images/all_images256/ELP_12MP_06.12.2022_167036365968.png
0321_null_dataset_jpeg.jpg,success,downloads/1/train/0321_null_dataset_jpeg.rf.7bea24f4109b7e3fd65715d27e2e39d3.jpg
ELP_12MP_06.12.2022_167036134547.png,success,downloads/7/images/all_images256/ELP_12MP_06.12.2022_167036134547.png
ELP_12MP_23.02.2023_167716436860.png,success,downloads/7/images/all_images256/ELP_12MP_23.02.2023_167716436860.png
success (97).jpg,success,downloads/4/train/success/success (97).jpg
3dprinting.jpg,success,downloads/3/OK/3dprinting.jpg
0397_null_dataset_jpeg.jpg,success,downloads/1/train/0397_null_dataset_jpeg.rf.f3c1a8f3bc6c5b880da068e497617a13.jpg
ELP_12MP_07.12.2022_167040756770.png,success,downloads/7/images/all_images256/ELP_12MP_07.12.2022_167040756770.png
ELP_12MP_07.12.2022_167040099366.png,success,downloads/7/images/all_images256/ELP_12MP_07.12.2022_167040099366.png
Snmek-obrazovky-2022-04-01-122720_jpg.jpg,success,downloads/1/test/Snmek-obrazovky-2022-04-01-122720_jpg.rf.7bdee5685787134b53fcfeacbe37a5e1.jpg
ELP_12MP_20.12.2022_167156557623.png,success,downloads/7/images/all_images256/ELP_12MP_20.12.2022_167156557623.png
ELP_12MP_29.11.2022_166974249189.png,success,downloads/7/images/all_images256/ELP_12MP_29.11.2022_166974249189.png
0294_null_dataset_jpeg.jpg,success,downloads/1/valid/0294_null_dataset_jpeg.rf.48188a94c9fd82319e3605775fc396f1.jpg
ELP_12MP_06.12.2022_167035621457.png,success,downloads/7/images/all_images256/ELP_12MP_06.12.2022_167035621457.png
Snmek obrazovky 2022-04-01 215415.jpg,success,downloads/3/OK/Snmek obrazovky 2022-04-01 215415.jpg
ELP_12MP_06.12.2022_167033655058.png,success,downloads/7/images/all_images256/ELP_12MP_06.12.2022_167033655058.png
ELP_12MP_07.12.2022_167041002938.png,success,downloads/7/images/all_images256/ELP_12MP_07.12.2022_167041002938.png
0298_null_dataset_jpeg.rf.4bbe416b008949da0f0ad34306d676d7.jpg,success,downloads/5/train/0298_null_dataset_jpeg.rf.4bbe416b008949da0f0ad34306d676d7.jpg
ELP_12MP_29.11.2022_166974295790.png,success,downloads/7/images/all_images256/ELP_12MP_29.11.2022_166974295790.png
ELP_12MP_28.12.2022_167224322879.png,success,downloads/7/images/all_images256/ELP_12MP_28.12.2022_167224322879.png
ELP_12MP_07.12.2022_167040579298.png,success,downloads/7/images/all_images256/ELP_12MP_07.12.2022_167040579298.png
ELP_12MP_11.01.2023_167343348745.png,success,downloads/7/images/all_images256/ELP_12MP_11.01.2023_167343348745.png
ELP_12MP_05.01.2023_167292402561.png,success,downloads/7/images/all_images256/ELP_12MP_05.01.2023_167292402561.png
Snmek obrazovky 2022-04-01 212352.jpg,success,downloads/3/OK/Snmek obrazovky 2022-04-01 212352.jpg
ELP_12MP_23.02.2023_167716167416.png,success,downloads/7/images/all_images256/ELP_12MP_23.02.2023_167716167416.png
0072_tg_jpeg.jpg,success,downloads/1/train/0072_tg_jpeg.rf.5b7711f5867e541ab09afd1243fa07f8.jpg
ELP_12MP_07.12.2022_167040329810.png,success,downloads/7/images/all_images256/ELP_12MP_07.12.2022_167040329810.png
0466_null_dataset_jpeg.rf.14ddc7a61cdc1156108c9e1c7a9e0694.jpg,success,downloads/5/train/0466_null_dataset_jpeg.rf.14ddc7a61cdc1156108c9e1c7a9e0694.jpg
ELP_12MP_11.01.2023_167343658776.png,success,downloads/7/images/all_images256/ELP_12MP_11.01.2023_167343658776.png
ELP_12MP_05.01.2023_167294217734.png,success,downloads/7/images/all_images256/ELP_12MP_05.01.2023_167294217734.png
ELP_12MP_29.11.2022_166976089587.png,success,downloads/7/images/all_images256/ELP_12MP_29.11.2022_166976089587.png
ELP_12MP_04.01.2023_167284559595.png,success,downloads/7/images/all_images256/ELP_12MP_04.01.2023_167284559595.png
ELP_12MP_06.12.2022_167035484906.png,success,downloads/7/images/all_images256/ELP_12MP_06.12.2022_167035484906.png
ELP_12MP_11.01.2023_167344622041.png,success,downloads/7/images/all_images256/ELP_12MP_11.01.2023_167344622041.png
ELP_12MP_05.01.2023_167294023401.png,success,downloads/7/images/all_images256/ELP_12MP_05.01.2023_167294023401.png
ELP_12MP_11.01.2023_167344294104.png,success,downloads/7/images/all_images256/ELP_12MP_11.01.2023_167344294104.png
0190_null_dataset_jpeg.rf.31045317e2775159fc8613276c7102c3.jpg,success,downloads/5/train/0190_null_dataset_jpeg.rf.31045317e2775159fc8613276c7102c3.jpg
success (39).jpg,success,downloads/4/train/success/success (39).jpg
ELP_12MP_06.12.2022_167033652643.png,success,downloads/7/images/all_images256/ELP_12MP_06.12.2022_167033652643.png
ELP_12MP_06.12.2022_167035919499.png,success,downloads/7/images/all_images256/ELP_12MP_06.12.2022_167035919499.png
ELP_12MP_08.12.2022_167052980751.png,success,downloads/7/images/all_images256/ELP_12MP_08.12.2022_167052980751.png
0307_tg_jpeg.jpg,success,downloads/1/valid/0307_tg_jpeg.rf.16e23dc0ae785c5b64eb377ac55297e2.jpg
ELP_12MP_06.12.2022_167036038037.png,success,downloads/7/images/all_images256/ELP_12MP_06.12.2022_167036038037.png
ELP_12MP_06.12.2022_167033705041.png,success,downloads/7/images/all_images256/ELP_12MP_06.12.2022_167033705041.png
Snmek obrazovky 2022-04-01 221820.jpg,success,downloads/3/OK/Snmek obrazovky 2022-04-01 221820.jpg
ELP_12MP_06.12.2022_167036733339.png,success,downloads/7/images/all_images256/ELP_12MP_06.12.2022_167036733339.png
ELP_12MP_06.12.2022_167036126209.png,success,downloads/7/images/all_images256/ELP_12MP_06.12.2022_167036126209.png
ELP_12MP_05.01.2023_167292520887.png,success,downloads/7/images/all_images256/ELP_12MP_05.01.2023_167292520887.png
ELP_12MP_11.01.2023_167344637276.png,success,downloads/7/images/all_images256/ELP_12MP_11.01.2023_167344637276.png
ELP_12MP_05.01.2023_167292528565.png,success,downloads/7/images/all_images256/ELP_12MP_05.01.2023_167292528565.png
success (131).jpg,success,downloads/4/valid/success/success (131).jpg
ELP_12MP_01.12.2022_166991319822.png,success,downloads/7/images/all_images256/ELP_12MP_01.12.2022_166991319822.png
ELP_12MP_01.12.2022_166991332319.png,success,downloads/7/images/all_images256/ELP_12MP_01.12.2022_166991332319.png
ELP_12MP_28.12.2022_167224386936.png,success,downloads/7/images/all_images256/ELP_12MP_28.12.2022_167224386936.png
ELP_12MP_11.01.2023_167344682397.png,success,downloads/7/images/all_images256/ELP_12MP_11.01.2023_167344682397.png
0166_null_dataset_jpeg.jpg,success,downloads/1/valid/0166_null_dataset_jpeg.rf.0fb5195608720e7fb8ca286de8a39870.jpg
0265_tg_jpeg.jpg,success,downloads/1/train/0265_tg_jpeg.rf.1f59b9c94bf01e933c65463f53b50bdd.jpg
ELP_12MP_29.11.2022_166975964696.png,success,downloads/7/images/all_images256/ELP_12MP_29.11.2022_166975964696.png
ELP_12MP_06.12.2022_167036164204.png,success,downloads/7/images/all_images256/ELP_12MP_06.12.2022_167036164204.png
success (81).jpg,success,downloads/4/train/success/success (81).jpg
0100_tg_jpeg.rf.8b1ae70df87e2f0ff94463e6f125093a.jpg,success,downloads/5/train/0100_tg_jpeg.rf.8b1ae70df87e2f0ff94463e6f125093a.jpg
ELP_12MP_07.12.2022_167041359364.png,success,downloads/7/images/all_images256/ELP_12MP_07.12.2022_167041359364.png
0069_tg_jpeg.rf.0d1e41ca49897720dd44ddb01f9bdf77.jpg,success,downloads/5/test/0069_tg_jpeg.rf.0d1e41ca49897720dd44ddb01f9bdf77.jpg
ELP_12MP_06.12.2022_167036660577.png,success,downloads/7/images/all_images256/ELP_12MP_06.12.2022_167036660577.png
0381_null_dataset_jpeg.jpg,success,downloads/1/valid/0381_null_dataset_jpeg.rf.8d21834b0dd810baff9ed38fccfd3024.jpg
ELP_12MP_11.01.2023_167343388818.png,success,downloads/7/images/all_images256/ELP_12MP_11.01.2023_167343388818.png
ELP_12MP_23.02.2023_167717001733.png,success,downloads/7/images/all_images256/ELP_12MP_23.02.2023_167717001733.png
ELP_12MP_02.12.2022_166999217930.png,success,downloads/7/images/all_images256/ELP_12MP_02.12.2022_166999217930.png
e9a8evbwe0m81_jpg.jpg,success,downloads/1/train/e9a8evbwe0m81_jpg.rf.f3d3fec492e60ad96ffc1a2104367922.jpg
success (6).jpg,success,downloads/4/train/success/success (6).jpg
0314_tg_jpeg.rf.bd054a8b6cc4cc149c86095adf81598b.jpg,success,downloads/5/train/0314_tg_jpeg.rf.bd054a8b6cc4cc149c86095adf81598b.jpg
ELP_12MP_06.12.2022_167035900453.png,success,downloads/7/images/all_images256/ELP_12MP_06.12.2022_167035900453.png
0215_tg_jpeg.jpg,success,downloads/1/valid/0215_tg_jpeg.rf.6c66449415f99e978de64cc85cdfe1e2.jpg
ELP_12MP_06.12.2022_167035898408.png,success,downloads/7/images/all_images256/ELP_12MP_06.12.2022_167035898408.png
0312_tg_jpeg.jpg,success,downloads/1/train/0312_tg_jpeg.rf.a8991edf56d20bfef1d55ddee78e2245.jpg
ELP_12MP_29.11.2022_166974342425.png,success,downloads/7/images/all_images256/ELP_12MP_29.11.2022_166974342425.png
ELP_12MP_06.01.2023_167301610962.png,success,downloads/7/images/all_images256/ELP_12MP_06.01.2023_167301610962.png
ELP_12MP_02.12.2022_166999168838.png,success,downloads/7/images/all_images256/ELP_12MP_02.12.2022_166999168838.png
0305_null_dataset_jpeg.jpg,success,downloads/1/train/0305_null_dataset_jpeg.rf.503b769637822373163eff25c2f29534.jpg
success (111).jpg,success,downloads/4/train/success/success (111).jpg
ELP_12MP_06.12.2022_167036383394.png,success,downloads/7/images/all_images256/ELP_12MP_06.12.2022_167036383394.png
ELP_12MP_06.12.2022_167035479241.png,success,downloads/7/images/all_images256/ELP_12MP_06.12.2022_167035479241.png
0039_tg_jpeg.jpg,success,downloads/1/train/0039_tg_jpeg.rf.6c2c4f869bbf625915c2a892e9bdb163.jpg
0365_tg_jpeg.rf.6872ef1f8456d54e00a69db417c825dd.jpg,success,downloads/5/train/0365_tg_jpeg.rf.6872ef1f8456d54e00a69db417c825dd.jpg
0398_null_dataset_jpeg.rf.500cf943d6530c50d98b19c1b5e65766.jpg,success,downloads/5/train/0398_null_dataset_jpeg.rf.500cf943d6530c50d98b19c1b5e65766.jpg
success (19).jpg,success,downloads/4/train/success/success (19).jpg
ELP_12MP_06.12.2022_167033738856.png,success,downloads/7/images/all_images256/ELP_12MP_06.12.2022_167033738856.png
ELP_12MP_06.12.2022_167035217066.png,success,downloads/7/images/all_images256/ELP_12MP_06.12.2022_167035217066.png
ELP_12MP_13.01.2023_167362731441.png,success,downloads/7/images/all_images256/ELP_12MP_13.01.2023_167362731441.png
ELP_12MP_05.01.2023_167292628291.png,success,downloads/7/images/all_images256/ELP_12MP_05.01.2023_167292628291.png
ELP_12MP_05.01.2023_167292862781.png,success,downloads/7/images/all_images256/ELP_12MP_05.01.2023_167292862781.png
0447_null_dataset_jpeg.rf.f9b97c32a63abd22d2e20e3b27d33149.jpg,success,downloads/5/valid/0447_null_dataset_jpeg.rf.f9b97c32a63abd22d2e20e3b27d33149.jpg
01s8lOzd24t1s3pHCdDtLUA-1-fit_lim-size_1050x_jpg.rf.cd8aa62b2fe3806f5cf212b6a1980189.jpg,success,downloads/5/train/01s8lOzd24t1s3pHCdDtLUA-1-fit_lim-size_1050x_jpg.rf.cd8aa62b2fe3806f5cf212b6a1980189.jpg
ELP_12MP_02.12.2022_166999158521.png,success,downloads/7/images/all_images256/ELP_12MP_02.12.2022_166999158521.png
success (146).jpg,success,downloads/4/valid/success/success (146).jpg
ELP_12MP_07.12.2022_167041325534.png,success,downloads/7/images/all_images256/ELP_12MP_07.12.2022_167041325534.png
0154_null_dataset_jpeg.jpg,success,downloads/1/train/0154_null_dataset_jpeg.rf.15b9974d6af7d2737bac740855d42fbd.jpg
ELP_12MP_06.12.2022_167035578349.png,success,downloads/7/images/all_images256/ELP_12MP_06.12.2022_167035578349.png
ELP_12MP_23.02.2023_167716231952.png,success,downloads/7/images/all_images256/ELP_12MP_23.02.2023_167716231952.png
0469_null_dataset_jpeg.rf.11f2edf0323bfee9e0807737ac06be45.jpg,success,downloads/5/train/0469_null_dataset_jpeg.rf.11f2edf0323bfee9e0807737ac06be45.jpg
0049_tg_jpeg.jpg,success,downloads/1/train/0049_tg_jpeg.rf.4b33067d173483fafdaf7a7464a806a7.jpg
ELP_12MP_06.01.2023_167301617228.png,success,downloads/7/images/all_images256/ELP_12MP_06.01.2023_167301617228.png
ELP_12MP_07.12.2022_167040716961.png,success,downloads/7/images/all_images256/ELP_12MP_07.12.2022_167040716961.png
ELP_12MP_01.12.2022_166991327931.png,success,downloads/7/images/all_images256/ELP_12MP_01.12.2022_166991327931.png
ELP_12MP_01.12.2022_166990898184.png,success,downloads/7/images/all_images256/ELP_12MP_01.12.2022_166990898184.png
ELP_12MP_06.12.2022_167035875233.png,success,downloads/7/images/all_images256/ELP_12MP_06.12.2022_167035875233.png
ELP_12MP_23.02.2023_167716926418.png,success,downloads/7/images/all_images256/ELP_12MP_23.02.2023_167716926418.png
0200_tg_jpeg.jpg,success,downloads/1/train/0200_tg_jpeg.rf.0ea128e7dbb5362627bd24ed77c7b563.jpg
stereolithography-photopolymer-3D-printer.jpg,success,downloads/3/OK/stereolithography-photopolymer-3D-printer.jpg
ELP_12MP_06.12.2022_167035269631.png,success,downloads/7/images/all_images256/ELP_12MP_06.12.2022_167035269631.png
0079_tg_jpeg.rf.81904eb9f0458dc6cd361b7783e42408.jpg,success,downloads/5/train/0079_tg_jpeg.rf.81904eb9f0458dc6cd361b7783e42408.jpg
ELP_12MP_10.01.2023_167337381299.png,success,downloads/7/images/all_images256/ELP_12MP_10.01.2023_167337381299.png
0059_tg_jpeg.rf.6ec9b5b0ffb15329faef31be46b45e8b.jpg,success,downloads/5/valid/0059_tg_jpeg.rf.6ec9b5b0ffb15329faef31be46b45e8b.jpg
0210_null_dataset_jpeg.jpg,success,downloads/1/train/0210_null_dataset_jpeg.rf.8208c83268f46b76dedaf4e050e8e140.jpg
ELP_12MP_06.12.2022_167035230750.png,success,downloads/7/images/all_images256/ELP_12MP_06.12.2022_167035230750.png
ELP_12MP_06.12.2022_167033692288.png,success,downloads/7/images/all_images256/ELP_12MP_06.12.2022_167033692288.png
success (150).jpg,success,downloads/4/test/success/success (150).jpg
ELP_12MP_20.12.2022_167156550364.png,success,downloads/7/images/all_images256/ELP_12MP_20.12.2022_167156550364.png
0188_tg_jpeg.jpg,success,downloads/1/train/0188_tg_jpeg.rf.4eaa669eeffcda209c879feefe22d817.jpg
ELP_12MP_05.01.2023_167292629986.png,success,downloads/7/images/all_images256/ELP_12MP_05.01.2023_167292629986.png
ELP_12MP_08.12.2022_167053067299.png,success,downloads/7/images/all_images256/ELP_12MP_08.12.2022_167053067299.png
success (58).jpg,success,downloads/4/train/success/success (58).jpg
ELP_12MP_23.02.2023_167716024263.png,success,downloads/7/images/all_images256/ELP_12MP_23.02.2023_167716024263.png
ELP_12MP_29.11.2022_166974287382.png,success,downloads/7/images/all_images256/ELP_12MP_29.11.2022_166974287382.png
ELP_12MP_23.02.2023_167716428447.png,success,downloads/7/images/all_images256/ELP_12MP_23.02.2023_167716428447.png
ELP_12MP_13.12.2022_167094627275.png,success,downloads/7/images/all_images256/ELP_12MP_13.12.2022_167094627275.png
ELP_12MP_11.01.2023_167344495269.png,success,downloads/7/images/all_images256/ELP_12MP_11.01.2023_167344495269.png
ELP_12MP_05.01.2023_167292332374.png,success,downloads/7/images/all_images256/ELP_12MP_05.01.2023_167292332374.png
ELP_12MP_05.01.2023_167294077278.png,success,downloads/7/images/all_images256/ELP_12MP_05.01.2023_167294077278.png
ELP_12MP_06.12.2022_167035235402.png,success,downloads/7/images/all_images256/ELP_12MP_06.12.2022_167035235402.png
ELP_12MP_05.01.2023_167294079533.png,success,downloads/7/images/all_images256/ELP_12MP_05.01.2023_167294079533.png
0067_tg_jpeg.jpg,success,downloads/1/train/0067_tg_jpeg.rf.409d27c091d48a170a286a16924324f2.jpg
ELP_12MP_06.12.2022_167035464370.png,success,downloads/7/images/all_images256/ELP_12MP_06.12.2022_167035464370.png
ELP_12MP_06.12.2022_167035241383.png,success,downloads/7/images/all_images256/ELP_12MP_06.12.2022_167035241383.png
ELP_12MP_06.12.2022_167036152617.png,success,downloads/7/images/all_images256/ELP_12MP_06.12.2022_167036152617.png
success (107).jpg,success,downloads/4/train/success/success (107).jpg
0067_tg_jpeg.rf.093d04f9ca914eec9cc655c65280b463.jpg,success,downloads/5/test/0067_tg_jpeg.rf.093d04f9ca914eec9cc655c65280b463.jpg
ELP_12MP_13.01.2023_167362049825.png,success,downloads/7/images/all_images256/ELP_12MP_13.01.2023_167362049825.png
0540_null_dataset_jpeg.jpg,success,downloads/1/train/0540_null_dataset_jpeg.rf.5dadadef158902c70c9abbe7d5a9fa35.jpg
ELP_12MP_06.12.2022_167036170475.png,success,downloads/7/images/all_images256/ELP_12MP_06.12.2022_167036170475.png
ELP_12MP_08.12.2022_167052975862.png,success,downloads/7/images/all_images256/ELP_12MP_08.12.2022_167052975862.png
ELP_12MP_29.11.2022_166976111737.png,success,downloads/7/images/all_images256/ELP_12MP_29.11.2022_166976111737.png
0350_tg_jpeg.jpg,success,downloads/1/train/0350_tg_jpeg.rf.37ca02be2e591c5c7d5f33509ea325a3.jpg
ELP_12MP_06.12.2022_167036728450.png,success,downloads/7/images/all_images256/ELP_12MP_06.12.2022_167036728450.png
ELP_12MP_06.12.2022_167033714563.png,success,downloads/7/images/all_images256/ELP_12MP_06.12.2022_167033714563.png
0502_null_dataset_jpeg.jpg,success,downloads/1/train/0502_null_dataset_jpeg.rf.f292867f319ddda745a4ea58db8f01d5.jpg
0351_null_dataset_jpeg.jpg,success,downloads/1/train/0351_null_dataset_jpeg.rf.14f5f621fecb1b60895df59e2505fedb.jpg
ELP_12MP_02.12.2022_166999153930.png,success,downloads/7/images/all_images256/ELP_12MP_02.12.2022_166999153930.png
file-20190320-93060-1q0qsy2_jpg.rf.0e372ebde6ecb1c9823594c378b2391a.jpg,success,downloads/5/train/file-20190320-93060-1q0qsy2_jpg.rf.0e372ebde6ecb1c9823594c378b2391a.jpg
0086_tg_jpeg.jpg,success,downloads/1/train/0086_tg_jpeg.rf.5cf28826b568162a80fb86a6b6f3bd0d.jpg
ELP_12MP_06.12.2022_167036599790.png,success,downloads/7/images/all_images256/ELP_12MP_06.12.2022_167036599790.png
ELP_12MP_03.01.2023_167275870720.png,success,downloads/7/images/all_images256/ELP_12MP_03.01.2023_167275870720.png
ELP_12MP_06.12.2022_167036156316.png,success,downloads/7/images/all_images256/ELP_12MP_06.12.2022_167036156316.png
ELP_12MP_07.12.2022_167040351599.png,success,downloads/7/images/all_images256/ELP_12MP_07.12.2022_167040351599.png
ELP_12MP_06.12.2022_167036577649.png,success,downloads/7/images/all_images256/ELP_12MP_06.12.2022_167036577649.png
success (74).jpg,success,downloads/4/train/success/success (74).jpg
0389_null_dataset_jpeg.jpg,success,downloads/1/valid/0389_null_dataset_jpeg.rf.8c2f3b6edf2caf487dca2f4a7955be3d.jpg
ELP_12MP_20.12.2022_167156553446.png,success,downloads/7/images/all_images256/ELP_12MP_20.12.2022_167156553446.png
ELP_12MP_11.01.2023_167343799317.png,success,downloads/7/images/all_images256/ELP_12MP_11.01.2023_167343799317.png
ELP_12MP_04.01.2023_167284530044.png,success,downloads/7/images/all_images256/ELP_12MP_04.01.2023_167284530044.png
ELP_12MP_06.12.2022_167036716964.png,success,downloads/7/images/all_images256/ELP_12MP_06.12.2022_167036716964.png
0514_null_dataset_jpeg.rf.18b2f9502655b9c76bb770fcacb2e233.jpg,success,downloads/5/train/0514_null_dataset_jpeg.rf.18b2f9502655b9c76bb770fcacb2e233.jpg
0480_null_dataset_jpeg.rf.7a3637f3cc76dc0cd7c5939b1fadf052.jpg,success,downloads/5/train/0480_null_dataset_jpeg.rf.7a3637f3cc76dc0cd7c5939b1fadf052.jpg
ELP_12MP_06.12.2022_167035238480.png,success,downloads/7/images/all_images256/ELP_12MP_06.12.2022_167035238480.png
0169_tg_jpeg.jpg,success,downloads/1/train/0169_tg_jpeg.rf.462cbcc4aa5af6b54bcfd7cdf8c1dbb7.jpg
ELP_12MP_06.01.2023_167301619402.png,success,downloads/7/images/all_images256/ELP_12MP_06.01.2023_167301619402.png
ELP_12MP_07.12.2022_167040332599.png,success,downloads/7/images/all_images256/ELP_12MP_07.12.2022_167040332599.png
01s8lOzd24t1s3pHCdDtLUA-8-v1569485513_jpg.jpg,success,downloads/1/test/01s8lOzd24t1s3pHCdDtLUA-8-v1569485513_jpg.rf.25ad168032803d6489c15c1805034e1b.jpg
0102_jpeg.jpg,success,downloads/1/train/0102_jpeg.rf.9c192bfc5173871c2cc3f0dc114c3a19.jpg
success (23).jpg,success,downloads/4/train/success/success (23).jpg
0401_null_dataset_jpeg.jpg,success,downloads/1/train/0401_null_dataset_jpeg.rf.9d78f28fc4b810cb0488a48990f58226.jpg
ELP_12MP_29.11.2022_166975879203.png,success,downloads/7/images/all_images256/ELP_12MP_29.11.2022_166975879203.png
ELP_12MP_06.12.2022_167033679200.png,success,downloads/7/images/all_images256/ELP_12MP_06.12.2022_167033679200.png
ELP_12MP_29.11.2022_166976105596.png,success,downloads/7/images/all_images256/ELP_12MP_29.11.2022_166976105596.png
0194_tg_jpeg.jpg,success,downloads/1/train/0194_tg_jpeg.rf.7a91147cd53c4a972f69fd5a4bd78df1.jpg
ELP_12MP_23.02.2023_167716759763.png,success,downloads/7/images/all_images256/ELP_12MP_23.02.2023_167716759763.png
0242_tg_jpeg.jpg,success,downloads/1/valid/0242_tg_jpeg.rf.7f09456d137a9bc8bb5c36e2f7ff9554.jpg
ELP_12MP_29.11.2022_166974359400.png,success,downloads/7/images/all_images256/ELP_12MP_29.11.2022_166974359400.png
ELP_12MP_29.11.2022_166975330947.png,success,downloads/7/images/all_images256/ELP_12MP_29.11.2022_166975330947.png
DSC_1007-1-1-scaled_jpg.rf.b0169a0839f66951667fa7fcc27dde95.jpg,success,downloads/5/test/DSC_1007-1-1-scaled_jpg.rf.b0169a0839f66951667fa7fcc27dde95.jpg
ELP_12MP_13.12.2022_167094622913.png,success,downloads/7/images/all_images256/ELP_12MP_13.12.2022_167094622913.png
ELP_12MP_07.12.2022_167041018817.png,success,downloads/7/images/all_images256/ELP_12MP_07.12.2022_167041018817.png
0282_tg_jpeg.rf.16d5649c79d285a5eef9fd9186ad2725.jpg,success,downloads/5/train/0282_tg_jpeg.rf.16d5649c79d285a5eef9fd9186ad2725.jpg
Snmek obrazovky 2022-04-01 211704.jpg,success,downloads/3/OK/Snmek obrazovky 2022-04-01 211704.jpg
ELP_12MP_07.12.2022_167044677699.png,success,downloads/7/images/all_images256/ELP_12MP_07.12.2022_167044677699.png
0055_tg_jpeg.jpg,success,downloads/1/train/0055_tg_jpeg.rf.75870f91aba285f0cb621fd9870fa887.jpg
0417_null_dataset_jpeg.jpg,success,downloads/1/train/0417_null_dataset_jpeg.rf.859d5e077c62fd1b5e57d0fa23e4e4af.jpg
ELP_12MP_04.01.2023_167284532280.png,success,downloads/7/images/all_images256/ELP_12MP_04.01.2023_167284532280.png
ELP_12MP_20.12.2022_167155853819.png,success,downloads/7/images/all_images256/ELP_12MP_20.12.2022_167155853819.png
0137_tg_jpeg.jpg,success,downloads/1/valid/0137_tg_jpeg.rf.7cbbf48e0d6140f031511dc3a1e7879a.jpg
ELP_12MP_06.01.2023_167301596016.png,success,downloads/7/images/all_images256/ELP_12MP_06.01.2023_167301596016.png
ELP_12MP_23.02.2023_167716221201.png,success,downloads/7/images/all_images256/ELP_12MP_23.02.2023_167716221201.png
success (35).jpg,success,downloads/4/train/success/success (35).jpg
ELP_12MP_05.01.2023_167294068007.png,success,downloads/7/images/all_images256/ELP_12MP_05.01.2023_167294068007.png
ELP_12MP_08.12.2022_167053034039.png,success,downloads/7/images/all_images256/ELP_12MP_08.12.2022_167053034039.png
0249_null_dataset_jpeg.rf.3947aba1f9f25dcbd7efe54695521a87.jpg,success,downloads/5/train/0249_null_dataset_jpeg.rf.3947aba1f9f25dcbd7efe54695521a87.jpg
0501_null_dataset_jpeg.rf.062d0ec7bc66dfc15663a3980e3383a0.jpg,success,downloads/5/train/0501_null_dataset_jpeg.rf.062d0ec7bc66dfc15663a3980e3383a0.jpg
ELP_12MP_29.11.2022_166975968939.png,success,downloads/7/images/all_images256/ELP_12MP_29.11.2022_166975968939.png
0094_tg_jpeg.rf.db735b78d40d39b3350eaa8070a0378b.jpg,success,downloads/5/valid/0094_tg_jpeg.rf.db735b78d40d39b3350eaa8070a0378b.jpg
ELP_12MP_28.12.2022_167224318674.png,success,downloads/7/images/all_images256/ELP_12MP_28.12.2022_167224318674.png
0125_tg_jpeg.rf.0d6c5f152e85f195b4985a751220a4a4.jpg,success,downloads/5/train/0125_tg_jpeg.rf.0d6c5f152e85f195b4985a751220a4a4.jpg
ELP_12MP_05.01.2023_167292410576.png,success,downloads/7/images/all_images256/ELP_12MP_05.01.2023_167292410576.png
ELP_12MP_07.12.2022_167040124747.png,success,downloads/7/images/all_images256/ELP_12MP_07.12.2022_167040124747.png
ELP_12MP_02.12.2022_166999183654.png,success,downloads/7/images/all_images256/ELP_12MP_02.12.2022_166999183654.png
ELP_12MP_11.01.2023_167344667132.png,success,downloads/7/images/all_images256/ELP_12MP_11.01.2023_167344667132.png
0329_null_dataset_jpeg.jpg,success,downloads/1/train/0329_null_dataset_jpeg.rf.4d721bff8df481a981a8158bae0f525b.jpg
0514_null_dataset_jpeg.jpg,success,downloads/1/valid/0514_null_dataset_jpeg.rf.64d2d04118dbbee0171e1d5e843199e8.jpg
ELP_12MP_13.12.2022_167094491036.png,success,downloads/7/images/all_images256/ELP_12MP_13.12.2022_167094491036.png
0148_null_dataset_jpeg.rf.c69653dc41cc2adc6329b04ffd86168f.jpg,success,downloads/5/train/0148_null_dataset_jpeg.rf.c69653dc41cc2adc6329b04ffd86168f.jpg
success (63).jpg,success,downloads/4/train/success/success (63).jpg
0100_tg_jpeg.jpg,success,downloads/1/train/0100_tg_jpeg.rf.47722a7eaf0a78e31398abcb5956d8a3.jpg
ELP_12MP_28.12.2022_167224360720.png,success,downloads/7/images/all_images256/ELP_12MP_28.12.2022_167224360720.png
ELP_12MP_23.02.2023_167716530351.png,success,downloads/7/images/all_images256/ELP_12MP_23.02.2023_167716530351.png
0395_null_dataset_jpeg.jpg,success,downloads/1/train/0395_null_dataset_jpeg.rf.f30d599146d15df68420493320ea382a.jpg
ELP_12MP_23.02.2023_167716160961.png,success,downloads/7/images/all_images256/ELP_12MP_23.02.2023_167716160961.png
ELP_12MP_06.12.2022_167036862781.png,success,downloads/7/images/all_images256/ELP_12MP_06.12.2022_167036862781.png
ELP_12MP_11.01.2023_167343644760.png,success,downloads/7/images/all_images256/ELP_12MP_11.01.2023_167343644760.png
ELP_12MP_07.12.2022_167040715060.png,success,downloads/7/images/all_images256/ELP_12MP_07.12.2022_167040715060.png
print-in-place_jpg.jpg,success,downloads/1/test/print-in-place_jpg.rf.93227e86058b0a42abcfe57bc877f1f6.jpg
ELP_12MP_29.11.2022_166974851517.png,success,downloads/7/images/all_images256/ELP_12MP_29.11.2022_166974851517.png
ELP_12MP_06.12.2022_167036640688.png,success,downloads/7/images/all_images256/ELP_12MP_06.12.2022_167036640688.png
ELP_12MP_06.12.2022_167036572682.png,success,downloads/7/images/all_images256/ELP_12MP_06.12.2022_167036572682.png
Snmek-obrazovky-2022-04-01-211954_jpg.jpg,success,downloads/1/train/Snmek-obrazovky-2022-04-01-211954_jpg.rf.4dc58d46fb19f6303e54cf71650034f9.jpg
Geared-Hinge-Cool-Things-3D-Print.jpg,success,downloads/3/OK/Geared-Hinge-Cool-Things-3D-Print.jpg
0323_null_dataset_jpeg.jpg,success,downloads/1/valid/0323_null_dataset_jpeg.rf.9088001bfb9020ebdd0a90a5b9cb50c2.jpg
Snmek-obrazovky-2022-04-01-211954_jpg.rf.02143f136fc61673395ad8fa3957820b.jpg,success,downloads/5/train/Snmek-obrazovky-2022-04-01-211954_jpg.rf.02143f136fc61673395ad8fa3957820b.jpg
ELP_12MP_06.12.2022_167034418791.png,success,downloads/7/images/all_images256/ELP_12MP_06.12.2022_167034418791.png
success (34).jpg,success,downloads/4/train/success/success (34).jpg
0200_null_dataset_jpeg.rf.fd33dc03141b67a24cb50e455cd6cdee.jpg,success,downloads/5/valid/0200_null_dataset_jpeg.rf.fd33dc03141b67a24cb50e455cd6cdee.jpg
ELP_12MP_28.12.2022_167224370719.png,success,downloads/7/images/all_images256/ELP_12MP_28.12.2022_167224370719.png
ELP_12MP_07.12.2022_167041379272.png,success,downloads/7/images/all_images256/ELP_12MP_07.12.2022_167041379272.png
ELP_12MP_06.12.2022_167036594850.png,success,downloads/7/images/all_images256/ELP_12MP_06.12.2022_167036594850.png
ELP_12MP_06.12.2022_167035617069.png,success,downloads/7/images/all_images256/ELP_12MP_06.12.2022_167035617069.png
0220_null_dataset_jpeg.jpg,success,downloads/1/train/0220_null_dataset_jpeg.rf.fd075dfc30e5a9532d0acca5240f547d.jpg
Snmek obrazovky 2022-04-01 222335.jpg,success,downloads/3/OK/Snmek obrazovky 2022-04-01 222335.jpg
ELP_12MP_11.01.2023_167343649052.png,success,downloads/7/images/all_images256/ELP_12MP_11.01.2023_167343649052.png
0429_null_dataset_jpeg.rf.2f8ec7eb8462b976367bff42c6f4ba85.jpg,success,downloads/5/train/0429_null_dataset_jpeg.rf.2f8ec7eb8462b976367bff42c6f4ba85.jpg
ELP_12MP_23.02.2023_167716779528.png,success,downloads/7/images/all_images256/ELP_12MP_23.02.2023_167716779528.png
0479_null_dataset_jpeg.rf.0ef08a9d8d59e217f85175a24b073c68.jpg,success,downloads/5/train/0479_null_dataset_jpeg.rf.0ef08a9d8d59e217f85175a24b073c68.jpg
ELP_12MP_23.02.2023_167716029144.png,success,downloads/7/images/all_images256/ELP_12MP_23.02.2023_167716029144.png
Snmek-obrazovky-2022-04-01-122720_jpg.rf.360c9af513b5c81157365bb55863bda6.jpg,success,downloads/5/test/Snmek-obrazovky-2022-04-01-122720_jpg.rf.360c9af513b5c81157365bb55863bda6.jpg
ELP_12MP_23.02.2023_167716537199.png,success,downloads/7/images/all_images256/ELP_12MP_23.02.2023_167716537199.png
ELP_12MP_21.12.2022_167159391965.png,success,downloads/7/images/all_images256/ELP_12MP_21.12.2022_167159391965.png
ELP_12MP_06.01.2023_167301570568.png,success,downloads/7/images/all_images256/ELP_12MP_06.01.2023_167301570568.png
0296_null_dataset_jpeg.jpg,success,downloads/1/valid/0296_null_dataset_jpeg.rf.6598d0e1c8a51ccb6adc5b966bcb3c78.jpg
0172_null_dataset_jpeg.jpg,success,downloads/1/train/0172_null_dataset_jpeg.rf.8f82b1a68466a642feb829965e7b6a25.jpg
Snmek obrazovky 2022-04-01 211728.jpg,success,downloads/3/OK/Snmek obrazovky 2022-04-01 211728.jpg
ELP_12MP_04.01.2023_167284517992.png,success,downloads/7/images/all_images256/ELP_12MP_04.01.2023_167284517992.png
0176_null_dataset_jpeg.rf.260ef83e695e0d311c982615b82a3be8.jpg,success,downloads/5/train/0176_null_dataset_jpeg.rf.260ef83e695e0d311c982615b82a3be8.jpg
ELP_12MP_06.12.2022_167036736520.png,success,downloads/7/images/all_images256/ELP_12MP_06.12.2022_167036736520.png
ELP_12MP_29.11.2022_166974890798.png,success,downloads/7/images/all_images256/ELP_12MP_29.11.2022_166974890798.png
success (22).jpg,success,downloads/4/train/success/success (22).jpg
ELP_12MP_10.01.2023_167338176767.png,success,downloads/7/images/all_images256/ELP_12MP_10.01.2023_167338176767.png
ELP_12MP_23.02.2023_167716529204.png,success,downloads/7/images/all_images256/ELP_12MP_23.02.2023_167716529204.png
ELP_12MP_06.01.2023_167300835179.png,success,downloads/7/images/all_images256/ELP_12MP_06.01.2023_167300835179.png
ELP_12MP_29.11.2022_166975879207.png,success,downloads/7/images/all_images256/ELP_12MP_29.11.2022_166975879207.png
ELP_12MP_06.12.2022_167034416804.png,success,downloads/7/images/all_images256/ELP_12MP_06.12.2022_167034416804.png
0201_null_dataset_jpeg.rf.1f7391212bd9902a4d2c867050f298b5.jpg,success,downloads/5/test/0201_null_dataset_jpeg.rf.1f7391212bd9902a4d2c867050f298b5.jpg
Snmek obrazovky 2022-04-01 222255.jpg,success,downloads/3/OK/Snmek obrazovky 2022-04-01 222255.jpg
Snmek obrazovky 2022-04-01 211853.jpg,success,downloads/3/OK/Snmek obrazovky 2022-04-01 211853.jpg
0322_tg_jpeg.rf.06b6cf2db1e5624bc9a8598697370031.jpg,success,downloads/5/train/0322_tg_jpeg.rf.06b6cf2db1e5624bc9a8598697370031.jpg
0236_null_dataset_jpeg.jpg,success,downloads/1/train/0236_null_dataset_jpeg.rf.04912848468d54678a5125384ffba767.jpg
ELP_12MP_05.01.2023_167294226539.png,success,downloads/7/images/all_images256/ELP_12MP_05.01.2023_167294226539.png
Snmek obrazovky 2022-04-01 214718.jpg,success,downloads/3/OK/Snmek obrazovky 2022-04-01 214718.jpg
0465_null_dataset_jpeg.jpg,success,downloads/1/valid/0465_null_dataset_jpeg.rf.56fe7dfe7156482ab72e3f9949059e2f.jpg
ELP_12MP_06.12.2022_167035488108.png,success,downloads/7/images/all_images256/ELP_12MP_06.12.2022_167035488108.png
0076_tg_jpeg.rf.4b7cc427651d32fc94758b5071911c5e.jpg,success,downloads/5/train/0076_tg_jpeg.rf.4b7cc427651d32fc94758b5071911c5e.jpg
0562_null_dataset_jpeg.rf.10e42a297f697640ee0514d9d20d0eab.jpg,success,downloads/5/train/0562_null_dataset_jpeg.rf.10e42a297f697640ee0514d9d20d0eab.jpg
ELP_12MP_05.01.2023_167292869028.png,success,downloads/7/images/all_images256/ELP_12MP_05.01.2023_167292869028.png
ELP_12MP_07.12.2022_167041310367.png,success,downloads/7/images/all_images256/ELP_12MP_07.12.2022_167041310367.png
ELP_12MP_13.12.2022_167094677447.png,success,downloads/7/images/all_images256/ELP_12MP_13.12.2022_167094677447.png
0566_null_dataset_jpeg.jpg,success,downloads/1/train/0566_null_dataset_jpeg.rf.687ac9bd665dc3769dc0719b454d7b87.jpg
success (75).jpg,success,downloads/4/train/success/success (75).jpg
ELP_12MP_06.12.2022_167034375444.png,success,downloads/7/images/all_images256/ELP_12MP_06.12.2022_167034375444.png
ELP_12MP_29.11.2022_166974367924.png,success,downloads/7/images/all_images256/ELP_12MP_29.11.2022_166974367924.png
0508_null_dataset_jpeg.jpg,success,downloads/1/train/0508_null_dataset_jpeg.rf.1224abc9ecc2308ca41f1fbf37a16a12.jpg
ELP_12MP_23.02.2023_167716537204.png,success,downloads/7/images/all_images256/ELP_12MP_23.02.2023_167716537204.png
ELP_12MP_11.01.2023_167344660711.png,success,downloads/7/images/all_images256/ELP_12MP_11.01.2023_167344660711.png
ELP_12MP_23.02.2023_167716428442.png,success,downloads/7/images/all_images256/ELP_12MP_23.02.2023_167716428442.png
ELP_12MP_06.12.2022_167036172501.png,success,downloads/7/images/all_images256/ELP_12MP_06.12.2022_167036172501.png
ELP_12MP_06.01.2023_167301608721.png,success,downloads/7/images/all_images256/ELP_12MP_06.01.2023_167301608721.png
ELP_12MP_02.12.2022_166999213358.png,success,downloads/7/images/all_images256/ELP_12MP_02.12.2022_166999213358.png
ELP_12MP_01.12.2022_166991317571.png,success,downloads/7/images/all_images256/ELP_12MP_01.12.2022_166991317571.png
ELP_12MP_06.12.2022_167033714567.png,success,downloads/7/images/all_images256/ELP_12MP_06.12.2022_167033714567.png
ELP_12MP_06.12.2022_167033661846.png,success,downloads/7/images/all_images256/ELP_12MP_06.12.2022_167033661846.png
0255_tg_jpeg.rf.203a6fa88f60b921198eb8549135224f.jpg,success,downloads/5/test/0255_tg_jpeg.rf.203a6fa88f60b921198eb8549135224f.jpg
0383_null_dataset_jpeg.jpg,success,downloads/1/train/0383_null_dataset_jpeg.rf.36f15914521aab8b375420a554afc566.jpg
ELP_12MP_06.12.2022_167036144931.png,success,downloads/7/images/all_images256/ELP_12MP_06.12.2022_167036144931.png
ELP_12MP_13.12.2022_167096918223.png,success,downloads/7/images/all_images256/ELP_12MP_13.12.2022_167096918223.png
images-1-_jpeg.rf.571025cf167eb4bff88ede83995994fa.jpg,success,downloads/5/train/images-1-_jpeg.rf.571025cf167eb4bff88ede83995994fa.jpg
ELP_12MP_23.02.2023_167716438692.png,success,downloads/7/images/all_images256/ELP_12MP_23.02.2023_167716438692.png
ELP_12MP_05.01.2023_167292349729.png,success,downloads/7/images/all_images256/ELP_12MP_05.01.2023_167292349729.png
0203_null_dataset_jpeg.rf.17658087902cef882cf2e0c0bbc3ebd4.jpg,success,downloads/5/train/0203_null_dataset_jpeg.rf.17658087902cef882cf2e0c0bbc3ebd4.jpg
0142_tg_jpeg.jpg,success,downloads/1/train/0142_tg_jpeg.rf.3707ffc38a3f00b71a09840693307ca5.jpg
ELP_12MP_10.01.2023_167337216452.png,success,downloads/7/images/all_images256/ELP_12MP_10.01.2023_167337216452.png
0194_tg_jpeg.rf.c264f2e6afef1a98248aa42013febcc2.jpg,success,downloads/5/train/0194_tg_jpeg.rf.c264f2e6afef1a98248aa42013febcc2.jpg
ELP_12MP_01.12.2022_166992934995.png,success,downloads/7/images/all_images256/ELP_12MP_01.12.2022_166992934995.png
1-20-1-_jpg.rf.06cea84343231082b7c768e13a8bf54d.jpg,success,downloads/5/train/1-20-1-_jpg.rf.06cea84343231082b7c768e13a8bf54d.jpg
0377_null_dataset_jpeg.jpg,success,downloads/1/train/0377_null_dataset_jpeg.rf.4965781f223c9d68043d1448287c3d9c.jpg
ELP_12MP_06.12.2022_167036329225.png,success,downloads/7/images/all_images256/ELP_12MP_06.12.2022_167036329225.png
ELP_12MP_07.12.2022_167040605312.png,success,downloads/7/images/all_images256/ELP_12MP_07.12.2022_167040605312.png
0405_null_dataset_jpeg.rf.2017f800fd170ec0d25bb0d14ef590ee.jpg,success,downloads/5/train/0405_null_dataset_jpeg.rf.2017f800fd170ec0d25bb0d14ef590ee.jpg
ELP_12MP_23.02.2023_167716910541.png,success,downloads/7/images/all_images256/ELP_12MP_23.02.2023_167716910541.png
0510_null_dataset_jpeg.rf.761c20d054b3bfc942c5c905e211bc3d.jpg,success,downloads/5/valid/0510_null_dataset_jpeg.rf.761c20d054b3bfc942c5c905e211bc3d.jpg
ELP_12MP_29.11.2022_166976125455.png,success,downloads/7/images/all_images256/ELP_12MP_29.11.2022_166976125455.png
ELP_12MP_29.11.2022_166974308474.png,success,downloads/7/images/all_images256/ELP_12MP_29.11.2022_166974308474.png
ELP_12MP_13.01.2023_167362623684.png,success,downloads/7/images/all_images256/ELP_12MP_13.01.2023_167362623684.png
ELP_12MP_02.12.2022_166999566238.png,success,downloads/7/images/all_images256/ELP_12MP_02.12.2022_166999566238.png
0319_null_dataset_jpeg.jpg,success,downloads/1/train/0319_null_dataset_jpeg.rf.f44c480c8613aa46ebb78d364526bd40.jpg
ELP_12MP_23.02.2023_167716529775.png,success,downloads/7/images/all_images256/ELP_12MP_23.02.2023_167716529775.png
ELP_12MP_07.12.2022_167044593603.png,success,downloads/7/images/all_images256/ELP_12MP_07.12.2022_167044593603.png
success (106).jpg,success,downloads/4/train/success/success (106).jpg
ELP_12MP_20.12.2022_167156557619.png,success,downloads/7/images/all_images256/ELP_12MP_20.12.2022_167156557619.png
0427_null_dataset_jpeg.jpg,success,downloads/1/valid/0427_null_dataset_jpeg.rf.000521f11eb183bca7b57ce4c3b79724.jpg
0190_null_dataset_jpeg.jpg,success,downloads/1/train/0190_null_dataset_jpeg.rf.23cdb5979aa7208dfd1d09240f541ead.jpg
0132_tg_jpeg.jpg,success,downloads/1/valid/0132_tg_jpeg.rf.fbc861fc07b7d6f909103d29d3469121.jpg
ELP_12MP_05.01.2023_167292629982.png,success,downloads/7/images/all_images256/ELP_12MP_05.01.2023_167292629982.png
Snmek-obrazovky-2022-04-01-211803_jpg.jpg,success,downloads/1/train/Snmek-obrazovky-2022-04-01-211803_jpg.rf.3765052ab587f99252f5c759e7ca687a.jpg
success (59).jpg,success,downloads/4/train/success/success (59).jpg
0449_null_dataset_jpeg.jpg,success,downloads/1/train/0449_null_dataset_jpeg.rf.f70a2a82472dccaa7bc19c9ab355088f.jpg
ELP_12MP_07.12.2022_167041914705.png,success,downloads/7/images/all_images256/ELP_12MP_07.12.2022_167041914705.png
ELP_12MP_29.11.2022_166974862241.png,success,downloads/7/images/all_images256/ELP_12MP_29.11.2022_166974862241.png
ELP_12MP_07.12.2022_167044662468.png,success,downloads/7/images/all_images256/ELP_12MP_07.12.2022_167044662468.png
0219_tg_jpeg.jpg,success,downloads/1/train/0219_tg_jpeg.rf.4246fd6180d6295d4a2b07f8cfa32bba.jpg
istockphoto-1141975968-612x612.jpg,success,downloads/3/OK/istockphoto-1141975968-612x612.jpg
ELP_12MP_04.01.2023_167284526347.png,success,downloads/7/images/all_images256/ELP_12MP_04.01.2023_167284526347.png
ELP_12MP_23.02.2023_167716400867.png,success,downloads/7/images/all_images256/ELP_12MP_23.02.2023_167716400867.png
istockphoto-1301565754-170667a_jpg.jpg,success,downloads/1/test/istockphoto-1301565754-170667a_jpg.rf.7725a442f4fe7db9e29d4d278a327ff9.jpg
ELP_12MP_13.01.2023_167362194665.png,success,downloads/7/images/all_images256/ELP_12MP_13.01.2023_167362194665.png
0232_null_dataset_jpeg.rf.48e6ce79f1b87175b5fd71d96b68c067.jpg,success,downloads/5/train/0232_null_dataset_jpeg.rf.48e6ce79f1b87175b5fd71d96b68c067.jpg
success (151).jpg,success,downloads/4/test/success/success (151).jpg
0148_null_dataset_jpeg.jpg,success,downloads/1/train/0148_null_dataset_jpeg.rf.543a7d213744942d1c9b7a158eff175d.jpg
ELP_12MP_02.12.2022_166999216786.png,success,downloads/7/images/all_images256/ELP_12MP_02.12.2022_166999216786.png
ELP_12MP_04.01.2023_167284627142.png,success,downloads/7/images/all_images256/ELP_12MP_04.01.2023_167284627142.png
ELP_12MP_23.02.2023_167716448002.png,success,downloads/7/images/all_images256/ELP_12MP_23.02.2023_167716448002.png
ELP_12MP_11.01.2023_167344471504.png,success,downloads/7/images/all_images256/ELP_12MP_11.01.2023_167344471504.png
ELP_12MP_06.12.2022_167035795916.png,success,downloads/7/images/all_images256/ELP_12MP_06.12.2022_167035795916.png
ELP_12MP_06.12.2022_167034388127.png,success,downloads/7/images/all_images256/ELP_12MP_06.12.2022_167034388127.png
0191_tg_jpeg.jpg,success,downloads/1/train/0191_tg_jpeg.rf.82ff7c3322e8d591667fc735901dbe4a.jpg
ELP_12MP_06.01.2023_167301568440.png,success,downloads/7/images/all_images256/ELP_12MP_06.01.2023_167301568440.png
ELP_12MP_01.12.2022_166991333954.png,success,downloads/7/images/all_images256/ELP_12MP_01.12.2022_166991333954.png
ELP_12MP_07.12.2022_167040352452.png,success,downloads/7/images/all_images256/ELP_12MP_07.12.2022_167040352452.png
0487_null_dataset_jpeg.jpg,success,downloads/1/train/0487_null_dataset_jpeg.rf.551dbd873792aefd4fc9b1bb361dc32b.jpg
ELP_12MP_07.12.2022_167040075055.png,success,downloads/7/images/all_images256/ELP_12MP_07.12.2022_167040075055.png
ELP_12MP_06.01.2023_167301952369.png,success,downloads/7/images/all_images256/ELP_12MP_06.01.2023_167301952369.png
ELP_12MP_06.12.2022_167035861524.png,success,downloads/7/images/all_images256/ELP_12MP_06.12.2022_167035861524.png
ELP_12MP_07.12.2022_167041348737.png,success,downloads/7/images/all_images256/ELP_12MP_07.12.2022_167041348737.png
ELP_12MP_11.01.2023_167344487251.png,success,downloads/7/images/all_images256/ELP_12MP_11.01.2023_167344487251.png
0328_null_dataset_jpeg.rf.57e452e548193787c57709098c1fb2f7.jpg,success,downloads/5/train/0328_null_dataset_jpeg.rf.57e452e548193787c57709098c1fb2f7.jpg
ELP_12MP_07.12.2022_167040567659.png,success,downloads/7/images/all_images256/ELP_12MP_07.12.2022_167040567659.png
ELP_12MP_07.12.2022_167041301486.png,success,downloads/7/images/all_images256/ELP_12MP_07.12.2022_167041301486.png
Snmek-obrazovky-2022-04-01-122829_jpg.rf.78bdd9ad42098860225a133916118adf.jpg,success,downloads/5/test/Snmek-obrazovky-2022-04-01-122829_jpg.rf.78bdd9ad42098860225a133916118adf.jpg
ELP_12MP_07.12.2022_167041331223.png,success,downloads/7/images/all_images256/ELP_12MP_07.12.2022_167041331223.png
success (147).jpg,success,downloads/4/test/success/success (147).jpg
ELP_12MP_06.12.2022_167035483470.png,success,downloads/7/images/all_images256/ELP_12MP_06.12.2022_167035483470.png
ELP_12MP_04.01.2023_167284525289.png,success,downloads/7/images/all_images256/ELP_12MP_04.01.2023_167284525289.png
Snmek obrazovky 2022-04-01 214453.jpg,success,downloads/3/OK/Snmek obrazovky 2022-04-01 214453.jpg
ELP_12MP_07.12.2022_167040355117.png,success,downloads/7/images/all_images256/ELP_12MP_07.12.2022_167040355117.png
ELP_12MP_20.12.2022_167156549584.png,success,downloads/7/images/all_images256/ELP_12MP_20.12.2022_167156549584.png
success (18).jpg,success,downloads/4/train/success/success (18).jpg
0237_tg_jpeg.jpg,success,downloads/1/train/0237_tg_jpeg.rf.9721a01d94934f898548268c9a9c365a.jpg
ELP_12MP_23.02.2023_167716538917.png,success,downloads/7/images/all_images256/ELP_12MP_23.02.2023_167716538917.png
ELP_12MP_07.12.2022_167040612929.png,success,downloads/7/images/all_images256/ELP_12MP_07.12.2022_167040612929.png
0300_tg_jpeg.rf.4039739d333f088d878a4a17e7fcfcf2.jpg,success,downloads/5/train/0300_tg_jpeg.rf.4039739d333f088d878a4a17e7fcfcf2.jpg
AD-Essentiasl-All-3d_jpg.rf.4f3648e3de5b2879ce404557aa3ab900.jpg,success,downloads/5/train/AD-Essentiasl-All-3d_jpg.rf.4f3648e3de5b2879ce404557aa3ab900.jpg
ELP_12MP_06.12.2022_167035411648.png,success,downloads/7/images/all_images256/ELP_12MP_06.12.2022_167035411648.png
0532_null_dataset_jpeg.jpg,success,downloads/1/train/0532_null_dataset_jpeg.rf.3fc599c7f134a787ff0b3eef4187e8d0.jpg
Snmek obrazovky 2022-04-01 211517.jpg,success,downloads/3/OK/Snmek obrazovky 2022-04-01 211517.jpg
0361_null_dataset_jpeg.jpg,success,downloads/1/train/0361_null_dataset_jpeg.rf.3954569d4cd32194efd119b5e0a39ed9.jpg
ELP_12MP_11.01.2023_167344497526.png,success,downloads/7/images/all_images256/ELP_12MP_11.01.2023_167344497526.png
ELP_12MP_11.01.2023_167344687941.png,success,downloads/7/images/all_images256/ELP_12MP_11.01.2023_167344687941.png
ELP_12MP_06.12.2022_167036157623.png,success,downloads/7/images/all_images256/ELP_12MP_06.12.2022_167036157623.png
ELP_12MP_20.12.2022_167155100186.png,success,downloads/7/images/all_images256/ELP_12MP_20.12.2022_167155100186.png
success (110).jpg,success,downloads/4/train/success/success (110).jpg
0083_tg_jpeg.jpg,success,downloads/1/train/0083_tg_jpeg.rf.55c02b4730144cc54a28ca77b01e59c0.jpg
ELP_12MP_07.12.2022_167040332603.png,success,downloads/7/images/all_images256/ELP_12MP_07.12.2022_167040332603.png
success (7).jpg,success,downloads/4/train/success/success (7).jpg
2-Can-Bomb_jpg.jpg,success,downloads/1/train/2-Can-Bomb_jpg.rf.732dde4687b47257b8b4518a68705b94.jpg
ELP_12MP_02.12.2022_166999198501.png,success,downloads/7/images/all_images256/ELP_12MP_02.12.2022_166999198501.png
ELP_12MP_06.12.2022_167035866936.png,success,downloads/7/images/all_images256/ELP_12MP_06.12.2022_167035866936.png
0098_tg_jpeg.rf.0a48c5288eef64358e76a1009f0753e1.jpg,success,downloads/5/train/0098_tg_jpeg.rf.0a48c5288eef64358e76a1009f0753e1.jpg
ELP_12MP_11.01.2023_167343362553.png,success,downloads/7/images/all_images256/ELP_12MP_11.01.2023_167343362553.png
FD.jpg,success,downloads/3/OK/FD.jpg
ELP_12MP_05.01.2023_167292384822.png,success,downloads/7/images/all_images256/ELP_12MP_05.01.2023_167292384822.png
ELP_12MP_06.12.2022_167036160927.png,success,downloads/7/images/all_images256/ELP_12MP_06.12.2022_167036160927.png
ELP_12MP_23.02.2023_167716525777.png,success,downloads/7/images/all_images256/ELP_12MP_23.02.2023_167716525777.png
DSC_1007-1-1-scaled.jpg,success,downloads/3/OK/DSC_1007-1-1-scaled.jpg
0252_tg_jpeg.jpg,success,downloads/1/valid/0252_tg_jpeg.rf.727c11613a032709d211b5c482da1df5.jpg
ELP_12MP_05.01.2023_167292347128.png,success,downloads/7/images/all_images256/ELP_12MP_05.01.2023_167292347128.png
ELP_12MP_06.12.2022_167036164200.png,success,downloads/7/images/all_images256/ELP_12MP_06.12.2022_167036164200.png
ELP_12MP_06.12.2022_167033712713.png,success,downloads/7/images/all_images256/ELP_12MP_06.12.2022_167033712713.png
0330_tg_jpeg.jpg,success,downloads/1/train/0330_tg_jpeg.rf.4130899e3c1900259c0078cd243c988a.jpg
ELP_12MP_29.11.2022_166975964692.png,success,downloads/7/images/all_images256/ELP_12MP_29.11.2022_166975964692.png
success (80).jpg,success,downloads/4/train/success/success (80).jpg
Snmek-obrazovky-2022-04-01-212927_jpg.rf.67bf833bb937aebb78a5386888c105fc.jpg,success,downloads/5/train/Snmek-obrazovky-2022-04-01-212927_jpg.rf.67bf833bb937aebb78a5386888c105fc.jpg
0385_tg_jpeg.rf.b154ac37ddc0ec04453ed6e02a84b5c2.jpg,success,downloads/5/valid/0385_tg_jpeg.rf.b154ac37ddc0ec04453ed6e02a84b5c2.jpg
0353_null_dataset_jpeg.jpg,success,downloads/1/valid/0353_null_dataset_jpeg.rf.1b2eb56e1af72268844b2ce6332fb600.jpg
ELP_12MP_07.12.2022_167041359360.png,success,downloads/7/images/all_images256/ELP_12MP_07.12.2022_167041359360.png
ELP_12MP_06.12.2022_167035441055.png,success,downloads/7/images/all_images256/ELP_12MP_06.12.2022_167035441055.png
ELP_12MP_10.01.2023_167337237065.png,success,downloads/7/images/all_images256/ELP_12MP_10.01.2023_167337237065.png
0369_tg_jpeg.rf.4b51b46a22cc67bbb8955b7eea2f9872.jpg,success,downloads/5/train/0369_tg_jpeg.rf.4b51b46a22cc67bbb8955b7eea2f9872.jpg
success (130).jpg,success,downloads/4/valid/success/success (130).jpg
0431_null_dataset_jpeg.rf.914480d67402485a9659a8dc748a359d.jpg,success,downloads/5/train/0431_null_dataset_jpeg.rf.914480d67402485a9659a8dc748a359d.jpg
ELP_12MP_29.11.2022_166976115190.png,success,downloads/7/images/all_images256/ELP_12MP_29.11.2022_166976115190.png
0248_tg_jpeg.rf.8583dda7f73aec7866ee4fe06fbc4232.jpg,success,downloads/5/train/0248_tg_jpeg.rf.8583dda7f73aec7866ee4fe06fbc4232.jpg
ELP_12MP_06.12.2022_167035429896.png,success,downloads/7/images/all_images256/ELP_12MP_06.12.2022_167035429896.png
ELP_12MP_13.12.2022_167097021257.png,success,downloads/7/images/all_images256/ELP_12MP_13.12.2022_167097021257.png
ELP_12MP_06.12.2022_167035468174.png,success,downloads/7/images/all_images256/ELP_12MP_06.12.2022_167035468174.png
ELP_12MP_13.12.2022_167094550309.png,success,downloads/7/images/all_images256/ELP_12MP_13.12.2022_167094550309.png
0250_null_dataset_jpeg.jpg,success,downloads/1/train/0250_null_dataset_jpeg.rf.d17a3675a236101e2d5f712ce7bda530.jpg
0222_tg_jpeg.jpg,success,downloads/1/valid/0222_tg_jpeg.rf.8815e7df698cddc15c3fe9f223b783bd.jpg
0403_null_dataset_jpeg.jpg,success,downloads/1/train/0403_null_dataset_jpeg.rf.6b3a780e55d829e7f7e9804cf35ceffe.jpg
success (38).jpg,success,downloads/4/train/success/success (38).jpg
0096_tg_jpeg.jpg,success,downloads/1/train/0096_tg_jpeg.rf.f62634d550d60d5536671598f56ec761.jpg
ELP_12MP_06.12.2022_167033845044.png,success,downloads/7/images/all_images256/ELP_12MP_06.12.2022_167033845044.png
0109_tg_jpeg.jpg,success,downloads/1/train/0109_tg_jpeg.rf.f363e4e6a7e246cb803153c2eefb6e3e.jpg
ELP_12MP_05.01.2023_167292504855.png,success,downloads/7/images/all_images256/ELP_12MP_05.01.2023_167292504855.png
success (126).jpg,success,downloads/4/valid/success/success (126).jpg
ELP_12MP_05.01.2023_167294241562.png,success,downloads/7/images/all_images256/ELP_12MP_05.01.2023_167294241562.png
ELP_12MP_07.12.2022_167040741988.png,success,downloads/7/images/all_images256/ELP_12MP_07.12.2022_167040741988.png
0281_tg_jpeg.jpg,success,downloads/1/train/0281_tg_jpeg.rf.ff8b35e61c9ffe92d5cd0c08a617a6b6.jpg
ELP_12MP_23.02.2023_167716954117.png,success,downloads/7/images/all_images256/ELP_12MP_23.02.2023_167716954117.png
ELP_12MP_07.12.2022_167040953765.png,success,downloads/7/images/all_images256/ELP_12MP_07.12.2022_167040953765.png
TB-0721-p12_fig1.jpg,success,downloads/3/OK/TB-0721-p12_fig1.jpg
ELP_12MP_06.12.2022_167036665972.png,success,downloads/7/images/all_images256/ELP_12MP_06.12.2022_167036665972.png
ELP_12MP_23.02.2023_167716158806.png,success,downloads/7/images/all_images256/ELP_12MP_23.02.2023_167716158806.png
cool-hollowed-reptile-bcn3d-via-thingiverse-200327_jpg.jpg,success,downloads/1/test/cool-hollowed-reptile-bcn3d-via-thingiverse-200327_jpg.rf.811b75326b04c0344b89f58488108088.jpg
0415_null_dataset_jpeg.jpg,success,downloads/1/train/0415_null_dataset_jpeg.rf.960f1c39cd32c83a6c3ffb9cce2e4173.jpg
0228_null_dataset_jpeg.jpg,success,downloads/1/train/0228_null_dataset_jpeg.rf.0e9f12d495ce04a157a6b5d8a5f1950f.jpg
0035_tg_jpeg.jpg,success,downloads/1/train/0035_tg_jpeg.rf.625a51714135f76c6762e3b3e9439120.jpg
ELP_12MP_06.12.2022_167035908625.png,success,downloads/7/images/all_images256/ELP_12MP_06.12.2022_167035908625.png
ELP_12MP_23.02.2023_167716044744.png,success,downloads/7/images/all_images256/ELP_12MP_23.02.2023_167716044744.png
ELP_12MP_06.12.2022_167035576772.png,success,downloads/7/images/all_images256/ELP_12MP_06.12.2022_167035576772.png
0091_tg_jpeg.rf.4662f2b9207516b01f21927f3c9c001c.jpg,success,downloads/5/test/0091_tg_jpeg.rf.4662f2b9207516b01f21927f3c9c001c.jpg
ELP_12MP_11.01.2023_167344299140.png,success,downloads/7/images/all_images256/ELP_12MP_11.01.2023_167344299140.png
Snmek-obrazovky-2022-04-01-212245_jpg.rf.8ca5c973b677502f71bb25f6b97c79a7.jpg,success,downloads/5/train/Snmek-obrazovky-2022-04-01-212245_jpg.rf.8ca5c973b677502f71bb25f6b97c79a7.jpg
0295_tg_jpeg.rf.6c596634f0c7be0d71f8c83fb155e718.jpg,success,downloads/5/train/0295_tg_jpeg.rf.6c596634f0c7be0d71f8c83fb155e718.jpg
Snmek obrazovky 2022-04-01 122952.jpg,success,downloads/3/OK/Snmek obrazovky 2022-04-01 122952.jpg
Selective-Laser-Sintering-3D-Printing-Guide-300x200_jpg.rf.24f97edefe9d67278b6c19657cfcd297.jpg,success,downloads/5/train/Selective-Laser-Sintering-3D-Printing-Guide-300x200_jpg.rf.24f97edefe9d67278b6c19657cfcd297.jpg
success (79).jpg,success,downloads/4/train/success/success (79).jpg
0114_tg_jpeg.rf.3ccc86268ed091c3217e8f1b2ea9d1af.jpg,success,downloads/5/train/0114_tg_jpeg.rf.3ccc86268ed091c3217e8f1b2ea9d1af.jpg
ELP_12MP_28.12.2022_167224356326.png,success,downloads/7/images/all_images256/ELP_12MP_28.12.2022_167224356326.png
ELP_12MP_06.12.2022_167035580033.png,success,downloads/7/images/all_images256/ELP_12MP_06.12.2022_167035580033.png
ELP_12MP_06.12.2022_167033651004.png,success,downloads/7/images/all_images256/ELP_12MP_06.12.2022_167033651004.png
ELP_12MP_11.01.2023_167343646969.png,success,downloads/7/images/all_images256/ELP_12MP_11.01.2023_167343646969.png
ELP_12MP_07.12.2022_167041344537.png,success,downloads/7/images/all_images256/ELP_12MP_07.12.2022_167041344537.png
0215_tg_jpeg.rf.ad96769ab0c94a3ce08bf070f93b1be7.jpg,success,downloads/5/valid/0215_tg_jpeg.rf.ad96769ab0c94a3ce08bf070f93b1be7.jpg
3d-printing_jpg.rf.2c374fd9bc06a53d8f51074f8fc7e39f.jpg,success,downloads/5/train/3d-printing_jpg.rf.2c374fd9bc06a53d8f51074f8fc7e39f.jpg
success (96).jpg,success,downloads/4/train/success/success (96).jpg
Snmek obrazovky 2022-04-01 214530.jpg,success,downloads/3/OK/Snmek obrazovky 2022-04-01 214530.jpg
0059_tg_jpeg.jpg,success,downloads/1/train/0059_tg_jpeg.rf.517b3c65bccb910e2d5b5ab5eb363170.jpg
Snmek obrazovky 2022-04-01 213505.jpg,success,downloads/3/OK/Snmek obrazovky 2022-04-01 213505.jpg
ELP_12MP_13.12.2022_167094603313.png,success,downloads/7/images/all_images256/ELP_12MP_13.12.2022_167094603313.png
ELP_12MP_06.12.2022_167036644201.png,success,downloads/7/images/all_images256/ELP_12MP_06.12.2022_167036644201.png
ELP_12MP_02.12.2022_166999208785.png,success,downloads/7/images/all_images256/ELP_12MP_02.12.2022_166999208785.png
0554_null_dataset_jpeg.jpg,success,downloads/1/train/0554_null_dataset_jpeg.rf.7436b6d617bef2dc501eb5fe5c34df3e.jpg
0307_null_dataset_jpeg.jpg,success,downloads/1/train/0307_null_dataset_jpeg.rf.644232fba9c81d372e393da9aeaa8fdd.jpg
3d-printing-history-featured_webp.rf.15439efd71fd98c132500371a866f931.jpg,success,downloads/5/train/3d-printing-history-featured_webp.rf.15439efd71fd98c132500371a866f931.jpg
ELP_12MP_11.01.2023_167344468491.png,success,downloads/7/images/all_images256/ELP_12MP_11.01.2023_167344468491.png
0372_tg_jpeg.jpg,success,downloads/1/train/0372_tg_jpeg.rf.3cd2e7715f65d2da8b30088d1cc7bc5c.jpg
ELP_12MP_06.12.2022_167035233712.png,success,downloads/7/images/all_images256/ELP_12MP_06.12.2022_167035233712.png
ELP_12MP_07.12.2022_167040615880.png,success,downloads/7/images/all_images256/ELP_12MP_07.12.2022_167040615880.png
ELP_12MP_07.12.2022_167040614220.png,success,downloads/7/images/all_images256/ELP_12MP_07.12.2022_167040614220.png
ELP_12MP_06.12.2022_167035258819.png,success,downloads/7/images/all_images256/ELP_12MP_06.12.2022_167035258819.png
0457_null_dataset_jpeg.jpg,success,downloads/1/train/0457_null_dataset_jpeg.rf.3c4fd1dc87d7c49e6a8b26a9c8afa49b.jpg
ELP_12MP_06.12.2022_167036624052.png,success,downloads/7/images/all_images256/ELP_12MP_06.12.2022_167036624052.png
ELP_12MP_06.12.2022_167035212521.png,success,downloads/7/images/all_images256/ELP_12MP_06.12.2022_167035212521.png
0029_tg_jpeg.jpg,success,downloads/1/train/0029_tg_jpeg.rf.5679ef6b772dc88b632b0e56bc90e138.jpg
ELP_12MP_07.12.2022_167041995595.png,success,downloads/7/images/all_images256/ELP_12MP_07.12.2022_167041995595.png
ELP_12MP_05.01.2023_167294048528.png,success,downloads/7/images/all_images256/ELP_12MP_05.01.2023_167294048528.png
ELP_12MP_04.01.2023_167284520912.png,success,downloads/7/images/all_images256/ELP_12MP_04.01.2023_167284520912.png
ELP_12MP_07.12.2022_167041297236.png,success,downloads/7/images/all_images256/ELP_12MP_07.12.2022_167041297236.png
ELP_12MP_29.11.2022_166976089582.png,success,downloads/7/images/all_images256/ELP_12MP_29.11.2022_166976089582.png
ELP_12MP_04.01.2023_167284986209.png,success,downloads/7/images/all_images256/ELP_12MP_04.01.2023_167284986209.png
0302_tg_jpeg.jpg,success,downloads/1/train/0302_tg_jpeg.rf.3f12e90b3a62befe1f4812be3709fdb0.jpg
ELP_12MP_23.02.2023_167716537776.png,success,downloads/7/images/all_images256/ELP_12MP_23.02.2023_167716537776.png
ELP_12MP_07.12.2022_167040134803.png,success,downloads/7/images/all_images256/ELP_12MP_07.12.2022_167040134803.png
ELP_12MP_23.02.2023_167716013379.png,success,downloads/7/images/all_images256/ELP_12MP_23.02.2023_167716013379.png
success (55).jpg,success,downloads/4/train/success/success (55).jpg
0321_tg_jpeg.rf.7a60f0a8db0634ae88d8aed3deb74723.jpg,success,downloads/5/valid/0321_tg_jpeg.rf.7a60f0a8db0634ae88d8aed3deb74723.jpg
0499_null_dataset_jpeg.jpg,success,downloads/1/train/0499_null_dataset_jpeg.rf.3b661b1af52102927f225d7eb72743b4.jpg
0290_tg_jpeg.rf.991209b278ab5fd87bdbf67b892aca66.jpg,success,downloads/5/test/0290_tg_jpeg.rf.991209b278ab5fd87bdbf67b892aca66.jpg
ELP_12MP_07.12.2022_167040762759.png,success,downloads/7/images/all_images256/ELP_12MP_07.12.2022_167040762759.png
0458_null_dataset_jpeg.rf.0598aee8dc9780214e392dcb808cc458.jpg,success,downloads/5/train/0458_null_dataset_jpeg.rf.0598aee8dc9780214e392dcb808cc458.jpg
ELP_12MP_11.01.2023_167343963511.png,success,downloads/7/images/all_images256/ELP_12MP_11.01.2023_167343963511.png
ELP_12MP_06.12.2022_167036744163.png,success,downloads/7/images/all_images256/ELP_12MP_06.12.2022_167036744163.png
0198_null_dataset_jpeg.jpg,success,downloads/1/valid/0198_null_dataset_jpeg.rf.598473846d68405ed754043d554547ed.jpg
ELP_12MP_06.12.2022_167035907885.png,success,downloads/7/images/all_images256/ELP_12MP_06.12.2022_167035907885.png
ELP_12MP_02.12.2022_166999229367.png,success,downloads/7/images/all_images256/ELP_12MP_02.12.2022_166999229367.png
success (43).jpg,success,downloads/4/train/success/success (43).jpg
ELP_12MP_23.02.2023_167716025973.png,success,downloads/7/images/all_images256/ELP_12MP_23.02.2023_167716025973.png
ELP_12MP_05.01.2023_167292520882.png,success,downloads/7/images/all_images256/ELP_12MP_05.01.2023_167292520882.png
ELP_12MP_11.01.2023_167344510660.png,success,downloads/7/images/all_images256/ELP_12MP_11.01.2023_167344510660.png
ELP_12MP_29.11.2022_166974257577.png,success,downloads/7/images/all_images256/ELP_12MP_29.11.2022_166974257577.png
ELP_12MP_06.12.2022_167035895317.png,success,downloads/7/images/all_images256/ELP_12MP_06.12.2022_167035895317.png
0212_null_dataset_jpeg.jpg,success,downloads/1/train/0212_null_dataset_jpeg.rf.36aa71e12aa0f64e4aaedfcad5c8bf20.jpg
ELP_12MP_05.01.2023_167294081304.png,success,downloads/7/images/all_images256/ELP_12MP_05.01.2023_167294081304.png
ELP_12MP_07.12.2022_167044576707.png,success,downloads/7/images/all_images256/ELP_12MP_07.12.2022_167044576707.png
ELP_12MP_06.12.2022_167034420797.png,success,downloads/7/images/all_images256/ELP_12MP_06.12.2022_167034420797.png
ELP_12MP_06.12.2022_167035232593.png,success,downloads/7/images/all_images256/ELP_12MP_06.12.2022_167035232593.png
ELP_12MP_07.12.2022_167041911285.png,success,downloads/7/images/all_images256/ELP_12MP_07.12.2022_167041911285.png
ELP_12MP_05.01.2023_167292497423.png,success,downloads/7/images/all_images256/ELP_12MP_05.01.2023_167292497423.png
Snmek obrazovky 2022-04-01 215014.jpg,success,downloads/3/OK/Snmek obrazovky 2022-04-01 215014.jpg
ELP_12MP_06.12.2022_167036852867.png,success,downloads/7/images/all_images256/ELP_12MP_06.12.2022_167036852867.png
ELP_12MP_06.12.2022_167033664684.png,success,downloads/7/images/all_images256/ELP_12MP_06.12.2022_167033664684.png
ELP_12MP_29.11.2022_166975317905.png,success,downloads/7/images/all_images256/ELP_12MP_29.11.2022_166975317905.png
ELP_12MP_07.12.2022_167044606264.png,success,downloads/7/images/all_images256/ELP_12MP_07.12.2022_167044606264.png
ELP_12MP_02.12.2022_166999219071.png,success,downloads/7/images/all_images256/ELP_12MP_02.12.2022_166999219071.png
3d-printing-materials-600x375.jpg,success,downloads/3/OK/3d-printing-materials-600x375.jpg
0193_null_dataset_jpeg.rf.5b388768535720451d314e9b4c92476c.jpg,success,downloads/5/valid/0193_null_dataset_jpeg.rf.5b388768535720451d314e9b4c92476c.jpg
Snmek obrazovky 2022-04-01 222135.jpg,success,downloads/3/OK/Snmek obrazovky 2022-04-01 222135.jpg
ELP_12MP_01.12.2022_166991339077.png,success,downloads/7/images/all_images256/ELP_12MP_01.12.2022_166991339077.png
3dprinting_jpg.rf.14865f386cb41a0f72e2d9d13962eace.jpg,success,downloads/5/train/3dprinting_jpg.rf.14865f386cb41a0f72e2d9d13962eace.jpg
ELP_12MP_29.11.2022_166975175679.png,success,downloads/7/images/all_images256/ELP_12MP_29.11.2022_166975175679.png
0364_tg_jpeg.rf.3627344d41648798f5c79342ea82cd2f.jpg,success,downloads/5/train/0364_tg_jpeg.rf.3627344d41648798f5c79342ea82cd2f.jpg
ELP_12MP_11.01.2023_167344696867.png,success,downloads/7/images/all_images256/ELP_12MP_11.01.2023_167344696867.png
ELP_12MP_07.12.2022_167041371374.png,success,downloads/7/images/all_images256/ELP_12MP_07.12.2022_167041371374.png
success (14).jpg,success,downloads/4/train/success/success (14).jpg
0337_tg_jpeg.jpg,success,downloads/1/train/0337_tg_jpeg.rf.76aa5ee9d3400a1dd4152dd522bfb147.jpg
0497_null_dataset_jpeg.rf.6f8addb2aad4f35682d9260b5a400ba7.jpg,success,downloads/5/train/0497_null_dataset_jpeg.rf.6f8addb2aad4f35682d9260b5a400ba7.jpg
ELP_12MP_06.12.2022_167035894206.png,success,downloads/7/images/all_images256/ELP_12MP_06.12.2022_167035894206.png
1226899_81_111236_gTOoP6wNM_jpg.jpg,success,downloads/1/test/1226899_81_111236_gTOoP6wNM_jpg.rf.5d4fa1527b95eaa1f94dbb67c237e811.jpg
ELP_12MP_06.12.2022_167036171826.png,success,downloads/7/images/all_images256/ELP_12MP_06.12.2022_167036171826.png
success (4).jpg,success,downloads/4/train/success/success (4).jpg
0535_null_dataset_jpeg.jpg,success,downloads/1/train/0535_null_dataset_jpeg.rf.3a60b5aa7d23e8eb4b070e9836b5eb98.jpg
Snmek obrazovky 2022-04-01 221357.jpg,success,downloads/3/OK/Snmek obrazovky 2022-04-01 221357.jpg
ELP_12MP_06.12.2022_167033664689.png,success,downloads/7/images/all_images256/ELP_12MP_06.12.2022_167033664689.png
ELP_12MP_20.12.2022_167155943618.png,success,downloads/7/images/all_images256/ELP_12MP_20.12.2022_167155943618.png
ELP_12MP_29.11.2022_166974268239.png,success,downloads/7/images/all_images256/ELP_12MP_29.11.2022_166974268239.png
ELP_12MP_05.01.2023_167292397675.png,success,downloads/7/images/all_images256/ELP_12MP_05.01.2023_167292397675.png
ELP_12MP_05.01.2023_167292665166.png,success,downloads/7/images/all_images256/ELP_12MP_05.01.2023_167292665166.png
success (83).jpg,success,downloads/4/train/success/success (83).jpg
0008_tg_jpeg.rf.07010139a901d9097a954ab282847846.jpg,success,downloads/5/train/0008_tg_jpeg.rf.07010139a901d9097a954ab282847846.jpg
ELP_12MP_07.12.2022_167044604324.png,success,downloads/7/images/all_images256/ELP_12MP_07.12.2022_167044604324.png
0583_null_dataset_jpeg.jpg,success,downloads/1/valid/0583_null_dataset_jpeg.rf.40d2daae60bd3eb88b10e46a3e5ea633.jpg
ELP_12MP_11.01.2023_167344513827.png,success,downloads/7/images/all_images256/ELP_12MP_11.01.2023_167344513827.png
ELP_12MP_07.12.2022_167044686870.png,success,downloads/7/images/all_images256/ELP_12MP_07.12.2022_167044686870.png
0055_tg_jpeg.rf.29a70f00f9fe56090a4b761e09a8ede3.jpg,success,downloads/5/train/0055_tg_jpeg.rf.29a70f00f9fe56090a4b761e09a8ede3.jpg
Snmek obrazovky 2022-04-01 221627.jpg,success,downloads/3/OK/Snmek obrazovky 2022-04-01 221627.jpg
ELP_12MP_02.12.2022_166999229356.png,success,downloads/7/images/all_images256/ELP_12MP_02.12.2022_166999229356.png
0480_null_dataset_jpeg.jpg,success,downloads/1/train/0480_null_dataset_jpeg.rf.636b99a6ffee36255a6803eaf0885319.jpg
ELP_12MP_07.12.2022_167044514428.png,success,downloads/7/images/all_images256/ELP_12MP_07.12.2022_167044514428.png
0091_tg_jpeg.jpg,success,downloads/1/train/0091_tg_jpeg.rf.6ae65b8d8d2a10febc6b47fe1bdf7781.jpg
ELP_12MP_06.12.2022_167035488932.png,success,downloads/7/images/all_images256/ELP_12MP_06.12.2022_167035488932.png
ELP_12MP_13.12.2022_167094597882.png,success,downloads/7/images/all_images256/ELP_12MP_13.12.2022_167094597882.png
success (133).jpg,success,downloads/4/valid/success/success (133).jpg
0458_null_dataset_jpeg.jpg,success,downloads/1/valid/0458_null_dataset_jpeg.rf.8ab12e7cfce8af9d5b51080ff03f339e.jpg
0057_tg_jpeg.rf.cafefe475e5cf7c800fc16b158cb8714.jpg,success,downloads/5/test/0057_tg_jpeg.rf.cafefe475e5cf7c800fc16b158cb8714.jpg
92159961d2e6bd5d0acc653b173ffd88_webp.rf.a44f631824d993722b3272d1eec0c1de.jpg,success,downloads/5/train/92159961d2e6bd5d0acc653b173ffd88_webp.rf.a44f631824d993722b3272d1eec0c1de.jpg
ELP_12MP_11.01.2023_167344693279.png,success,downloads/7/images/all_images256/ELP_12MP_11.01.2023_167344693279.png
ELP_12MP_13.01.2023_167362553048.png,success,downloads/7/images/all_images256/ELP_12MP_13.01.2023_167362553048.png
ELP_12MP_06.12.2022_167035209078.png,success,downloads/7/images/all_images256/ELP_12MP_06.12.2022_167035209078.png
ELP_12MP_11.01.2023_167344799768.png,success,downloads/7/images/all_images256/ELP_12MP_11.01.2023_167344799768.png
ELP_12MP_29.11.2022_166974242836.png,success,downloads/7/images/all_images256/ELP_12MP_29.11.2022_166974242836.png
ELP_12MP_01.12.2022_166992925262.png,success,downloads/7/images/all_images256/ELP_12MP_01.12.2022_166992925262.png
ELP_12MP_07.12.2022_167041367094.png,success,downloads/7/images/all_images256/ELP_12MP_07.12.2022_167041367094.png
ELP_12MP_07.12.2022_167041377287.png,success,downloads/7/images/all_images256/ELP_12MP_07.12.2022_167041377287.png
ELP_12MP_20.12.2022_167155927981.png,success,downloads/7/images/all_images256/ELP_12MP_20.12.2022_167155927981.png
0197_null_dataset_jpeg.jpg,success,downloads/1/valid/0197_null_dataset_jpeg.rf.4d03fa963f24fb96d45ec9895d7ed0dc.jpg
Snmek-obrazovky-2022-04-01-212245_jpg.jpg,success,downloads/1/train/Snmek-obrazovky-2022-04-01-212245_jpg.rf.66d35046c30e56badb8a561a56133ea1.jpg
ELP_12MP_07.12.2022_167044542732.png,success,downloads/7/images/all_images256/ELP_12MP_07.12.2022_167044542732.png
ELP_12MP_06.12.2022_167035899454.png,success,downloads/7/images/all_images256/ELP_12MP_06.12.2022_167035899454.png
ELP_12MP_10.01.2023_167338948946.png,success,downloads/7/images/all_images256/ELP_12MP_10.01.2023_167338948946.png
ELP_12MP_05.01.2023_167292374883.png,success,downloads/7/images/all_images256/ELP_12MP_05.01.2023_167292374883.png
0032_tg_jpeg.jpg,success,downloads/1/train/0032_tg_jpeg.rf.7b6c79bf6b4d4b2bbb8857a7705c7dfc.jpg
ELP_12MP_07.12.2022_167040694175.png,success,downloads/7/images/all_images256/ELP_12MP_07.12.2022_167040694175.png
success (125).jpg,success,downloads/4/valid/success/success (125).jpg
0192_tg_jpeg.rf.cef8e23e2a7f6284aeaf64b5387cc9e3.jpg,success,downloads/5/test/0192_tg_jpeg.rf.cef8e23e2a7f6284aeaf64b5387cc9e3.jpg
ELP_12MP_23.02.2023_167717013713.png,success,downloads/7/images/all_images256/ELP_12MP_23.02.2023_167717013713.png
ELP_12MP_07.12.2022_167040365409.png,success,downloads/7/images/all_images256/ELP_12MP_07.12.2022_167040365409.png
0218_null_dataset_jpeg.rf.93aba9a2df0522d1b7302365d343d6d6.jpg,success,downloads/5/train/0218_null_dataset_jpeg.rf.93aba9a2df0522d1b7302365d343d6d6.jpg
ELP_12MP_10.01.2023_167337248093.png,success,downloads/7/images/all_images256/ELP_12MP_10.01.2023_167337248093.png
0130_tg_jpeg.rf.f93baaacaaacdfbb284f6c2241718cbb.jpg,success,downloads/5/test/0130_tg_jpeg.rf.f93baaacaaacdfbb284f6c2241718cbb.jpg
ELP_12MP_06.12.2022_167035488113.png,success,downloads/7/images/all_images256/ELP_12MP_06.12.2022_167035488113.png
ELP_12MP_06.12.2022_167036349044.png,success,downloads/7/images/all_images256/ELP_12MP_06.12.2022_167036349044.png
ELP_12MP_04.01.2023_167284560491.png,success,downloads/7/images/all_images256/ELP_12MP_04.01.2023_167284560491.png
ELP_12MP_11.01.2023_167344658732.png,success,downloads/7/images/all_images256/ELP_12MP_11.01.2023_167344658732.png
0421_null_dataset_jpeg.rf.1ad9de607db97a53a54b2aeee17215a2.jpg,success,downloads/5/train/0421_null_dataset_jpeg.rf.1ad9de607db97a53a54b2aeee17215a2.jpg
0294_null_dataset_jpeg.rf.5065877e6b0f1e97ba88b9d8cdc10f34.jpg,success,downloads/5/train/0294_null_dataset_jpeg.rf.5065877e6b0f1e97ba88b9d8cdc10f34.jpg
Snmek obrazovky 2022-04-01 213050.jpg,success,downloads/3/OK/Snmek obrazovky 2022-04-01 213050.jpg
ELP_12MP_01.12.2022_166990951007.png,success,downloads/7/images/all_images256/ELP_12MP_01.12.2022_166990951007.png
960x0_jpg.rf.4c935c67f4952358d6751252ca704ee7.jpg,success,downloads/5/train/960x0_jpg.rf.4c935c67f4952358d6751252ca704ee7.jpg
Snmek-obrazovky-2022-04-01-211803_jpg.rf.e8cab844e5f59c0e64e62f67af76dd6c.jpg,success,downloads/5/test/Snmek-obrazovky-2022-04-01-211803_jpg.rf.e8cab844e5f59c0e64e62f67af76dd6c.jpg
ELP_12MP_20.12.2022_167155898801.png,success,downloads/7/images/all_images256/ELP_12MP_20.12.2022_167155898801.png
ELP_12MP_05.01.2023_167292527528.png,success,downloads/7/images/all_images256/ELP_12MP_05.01.2023_167292527528.png
ELP_12MP_03.01.2023_167276675726.png,success,downloads/7/images/all_images256/ELP_12MP_03.01.2023_167276675726.png
0042_tg_jpeg.jpg,success,downloads/1/train/0042_tg_jpeg.rf.7123cc898ed1e2d67699cb4d28011e9c.jpg
ELP_12MP_06.12.2022_167035918412.png,success,downloads/7/images/all_images256/ELP_12MP_06.12.2022_167035918412.png
3-d_printing_jpg.jpg,success,downloads/1/train/3-d_printing_jpg.rf.034a6650c0a2941dd050cc419abcb5a0.jpg
ELP_12MP_07.12.2022_167044629473.png,success,downloads/7/images/all_images256/ELP_12MP_07.12.2022_167044629473.png
ELP_12MP_04.01.2023_167284537052.png,success,downloads/7/images/all_images256/ELP_12MP_04.01.2023_167284537052.png
3D-printer-photos-2020-2x1-lowres9405-1024x512-1_jpg.rf.0eca061450ec66ccc62f89bcf2e5e994.jpg,success,downloads/5/valid/3D-printer-photos-2020-2x1-lowres9405-1024x512-1_jpg.rf.0eca061450ec66ccc62f89bcf2e5e994.jpg
ELP_12MP_08.12.2022_167053005827.png,success,downloads/7/images/all_images256/ELP_12MP_08.12.2022_167053005827.png
ELP_12MP_29.11.2022_166975108728.png,success,downloads/7/images/all_images256/ELP_12MP_29.11.2022_166975108728.png
success (95).jpg,success,downloads/4/train/success/success (95).jpg
ELP_12MP_05.01.2023_167291737210.png,success,downloads/7/images/all_images256/ELP_12MP_05.01.2023_167291737210.png
ELP_12MP_07.12.2022_167041354072.png,success,downloads/7/images/all_images256/ELP_12MP_07.12.2022_167041354072.png
ELP_12MP_05.01.2023_167292340059.png,success,downloads/7/images/all_images256/ELP_12MP_05.01.2023_167292340059.png
0257_null_dataset_jpeg.rf.472295a4e462925e42f2cf16eae1b281.jpg,success,downloads/5/train/0257_null_dataset_jpeg.rf.472295a4e462925e42f2cf16eae1b281.jpg
0369_tg_jpeg.jpg,success,downloads/1/train/0369_tg_jpeg.rf.f8f673a1e32c2cdf8110ccac54aa8385.jpg
ELP_12MP_06.01.2023_167301958500.png,success,downloads/7/images/all_images256/ELP_12MP_06.01.2023_167301958500.png
0561_null_dataset_jpeg.rf.45ea395385af544d92c11811450eca35.jpg,success,downloads/5/train/0561_null_dataset_jpeg.rf.45ea395385af544d92c11811450eca35.jpg
Snmek-obrazovky-2022-04-01-211517_jpg.rf.199a703b3cfa4a8373f1d7c6e0c4389b.jpg,success,downloads/5/train/Snmek-obrazovky-2022-04-01-211517_jpg.rf.199a703b3cfa4a8373f1d7c6e0c4389b.jpg
ELP_12MP_10.01.2023_167337216448.png,success,downloads/7/images/all_images256/ELP_12MP_10.01.2023_167337216448.png
ELP_12MP_13.01.2023_167362315124.png,success,downloads/7/images/all_images256/ELP_12MP_13.01.2023_167362315124.png
ELP_12MP_28.12.2022_167224382147.png,success,downloads/7/images/all_images256/ELP_12MP_28.12.2022_167224382147.png
ELP_12MP_01.12.2022_166992878213.png,success,downloads/7/images/all_images256/ELP_12MP_01.12.2022_166992878213.png
ELP_12MP_20.12.2022_167155055981.png,success,downloads/7/images/all_images256/ELP_12MP_20.12.2022_167155055981.png
0561_null_dataset_jpeg.jpg,success,downloads/1/valid/0561_null_dataset_jpeg.rf.15f5539dd1512b528a85ed6ee1a7433d.jpg
Snmek obrazovky 2022-04-01 213521.jpg,success,downloads/3/OK/Snmek obrazovky 2022-04-01 213521.jpg
ELP_12MP_07.12.2022_167040603977.png,success,downloads/7/images/all_images256/ELP_12MP_07.12.2022_167040603977.png
success (109).jpg,success,downloads/4/train/success/success (109).jpg
ELP_12MP_06.12.2022_167036123740.png,success,downloads/7/images/all_images256/ELP_12MP_06.12.2022_167036123740.png
0444_null_dataset_jpeg.rf.aff4363e178e82c97bda32b487f902eb.jpg,success,downloads/5/train/0444_null_dataset_jpeg.rf.aff4363e178e82c97bda32b487f902eb.jpg
ELP_12MP_07.12.2022_167040625967.png,success,downloads/7/images/all_images256/ELP_12MP_07.12.2022_167040625967.png
0172_null_dataset_jpeg.rf.90914b2e9ed538b07458788743bc18a2.jpg,success,downloads/5/train/0172_null_dataset_jpeg.rf.90914b2e9ed538b07458788743bc18a2.jpg
ELP_12MP_20.12.2022_167155880915.png,success,downloads/7/images/all_images256/ELP_12MP_20.12.2022_167155880915.png
0384_null_dataset_jpeg.jpg,success,downloads/1/train/0384_null_dataset_jpeg.rf.3be0c8952745aee861d26f89f8104c92.jpg
ELP_12MP_07.12.2022_167040132098.png,success,downloads/7/images/all_images256/ELP_12MP_07.12.2022_167040132098.png
0384_null_dataset_jpeg.rf.1a114aa40b9c418d2d95b3e35dd98ca4.jpg,success,downloads/5/train/0384_null_dataset_jpeg.rf.1a114aa40b9c418d2d95b3e35dd98ca4.jpg
ELP_12MP_08.12.2022_167053065888.png,success,downloads/7/images/all_images256/ELP_12MP_08.12.2022_167053065888.png
ELP_12MP_23.02.2023_167716413380.png,success,downloads/7/images/all_images256/ELP_12MP_23.02.2023_167716413380.png
0217_tg_jpeg.jpg,success,downloads/1/train/0217_tg_jpeg.rf.8dd23f2b4a70f7cbb16667aff6c9f0de.jpg
5cf59a0abb206b766710d395cf7f02db.jpg,success,downloads/3/OK/5cf59a0abb206b766710d395cf7f02db.jpg
ELP_12MP_05.01.2023_167292534233.png,success,downloads/7/images/all_images256/ELP_12MP_05.01.2023_167292534233.png
0124_tg_jpeg.rf.763b24c9e74fd35df6aa5c9a952b7612.jpg,success,downloads/5/train/0124_tg_jpeg.rf.763b24c9e74fd35df6aa5c9a952b7612.jpg
0305_tg_jpeg.jpg,success,downloads/1/train/0305_tg_jpeg.rf.3b7e11ae7f76e325fc31847b28e1c3fd.jpg
0163_null_dataset_jpeg.jpg,success,downloads/1/train/0163_null_dataset_jpeg.rf.7307ce719e114034250b39c0053c83be.jpg
ELP_12MP_07.12.2022_167044703728.png,success,downloads/7/images/all_images256/ELP_12MP_07.12.2022_167044703728.png
3D-printer-photos-2020-2x1-lowres9405-1024x512-1.jpg,success,downloads/3/OK/3D-printer-photos-2020-2x1-lowres9405-1024x512-1.jpg
0287_null_dataset_jpeg.jpg,success,downloads/1/train/0287_null_dataset_jpeg.rf.6c7cd2006b346e4170da603f804c9739.jpg
ELP_12MP_01.12.2022_166992909819.png,success,downloads/7/images/all_images256/ELP_12MP_01.12.2022_166992909819.png
ELP_12MP_05.01.2023_167292386369.png,success,downloads/7/images/all_images256/ELP_12MP_05.01.2023_167292386369.png
ELP_12MP_06.12.2022_167035487235.png,success,downloads/7/images/all_images256/ELP_12MP_06.12.2022_167035487235.png
ELP_12MP_23.02.2023_167717025539.png,success,downloads/7/images/all_images256/ELP_12MP_23.02.2023_167717025539.png
ELP_12MP_13.01.2023_167362716397.png,success,downloads/7/images/all_images256/ELP_12MP_13.01.2023_167362716397.png
ELP_12MP_06.12.2022_167035259935.png,success,downloads/7/images/all_images256/ELP_12MP_06.12.2022_167035259935.png
ELP_12MP_07.12.2022_167042009313.png,success,downloads/7/images/all_images256/ELP_12MP_07.12.2022_167042009313.png
success (56).jpg,success,downloads/4/train/success/success (56).jpg
0231_null_dataset_jpeg.jpg,success,downloads/1/train/0231_null_dataset_jpeg.rf.519d0d8cfcddb803accdc770be5780ef.jpg
0109_tg_jpeg.rf.0e1aa6f6d532921b682f645dbef5f7d6.jpg,success,downloads/5/train/0109_tg_jpeg.rf.0e1aa6f6d532921b682f645dbef5f7d6.jpg
ELP_12MP_29.11.2022_166974285207.png,success,downloads/7/images/all_images256/ELP_12MP_29.11.2022_166974285207.png
ELP_12MP_06.12.2022_167035221124.png,success,downloads/7/images/all_images256/ELP_12MP_06.12.2022_167035221124.png
ELP_12MP_02.12.2022_166999220207.png,success,downloads/7/images/all_images256/ELP_12MP_02.12.2022_166999220207.png
Snmek-obrazovky-2022-04-01-213025_jpg.rf.5bf148dca690cd319ae3c88ad39eaa53.jpg,success,downloads/5/train/Snmek-obrazovky-2022-04-01-213025_jpg.rf.5bf148dca690cd319ae3c88ad39eaa53.jpg
ELP_12MP_13.01.2023_167362515183.png,success,downloads/7/images/all_images256/ELP_12MP_13.01.2023_167362515183.png
0216_tg_jpeg.rf.450a03a035f98c557bf4c29e69842a10.jpg,success,downloads/5/valid/0216_tg_jpeg.rf.450a03a035f98c557bf4c29e69842a10.jpg
ELP_12MP_05.01.2023_167292371050.png,success,downloads/7/images/all_images256/ELP_12MP_05.01.2023_167292371050.png
Snmek-obrazovky-2022-04-01-211820_jpg.jpg,success,downloads/1/train/Snmek-obrazovky-2022-04-01-211820_jpg.rf.3b229da26b9f8d426daec45cebeee533.jpg
ELP_12MP_23.02.2023_167716058957.png,success,downloads/7/images/all_images256/ELP_12MP_23.02.2023_167716058957.png
ELP_12MP_07.12.2022_167040593072.png,success,downloads/7/images/all_images256/ELP_12MP_07.12.2022_167040593072.png
0249_null_dataset_jpeg.jpg,success,downloads/1/valid/0249_null_dataset_jpeg.rf.8d3339c8f8da527c830a60411f563c95.jpg
ELP_12MP_06.12.2022_167036582755.png,success,downloads/7/images/all_images256/ELP_12MP_06.12.2022_167036582755.png
success (148).jpg,success,downloads/4/test/success/success (148).jpg
0070_tg_jpeg.jpg,success,downloads/1/train/0070_tg_jpeg.rf.dbd538c46d7e9b57888d36c2963e9765.jpg
ELP_12MP_23.02.2023_167716541767.png,success,downloads/7/images/all_images256/ELP_12MP_23.02.2023_167716541767.png
Snmek obrazovky 2022-04-01 212213.jpg,success,downloads/3/OK/Snmek obrazovky 2022-04-01 212213.jpg
ELP_12MP_23.02.2023_167716926413.png,success,downloads/7/images/all_images256/ELP_12MP_23.02.2023_167716926413.png
ELP_12MP_23.02.2023_167716345996.png,success,downloads/7/images/all_images256/ELP_12MP_23.02.2023_167716345996.png
0299_tg_jpeg.rf.ab49f3bd738c6da641e1882068954fa4.jpg,success,downloads/5/train/0299_tg_jpeg.rf.ab49f3bd738c6da641e1882068954fa4.jpg
ELP_12MP_07.12.2022_167040735143.png,success,downloads/7/images/all_images256/ELP_12MP_07.12.2022_167040735143.png
0227_null_dataset_jpeg.jpg,success,downloads/1/train/0227_null_dataset_jpeg.rf.92dd86bc080604066495a5a234b23263.jpg
0253_tg_jpeg.rf.198c3fbdf9e9aa119b3e1917ca60de63.jpg,success,downloads/5/train/0253_tg_jpeg.rf.198c3fbdf9e9aa119b3e1917ca60de63.jpg
ELP_12MP_01.12.2022_166992866399.png,success,downloads/7/images/all_images256/ELP_12MP_01.12.2022_166992866399.png
0036_tg_jpeg.rf.861ca41c440c0e415a2682aea77243e6.jpg,success,downloads/5/train/0036_tg_jpeg.rf.861ca41c440c0e415a2682aea77243e6.jpg
ELP_12MP_06.12.2022_167036865590.png,success,downloads/7/images/all_images256/ELP_12MP_06.12.2022_167036865590.png
success (40).jpg,success,downloads/4/train/success/success (40).jpg
ELP_12MP_23.02.2023_167716870866.png,success,downloads/7/images/all_images256/ELP_12MP_23.02.2023_167716870866.png
ELP_12MP_05.01.2023_167292422727.png,success,downloads/7/images/all_images256/ELP_12MP_05.01.2023_167292422727.png
0291_null_dataset_jpeg.jpg,success,downloads/1/train/0291_null_dataset_jpeg.rf.94f70fc6806b49340513354980ea7e70.jpg
ELP_12MP_07.12.2022_167041997239.png,success,downloads/7/images/all_images256/ELP_12MP_07.12.2022_167041997239.png
ELP_12MP_04.01.2023_167284532275.png,success,downloads/7/images/all_images256/ELP_12MP_04.01.2023_167284532275.png
0249_tg_jpeg.jpg,success,downloads/1/train/0249_tg_jpeg.rf.4eab3535a66e0ada1e9fdc2ed38dd002.jpg
ELP_12MP_07.12.2022_167041347621.png,success,downloads/7/images/all_images256/ELP_12MP_07.12.2022_167041347621.png
ELP_12MP_06.12.2022_167035486261.png,success,downloads/7/images/all_images256/ELP_12MP_06.12.2022_167035486261.png
ELP_12MP_11.01.2023_167344680984.png,success,downloads/7/images/all_images256/ELP_12MP_11.01.2023_167344680984.png
ELP_12MP_29.11.2022_166976105601.png,success,downloads/7/images/all_images256/ELP_12MP_29.11.2022_166976105601.png
ELP_12MP_21.12.2022_167159388786.png,success,downloads/7/images/all_images256/ELP_12MP_21.12.2022_167159388786.png
ELP_12MP_13.01.2023_167362686394.png,success,downloads/7/images/all_images256/ELP_12MP_13.01.2023_167362686394.png
Snmek obrazovky 2022-04-01 220909.jpg,success,downloads/3/OK/Snmek obrazovky 2022-04-01 220909.jpg
0392_null_dataset_jpeg.jpg,success,downloads/1/train/0392_null_dataset_jpeg.rf.6a2e1fc757b700fe8f2335c97f4c24e5.jpg
ELP_12MP_07.12.2022_167041912958.png,success,downloads/7/images/all_images256/ELP_12MP_07.12.2022_167041912958.png
ELP_12MP_06.12.2022_167035473968.png,success,downloads/7/images/all_images256/ELP_12MP_06.12.2022_167035473968.png
3-d_printing_jpg.rf.c2b8957945443e7bbb2834957c2e6887.jpg,success,downloads/5/train/3-d_printing_jpg.rf.c2b8957945443e7bbb2834957c2e6887.jpg
0147_null_dataset_jpeg.rf.67faa476f4b88128d4e93806bf61861a.jpg,success,downloads/5/train/0147_null_dataset_jpeg.rf.67faa476f4b88128d4e93806bf61861a.jpg
0254_tg_jpeg.rf.6e544849aad4f62093270e25736e8a5c.jpg,success,downloads/5/test/0254_tg_jpeg.rf.6e544849aad4f62093270e25736e8a5c.jpg
success (17).jpg,success,downloads/4/train/success/success (17).jpg
0519_null_dataset_jpeg.jpg,success,downloads/1/train/0519_null_dataset_jpeg.rf.62342e2e23406029b85c63fabbeb6c43.jpg
Snmek obrazovky 2022-04-01 221342.jpg,success,downloads/3/OK/Snmek obrazovky 2022-04-01 221342.jpg
ELP_12MP_13.12.2022_167094680189.png,success,downloads/7/images/all_images256/ELP_12MP_13.12.2022_167094680189.png
ELP_12MP_02.12.2022_166999157369.png,success,downloads/7/images/all_images256/ELP_12MP_02.12.2022_166999157369.png
ELP_12MP_06.12.2022_167035428005.png,success,downloads/7/images/all_images256/ELP_12MP_06.12.2022_167035428005.png
ELP_12MP_13.12.2022_167094674746.png,success,downloads/7/images/all_images256/ELP_12MP_13.12.2022_167094674746.png
0577_null_dataset_jpeg.jpg,success,downloads/1/train/0577_null_dataset_jpeg.rf.01e6894b78b2618997f5d6a53d7abf79.jpg
ELP_12MP_23.02.2023_167716906502.png,success,downloads/7/images/all_images256/ELP_12MP_23.02.2023_167716906502.png
ELP_12MP_13.01.2023_167362535641.png,success,downloads/7/images/all_images256/ELP_12MP_13.01.2023_167362535641.png
ELP_12MP_29.11.2022_166974839102.png,success,downloads/7/images/all_images256/ELP_12MP_29.11.2022_166974839102.png
0378_null_dataset_jpeg.jpg,success,downloads/1/train/0378_null_dataset_jpeg.rf.fd356f950e21d84ffca35168fae5ea45.jpg
ELP_12MP_05.01.2023_167294243024.png,success,downloads/7/images/all_images256/ELP_12MP_05.01.2023_167294243024.png
success (60).jpg,success,downloads/4/train/success/success (60).jpg
0316_null_dataset_jpeg.jpg,success,downloads/1/valid/0316_null_dataset_jpeg.rf.111237402ad5f0937a574b5b1877ad65.jpg
0065_tg_jpeg.jpg,success,downloads/1/train/0065_tg_jpeg.rf.6ce457e5261c82ce70863ea4fc115773.jpg
Snmek obrazovky 2022-04-01 122829.jpg,success,downloads/3/OK/Snmek obrazovky 2022-04-01 122829.jpg
ELP_12MP_20.12.2022_167156540220.png,success,downloads/7/images/all_images256/ELP_12MP_20.12.2022_167156540220.png
0545_null_dataset_jpeg.jpg,success,downloads/1/train/0545_null_dataset_jpeg.rf.536f9385e68d2033b805e60278546fde.jpg
ELP_12MP_07.12.2022_167040118920.png,success,downloads/7/images/all_images256/ELP_12MP_07.12.2022_167040118920.png
ELP_12MP_07.12.2022_167040733040.png,success,downloads/7/images/all_images256/ELP_12MP_07.12.2022_167040733040.png
0215_null_dataset_jpeg.rf.00839c736d9d684b4d9f4ee5bf9178f2.jpg,success,downloads/5/train/0215_null_dataset_jpeg.rf.00839c736d9d684b4d9f4ee5bf9178f2.jpg
ELP_12MP_29.11.2022_166975934900.png,success,downloads/7/images/all_images256/ELP_12MP_29.11.2022_166975934900.png
0098_tg_jpeg.jpg,success,downloads/1/valid/0098_tg_jpeg.rf.880e1b8b8abfbea0e35b548aaf9485bd.jpg
ELP_12MP_02.12.2022_166999529481.png,success,downloads/7/images/all_images256/ELP_12MP_02.12.2022_166999529481.png
ELP_12MP_06.12.2022_167034340578.png,success,downloads/7/images/all_images256/ELP_12MP_06.12.2022_167034340578.png
ELP_12MP_06.12.2022_167035200249.png,success,downloads/7/images/all_images256/ELP_12MP_06.12.2022_167035200249.png
success (8).jpg,success,downloads/4/train/success/success (8).jpg
0337_tg_jpeg.rf.3a917313b1e96a1f025d6f31c5dedc09.jpg,success,downloads/5/train/0337_tg_jpeg.rf.3a917313b1e96a1f025d6f31c5dedc09.jpg
ELP_12MP_04.01.2023_167284525284.png,success,downloads/7/images/all_images256/ELP_12MP_04.01.2023_167284525284.png
ELP_12MP_20.12.2022_167156551107.png,success,downloads/7/images/all_images256/ELP_12MP_20.12.2022_167156551107.png
ELP_12MP_29.11.2022_166976077726.png,success,downloads/7/images/all_images256/ELP_12MP_29.11.2022_166976077726.png
ELP_12MP_06.01.2023_167301977899.png,success,downloads/7/images/all_images256/ELP_12MP_06.01.2023_167301977899.png
ELP_12MP_06.12.2022_167035876900.png,success,downloads/7/images/all_images256/ELP_12MP_06.12.2022_167035876900.png
0147_null_dataset_jpeg.jpg,success,downloads/1/train/0147_null_dataset_jpeg.rf.f97d9a33f680ea71d9bdc6836248be78.jpg
success (37).jpg,success,downloads/4/train/success/success (37).jpg
ELP_12MP_07.12.2022_167044670673.png,success,downloads/7/images/all_images256/ELP_12MP_07.12.2022_167044670673.png
ELP_12MP_06.12.2022_167036143459.png,success,downloads/7/images/all_images256/ELP_12MP_06.12.2022_167036143459.png
ELP_12MP_06.12.2022_167035472889.png,success,downloads/7/images/all_images256/ELP_12MP_06.12.2022_167035472889.png
ultimaker-what-is-3d-printing-blog-OG.jpg,success,downloads/3/OK/ultimaker-what-is-3d-printing-blog-OG.jpg
0499_null_dataset_jpeg.rf.033ed88ec9ff45204d5a7988163d854d.jpg,success,downloads/5/train/0499_null_dataset_jpeg.rf.033ed88ec9ff45204d5a7988163d854d.jpg
ELP_12MP_06.12.2022_167036739623.png,success,downloads/7/images/all_images256/ELP_12MP_06.12.2022_167036739623.png
ELP_12MP_06.12.2022_167036127646.png,success,downloads/7/images/all_images256/ELP_12MP_06.12.2022_167036127646.png
0428_null_dataset_jpeg.jpg,success,downloads/1/train/0428_null_dataset_jpeg.rf.43ac7990455c8217dfa16a8f17dfcac4.jpg
ELP_12MP_06.12.2022_167034353048.png,success,downloads/7/images/all_images256/ELP_12MP_06.12.2022_167034353048.png
3d-printed-files-scaled-1.jpg,success,downloads/3/OK/3d-printed-files-scaled-1.jpg
0215_null_dataset_jpeg.jpg,success,downloads/1/train/0215_null_dataset_jpeg.rf.af154c60811a235eca0e87a9f735ea59.jpg
0446_null_dataset_jpeg.jpg,success,downloads/1/train/0446_null_dataset_jpeg.rf.622be2d0e9415c3b816445fc536267cc.jpg
0203_null_dataset_jpeg.jpg,success,downloads/1/train/0203_null_dataset_jpeg.rf.6a68cd743095501eff3a1ef21a0f867e.jpg
ELP_12MP_21.12.2022_167159401714.png,success,downloads/7/images/all_images256/ELP_12MP_21.12.2022_167159401714.png
ELP_12MP_29.11.2022_166974890794.png,success,downloads/7/images/all_images256/ELP_12MP_29.11.2022_166974890794.png
0253_null_dataset_jpeg.rf.691263841f93c9c33725df6509fb76ed.jpg,success,downloads/5/test/0253_null_dataset_jpeg.rf.691263841f93c9c33725df6509fb76ed.jpg
ELP_12MP_06.12.2022_167036710474.png,success,downloads/7/images/all_images256/ELP_12MP_06.12.2022_167036710474.png
success (21).jpg,success,downloads/4/train/success/success (21).jpg
ELP_12MP_06.12.2022_167035851561.png,success,downloads/7/images/all_images256/ELP_12MP_06.12.2022_167035851561.png
0129_tg_jpeg.jpg,success,downloads/1/train/0129_tg_jpeg.rf.f7fc9ef1b61024de1c27f9e64df80fb4.jpg
ELP_12MP_06.12.2022_167033673080.png,success,downloads/7/images/all_images256/ELP_12MP_06.12.2022_167033673080.png
ELP_12MP_04.01.2023_167284577844.png,success,downloads/7/images/all_images256/ELP_12MP_04.01.2023_167284577844.png
0250_tg_jpeg.rf.1298ba73fc9233f4c2ce270a8a3f9096.jpg,success,downloads/5/train/0250_tg_jpeg.rf.1298ba73fc9233f4c2ce270a8a3f9096.jpg
0250_null_dataset_jpeg.rf.4da8570068e8ddfca06b0ccddde079bb.jpg,success,downloads/5/test/0250_null_dataset_jpeg.rf.4da8570068e8ddfca06b0ccddde079bb.jpg
ELP_12MP_06.12.2022_167033680120.png,success,downloads/7/images/all_images256/ELP_12MP_06.12.2022_167033680120.png
mechanical_3D_print.jpg,success,downloads/3/OK/mechanical_3D_print.jpg
success (129).jpg,success,downloads/4/valid/success/success (129).jpg
0488_null_dataset_jpeg.jpg,success,downloads/1/train/0488_null_dataset_jpeg.rf.6d551c51319231fae90c2397a222b1cf.jpg
ELP_12MP_11.01.2023_167344482708.png,success,downloads/7/images/all_images256/ELP_12MP_11.01.2023_167344482708.png
ELP_12MP_06.01.2023_167300797481.png,success,downloads/7/images/all_images256/ELP_12MP_06.01.2023_167300797481.png
ELP_12MP_29.11.2022_166974308479.png,success,downloads/7/images/all_images256/ELP_12MP_29.11.2022_166974308479.png
2.-Can-Bomb.jpg,success,downloads/3/OK/2.-Can-Bomb.jpg
success (99).jpg,success,downloads/4/train/success/success (99).jpg
ELP_12MP_06.12.2022_167033665423.png,success,downloads/7/images/all_images256/ELP_12MP_06.12.2022_167033665423.png
success (76).jpg,success,downloads/4/train/success/success (76).jpg
ELP_12MP_06.12.2022_167035628849.png,success,downloads/7/images/all_images256/ELP_12MP_06.12.2022_167035628849.png
ELP_12MP_06.12.2022_167036704159.png,success,downloads/7/images/all_images256/ELP_12MP_06.12.2022_167036704159.png
0577_null_dataset_jpeg.rf.5f718d8a1e94de8721a05475b21c27c0.jpg,success,downloads/5/train/0577_null_dataset_jpeg.rf.5f718d8a1e94de8721a05475b21c27c0.jpg
ELP_12MP_06.12.2022_167036021155.png,success,downloads/7/images/all_images256/ELP_12MP_06.12.2022_167036021155.png
ELP_12MP_10.01.2023_167338953168.png,success,downloads/7/images/all_images256/ELP_12MP_10.01.2023_167338953168.png
ELP_12MP_10.01.2023_167338321476.png,success,downloads/7/images/all_images256/ELP_12MP_10.01.2023_167338321476.png
Snmek obrazovky 2022-04-01 211452.jpg,success,downloads/3/OK/Snmek obrazovky 2022-04-01 211452.jpg
3ah4sfvny2m81_jpg.jpg,success,downloads/1/train/3ah4sfvny2m81_jpg.rf.3fbe349ffcf3c06f37203276dafd1663.jpg
Snmek obrazovky 2022-04-01 213245.jpg,success,downloads/3/OK/Snmek obrazovky 2022-04-01 213245.jpg
ELP_12MP_29.11.2022_166976098126.png,success,downloads/7/images/all_images256/ELP_12MP_29.11.2022_166976098126.png
0342_null_dataset_jpeg.jpg,success,downloads/1/train/0342_null_dataset_jpeg.rf.441a29b2e97638817025a0cf22acc40c.jpg
ELP_12MP_06.12.2022_167036738110.png,success,downloads/7/images/all_images256/ELP_12MP_06.12.2022_167036738110.png
ELP_12MP_05.01.2023_167293170547.png,success,downloads/7/images/all_images256/ELP_12MP_05.01.2023_167293170547.png
ELP_12MP_13.12.2022_167094603308.png,success,downloads/7/images/all_images256/ELP_12MP_13.12.2022_167094603308.png
ELP_12MP_10.01.2023_167338950312.png,success,downloads/7/images/all_images256/ELP_12MP_10.01.2023_167338950312.png
0063_tg_jpeg.rf.47cb83de31c3aecd3560c9a6f260f862.jpg,success,downloads/5/train/0063_tg_jpeg.rf.47cb83de31c3aecd3560c9a6f260f862.jpg
ELP_12MP_04.01.2023_167284982504.png,success,downloads/7/images/all_images256/ELP_12MP_04.01.2023_167284982504.png
success (105).jpg,success,downloads/4/train/success/success (105).jpg
ELP_12MP_07.12.2022_167040755529.png,success,downloads/7/images/all_images256/ELP_12MP_07.12.2022_167040755529.png
0145_tg_jpeg.jpg,success,downloads/1/train/0145_tg_jpeg.rf.09e3f317de7bfb33d54cb6377b02ff5c.jpg
0228_tg_jpeg.rf.f05d873b2e92f56a96b36be2508f463b.jpg,success,downloads/5/test/0228_tg_jpeg.rf.f05d873b2e92f56a96b36be2508f463b.jpg
ELP_12MP_28.12.2022_167224351490.png,success,downloads/7/images/all_images256/ELP_12MP_28.12.2022_167224351490.png
ELP_12MP_06.12.2022_167035244595.png,success,downloads/7/images/all_images256/ELP_12MP_06.12.2022_167035244595.png
ELP_12MP_06.12.2022_167035281805.png,success,downloads/7/images/all_images256/ELP_12MP_06.12.2022_167035281805.png
0381_tg_jpeg.jpg,success,downloads/1/valid/0381_tg_jpeg.rf.b0717b366aaab53344287741e1073bab.jpg
ELP_12MP_04.01.2023_167284522688.png,success,downloads/7/images/all_images256/ELP_12MP_04.01.2023_167284522688.png
ELP_12MP_23.02.2023_167716318516.png,success,downloads/7/images/all_images256/ELP_12MP_23.02.2023_167716318516.png
ELP_12MP_06.12.2022_167035621461.png,success,downloads/7/images/all_images256/ELP_12MP_06.12.2022_167035621461.png
0220_tg_jpeg.rf.b409100740611edf67af5a41879fc4ca.jpg,success,downloads/5/test/0220_tg_jpeg.rf.b409100740611edf67af5a41879fc4ca.jpg
ELP_12MP_04.01.2023_167284578586.png,success,downloads/7/images/all_images256/ELP_12MP_04.01.2023_167284578586.png
ELP_12MP_07.12.2022_167040597439.png,success,downloads/7/images/all_images256/ELP_12MP_07.12.2022_167040597439.png
ELP_12MP_05.01.2023_167294187424.png,success,downloads/7/images/all_images256/ELP_12MP_05.01.2023_167294187424.png
ELP_12MP_07.12.2022_167040771104.png,success,downloads/7/images/all_images256/ELP_12MP_07.12.2022_167040771104.png
ELP_12MP_07.12.2022_167040623656.png,success,downloads/7/images/all_images256/ELP_12MP_07.12.2022_167040623656.png
3D-printing-is-revolutionizing-education_jpg.rf.08e517dbee346a9a1ff57bb543ff9028.jpg,success,downloads/5/train/3D-printing-is-revolutionizing-education_jpg.rf.08e517dbee346a9a1ff57bb543ff9028.jpg
0057_tg_jpeg.jpg,success,downloads/1/train/0057_tg_jpeg.rf.83c381399e65c1c2399e463da553dfb4.jpg
ELP_12MP_28.12.2022_167224346339.png,success,downloads/7/images/all_images256/ELP_12MP_28.12.2022_167224346339.png
ELP_12MP_07.12.2022_167044662464.png,success,downloads/7/images/all_images256/ELP_12MP_07.12.2022_167044662464.png
ELP_12MP_05.01.2023_167292668911.png,success,downloads/7/images/all_images256/ELP_12MP_05.01.2023_167292668911.png
success (152).jpg,success,downloads/4/test/success/success (152).jpg
0084_tg_jpeg.rf.1a2fe058ce131836ea7a1777f0966bcd.jpg,success,downloads/5/train/0084_tg_jpeg.rf.1a2fe058ce131836ea7a1777f0966bcd.jpg
ELP_12MP_29.11.2022_166975160131.png,success,downloads/7/images/all_images256/ELP_12MP_29.11.2022_166975160131.png
ELP_12MP_06.12.2022_167035885686.png,success,downloads/7/images/all_images256/ELP_12MP_06.12.2022_167035885686.png
ELP_12MP_29.11.2022_166976051051.png,success,downloads/7/images/all_images256/ELP_12MP_29.11.2022_166976051051.png
0322_tg_jpeg.jpg,success,downloads/1/valid/0322_tg_jpeg.rf.5fe2a8a4a26d87b4d83a21d0cb94dc9d.jpg
0199_null_dataset_jpeg.rf.21e73064d87209b71ca00e36b0efdc04.jpg,success,downloads/5/test/0199_null_dataset_jpeg.rf.21e73064d87209b71ca00e36b0efdc04.jpg
0239_null_dataset_jpeg.jpg,success,downloads/1/train/0239_null_dataset_jpeg.rf.e7aefaf0c7576c02088ffa05f2723f13.jpg
ELP_12MP_20.12.2022_167156564142.png,success,downloads/7/images/all_images256/ELP_12MP_20.12.2022_167156564142.png
ELP_12MP_05.01.2023_167292378856.png,success,downloads/7/images/all_images256/ELP_12MP_05.01.2023_167292378856.png
0257_null_dataset_jpeg.jpg,success,downloads/1/valid/0257_null_dataset_jpeg.rf.abb243f199ba17b0361ac8dbc67137bd.jpg
success (144).jpg,success,downloads/4/valid/success/success (144).jpg
0231_tg_jpeg.rf.528ec39f4d1d5c06a7badf26efd97954.jpg,success,downloads/5/test/0231_tg_jpeg.rf.528ec39f4d1d5c06a7badf26efd97954.jpg
ELP_12MP_11.01.2023_167343958563.png,success,downloads/7/images/all_images256/ELP_12MP_11.01.2023_167343958563.png
ELP_12MP_06.12.2022_167036056055.png,success,downloads/7/images/all_images256/ELP_12MP_06.12.2022_167036056055.png
images-12-_jpeg.rf.f37ff307cd6aa7269d89ac692dbf4894.jpg,success,downloads/5/valid/images-12-_jpeg.rf.f37ff307cd6aa7269d89ac692dbf4894.jpg
0009_tg_jpeg.jpg,success,downloads/1/train/0009_tg_jpeg.rf.40dfc773a681bdf27d87532de42d155e.jpg
ELP_12MP_13.12.2022_167094550313.png,success,downloads/7/images/all_images256/ELP_12MP_13.12.2022_167094550313.png
Snmek-obrazovky-2022-04-01-214316_jpg.jpg,success,downloads/1/test/Snmek-obrazovky-2022-04-01-214316_jpg.rf.fe5be2614751a73ef5afb18ae1717937.jpg
ELP_12MP_06.12.2022_167035243832.png,success,downloads/7/images/all_images256/ELP_12MP_06.12.2022_167035243832.png
ELP_12MP_06.12.2022_167035478433.png,success,downloads/7/images/all_images256/ELP_12MP_06.12.2022_167035478433.png
ELP_12MP_06.12.2022_167035806202.png,success,downloads/7/images/all_images256/ELP_12MP_06.12.2022_167035806202.png
ELP_12MP_06.12.2022_167036341022.png,success,downloads/7/images/all_images256/ELP_12MP_06.12.2022_167036341022.png
0165_null_dataset_jpeg.rf.1231157e1b2fb007bb73e703807288a5.jpg,success,downloads/5/test/0165_null_dataset_jpeg.rf.1231157e1b2fb007bb73e703807288a5.jpg
Snmek obrazovky 2022-04-01 211241.jpg,success,downloads/3/OK/Snmek obrazovky 2022-04-01 211241.jpg
ELP_12MP_29.11.2022_166975956160.png,success,downloads/7/images/all_images256/ELP_12MP_29.11.2022_166975956160.png
img3_jpg.rf.6a8440625414bbf30c11028587fcfd6b.jpg,success,downloads/5/valid/img3_jpg.rf.6a8440625414bbf30c11028587fcfd6b.jpg
ELP_12MP_03.01.2023_167275869481.png,success,downloads/7/images/all_images256/ELP_12MP_03.01.2023_167275869481.png
ELP_12MP_23.02.2023_167716395236.png,success,downloads/7/images/all_images256/ELP_12MP_23.02.2023_167716395236.png
ELP_12MP_13.01.2023_167362547229.png,success,downloads/7/images/all_images256/ELP_12MP_13.01.2023_167362547229.png
0084_tg_jpeg.jpg,success,downloads/1/train/0084_tg_jpeg.rf.575521fb7c47c2f4c286d9ed5c06d3cc.jpg
0446_null_dataset_jpeg.rf.8ffc77075faaef8a7df01e2b7b20bae9.jpg,success,downloads/5/train/0446_null_dataset_jpeg.rf.8ffc77075faaef8a7df01e2b7b20bae9.jpg
ELP_12MP_20.12.2022_167156549588.png,success,downloads/7/images/all_images256/ELP_12MP_20.12.2022_167156549588.png
ELP_12MP_11.01.2023_167344484224.png,success,downloads/7/images/all_images256/ELP_12MP_11.01.2023_167344484224.png
ELP_12MP_07.12.2022_167044664411.png,success,downloads/7/images/all_images256/ELP_12MP_07.12.2022_167044664411.png
ELP_12MP_06.12.2022_167036604992.png,success,downloads/7/images/all_images256/ELP_12MP_06.12.2022_167036604992.png
ELP_12MP_07.12.2022_167041338753.png,success,downloads/7/images/all_images256/ELP_12MP_07.12.2022_167041338753.png
0079_tg_jpeg.jpg,success,downloads/1/train/0079_tg_jpeg.rf.fea8d0d58d8c8f48b7ed3274c63dfde6.jpg
ELP_12MP_23.02.2023_167716367063.png,success,downloads/7/images/all_images256/ELP_12MP_23.02.2023_167716367063.png
success (113).jpg,success,downloads/4/train/success/success (113).jpg
0236_null_dataset_jpeg.rf.3497f3ca123a225cb75d2292cfbad588.jpg,success,downloads/5/test/0236_null_dataset_jpeg.rf.3497f3ca123a225cb75d2292cfbad588.jpg
ELP_12MP_05.01.2023_167293873963.png,success,downloads/7/images/all_images256/ELP_12MP_05.01.2023_167293873963.png
ELP_12MP_11.01.2023_167343956984.png,success,downloads/7/images/all_images256/ELP_12MP_11.01.2023_167343956984.png
0197_tg_jpeg.rf.7185d52e38792cebc96a091e888b3c93.jpg,success,downloads/5/train/0197_tg_jpeg.rf.7185d52e38792cebc96a091e888b3c93.jpg
3dprinting_jpg.jpg,success,downloads/1/test/3dprinting_jpg.rf.db255f5c2283563b8fafe8cc72c7ace9.jpg
ELP_12MP_29.11.2022_166974342429.png,success,downloads/7/images/all_images256/ELP_12MP_29.11.2022_166974342429.png
success (112).jpg,success,downloads/4/train/success/success (112).jpg
ELP_12MP_29.11.2022_166974839107.png,success,downloads/7/images/all_images256/ELP_12MP_29.11.2022_166974839107.png
ELP_12MP_06.12.2022_167034344733.png,success,downloads/7/images/all_images256/ELP_12MP_06.12.2022_167034344733.png
ELP_12MP_07.12.2022_167041999788.png,success,downloads/7/images/all_images256/ELP_12MP_07.12.2022_167041999788.png
0315_tg_jpeg.jpg,success,downloads/1/train/0315_tg_jpeg.rf.401aebf011081b4bc844efb2301097e8.jpg
ELP_12MP_06.12.2022_167036341026.png,success,downloads/7/images/all_images256/ELP_12MP_06.12.2022_167036341026.png
0330_null_dataset_jpeg.jpg,success,downloads/1/train/0330_null_dataset_jpeg.rf.48b0d061294130e745158eb4ea3b4f53.jpg
0035_tg_jpeg.rf.0d6e5fb096d5f0e46eb6a8f7856f92ff.jpg,success,downloads/5/train/0035_tg_jpeg.rf.0d6e5fb096d5f0e46eb6a8f7856f92ff.jpg
ELP_12MP_20.12.2022_167155205933.png,success,downloads/7/images/all_images256/ELP_12MP_20.12.2022_167155205933.png
ELP_12MP_06.12.2022_167036158281.png,success,downloads/7/images/all_images256/ELP_12MP_06.12.2022_167036158281.png
ELP_12MP_23.02.2023_167716962054.png,success,downloads/7/images/all_images256/ELP_12MP_23.02.2023_167716962054.png
success (145).jpg,success,downloads/4/valid/success/success (145).jpg
0206_null_dataset_jpeg.rf.115b4c4f721413ea4fe545ecc92147bb.jpg,success,downloads/5/train/0206_null_dataset_jpeg.rf.115b4c4f721413ea4fe545ecc92147bb.jpg
ELP_12MP_06.12.2022_167035221725.png,success,downloads/7/images/all_images256/ELP_12MP_06.12.2022_167035221725.png
0464_null_dataset_jpeg.rf.5444e728b30835c77a7a64c983ef9c18.jpg,success,downloads/5/test/0464_null_dataset_jpeg.rf.5444e728b30835c77a7a64c983ef9c18.jpg
ELP_12MP_13.12.2022_167096920400.png,success,downloads/7/images/all_images256/ELP_12MP_13.12.2022_167096920400.png
ELP_12MP_06.12.2022_167034429551.png,success,downloads/7/images/all_images256/ELP_12MP_06.12.2022_167034429551.png
ELP_12MP_05.01.2023_167294224284.png,success,downloads/7/images/all_images256/ELP_12MP_05.01.2023_167294224284.png
ELP_12MP_06.12.2022_167035806206.png,success,downloads/7/images/all_images256/ELP_12MP_06.12.2022_167035806206.png
ELP_12MP_01.12.2022_166992923826.png,success,downloads/7/images/all_images256/ELP_12MP_01.12.2022_166992923826.png
ELP_12MP_05.01.2023_167292638918.png,success,downloads/7/images/all_images256/ELP_12MP_05.01.2023_167292638918.png
0146_tg_jpeg.rf.1e57085bd30e869b781ce3dee33818e3.jpg,success,downloads/5/train/0146_tg_jpeg.rf.1e57085bd30e869b781ce3dee33818e3.jpg
ELP_12MP_05.01.2023_167294242840.png,success,downloads/7/images/all_images256/ELP_12MP_05.01.2023_167294242840.png
ELP_12MP_20.12.2022_167156564620.png,success,downloads/7/images/all_images256/ELP_12MP_20.12.2022_167156564620.png
ELP_12MP_07.12.2022_167041321979.png,success,downloads/7/images/all_images256/ELP_12MP_07.12.2022_167041321979.png
ELP_12MP_06.12.2022_167034430941.png,success,downloads/7/images/all_images256/ELP_12MP_06.12.2022_167034430941.png
ELP_12MP_06.12.2022_167036351037.png,success,downloads/7/images/all_images256/ELP_12MP_06.12.2022_167036351037.png
ELP_12MP_29.11.2022_166976088046.png,success,downloads/7/images/all_images256/ELP_12MP_29.11.2022_166976088046.png
ELP_12MP_05.01.2023_167294050224.png,success,downloads/7/images/all_images256/ELP_12MP_05.01.2023_167294050224.png
ELP_12MP_13.01.2023_167362671257.png,success,downloads/7/images/all_images256/ELP_12MP_13.01.2023_167362671257.png
ELP_12MP_05.01.2023_167294242854.png,success,downloads/7/images/all_images256/ELP_12MP_05.01.2023_167294242854.png
ELP_12MP_11.01.2023_167343391604.png,success,downloads/7/images/all_images256/ELP_12MP_11.01.2023_167343391604.png
ELP_12MP_03.01.2023_167277458872.png,success,downloads/7/images/all_images256/ELP_12MP_03.01.2023_167277458872.png
0228_null_dataset_jpeg.rf.34fcfcb30b044d4c97d9473da694c5d3.jpg,success,downloads/5/train/0228_null_dataset_jpeg.rf.34fcfcb30b044d4c97d9473da694c5d3.jpg
0365_tg_jpeg.jpg,success,downloads/1/train/0365_tg_jpeg.rf.762f5f68e81264fc57e0a4c38cbec98e.jpg
ELP_12MP_05.01.2023_167292383362.png,success,downloads/7/images/all_images256/ELP_12MP_05.01.2023_167292383362.png
ELP_12MP_29.11.2022_166974847618.png,success,downloads/7/images/all_images256/ELP_12MP_29.11.2022_166974847618.png
ELP_12MP_29.11.2022_166974283103.png,success,downloads/7/images/all_images256/ELP_12MP_29.11.2022_166974283103.png
ELP_12MP_06.12.2022_167035470645.png,success,downloads/7/images/all_images256/ELP_12MP_06.12.2022_167035470645.png
ELP_12MP_21.12.2022_167159398141.png,success,downloads/7/images/all_images256/ELP_12MP_21.12.2022_167159398141.png
success (153).jpg,success,downloads/4/test/success/success (153).jpg
0414_null_dataset_jpeg.rf.1f59a7684eff2d9141154f2eebf7a978.jpg,success,downloads/5/train/0414_null_dataset_jpeg.rf.1f59a7684eff2d9141154f2eebf7a978.jpg
0200_tg_jpeg.rf.5616fc1e770c90a79878e872f864752b.jpg,success,downloads/5/train/0200_tg_jpeg.rf.5616fc1e770c90a79878e872f864752b.jpg
ELP_12MP_06.12.2022_167035901390.png,success,downloads/7/images/all_images256/ELP_12MP_06.12.2022_167035901390.png
0302_tg_jpeg.rf.32274d17aa6097b7d18b7781197137f8.jpg,success,downloads/5/valid/0302_tg_jpeg.rf.32274d17aa6097b7d18b7781197137f8.jpg
0259_tg_jpeg.jpg,success,downloads/1/train/0259_tg_jpeg.rf.a007d42f2a64a87c1deca3dd4821b37e.jpg
ELP_12MP_28.12.2022_167224389564.png,success,downloads/7/images/all_images256/ELP_12MP_28.12.2022_167224389564.png
0211_tg_jpeg.rf.12de27ee8e5d4b1c5eb376ac10e16739.jpg,success,downloads/5/train/0211_tg_jpeg.rf.12de27ee8e5d4b1c5eb376ac10e16739.jpg
ELP_12MP_29.11.2022_166974249193.png,success,downloads/7/images/all_images256/ELP_12MP_29.11.2022_166974249193.png
ELP_12MP_06.12.2022_167035405557.png,success,downloads/7/images/all_images256/ELP_12MP_06.12.2022_167035405557.png
0010_tg_jpeg.jpg,success,downloads/1/train/0010_tg_jpeg.rf.407ec190a91678d47e55dd2df1f1f1a5.jpg
ELP_12MP_06.12.2022_167035212516.png,success,downloads/7/images/all_images256/ELP_12MP_06.12.2022_167035212516.png
success (104).jpg,success,downloads/4/train/success/success (104).jpg
ELP_12MP_06.12.2022_167035879940.png,success,downloads/7/images/all_images256/ELP_12MP_06.12.2022_167035879940.png
ELP_12MP_06.12.2022_167035215090.png,success,downloads/7/images/all_images256/ELP_12MP_06.12.2022_167035215090.png
ELP_12MP_10.01.2023_167337311484.png,success,downloads/7/images/all_images256/ELP_12MP_10.01.2023_167337311484.png
ELP_12MP_01.12.2022_166991653640.png,success,downloads/7/images/all_images256/ELP_12MP_01.12.2022_166991653640.png
ELP_12MP_23.02.2023_167716771592.png,success,downloads/7/images/all_images256/ELP_12MP_23.02.2023_167716771592.png
ELP_12MP_01.12.2022_166992942638.png,success,downloads/7/images/all_images256/ELP_12MP_01.12.2022_166992942638.png
ELP_12MP_20.12.2022_167155073028.png,success,downloads/7/images/all_images256/ELP_12MP_20.12.2022_167155073028.png
ELP_12MP_23.02.2023_167716449923.png,success,downloads/7/images/all_images256/ELP_12MP_23.02.2023_167716449923.png
ELP_12MP_11.01.2023_167343391599.png,success,downloads/7/images/all_images256/ELP_12MP_11.01.2023_167343391599.png
ELP_12MP_05.01.2023_167292332378.png,success,downloads/7/images/all_images256/ELP_12MP_05.01.2023_167292332378.png
0348_null_dataset_jpeg.jpg,success,downloads/1/valid/0348_null_dataset_jpeg.rf.4abf4455beda2a57c9c99980f2638a78.jpg
ELP_12MP_06.12.2022_167034427839.png,success,downloads/7/images/all_images256/ELP_12MP_06.12.2022_167034427839.png
ELP_12MP_10.01.2023_167337490470.png,success,downloads/7/images/all_images256/ELP_12MP_10.01.2023_167337490470.png
ELP_12MP_06.12.2022_167035878451.png,success,downloads/7/images/all_images256/ELP_12MP_06.12.2022_167035878451.png
ELP_12MP_06.12.2022_167034390364.png,success,downloads/7/images/all_images256/ELP_12MP_06.12.2022_167034390364.png
ELP_12MP_29.11.2022_166976048882.png,success,downloads/7/images/all_images256/ELP_12MP_29.11.2022_166976048882.png
ELP_12MP_07.12.2022_167041932251.png,success,downloads/7/images/all_images256/ELP_12MP_07.12.2022_167041932251.png
ELP_12MP_01.12.2022_166990920149.png,success,downloads/7/images/all_images256/ELP_12MP_01.12.2022_166990920149.png
ELP_12MP_03.01.2023_167276027598.png,success,downloads/7/images/all_images256/ELP_12MP_03.01.2023_167276027598.png
ELP_12MP_11.01.2023_167343401312.png,success,downloads/7/images/all_images256/ELP_12MP_11.01.2023_167343401312.png
ELP_12MP_07.12.2022_167044645236.png,success,downloads/7/images/all_images256/ELP_12MP_07.12.2022_167044645236.png
0571_null_dataset_jpeg.rf.34dca3746307774606350c2b296754d0.jpg,success,downloads/5/train/0571_null_dataset_jpeg.rf.34dca3746307774606350c2b296754d0.jpg
0096_tg_jpeg.rf.0eda02e1436e62936876ef760d0320e9.jpg,success,downloads/5/train/0096_tg_jpeg.rf.0eda02e1436e62936876ef760d0320e9.jpg
ELP_12MP_06.12.2022_167036738115.png,success,downloads/7/images/all_images256/ELP_12MP_06.12.2022_167036738115.png
ELP_12MP_06.12.2022_167035618959.png,success,downloads/7/images/all_images256/ELP_12MP_06.12.2022_167035618959.png
ELP_12MP_23.02.2023_167716062011.png,success,downloads/7/images/all_images256/ELP_12MP_23.02.2023_167716062011.png
smoothed-out-pla-prints-austin-wilson-via-wired-210709_jpg.rf.59e8ed80bcd684bd16fbbfec37559c99.jpg,success,downloads/5/train/smoothed-out-pla-prints-austin-wilson-via-wired-210709_jpg.rf.59e8ed80bcd684bd16fbbfec37559c99.jpg
ELP_12MP_23.02.2023_167716143746.png,success,downloads/7/images/all_images256/ELP_12MP_23.02.2023_167716143746.png
ELP_12MP_06.12.2022_167036155175.png,success,downloads/7/images/all_images256/ELP_12MP_06.12.2022_167036155175.png
ELP_12MP_06.12.2022_167036577645.png,success,downloads/7/images/all_images256/ELP_12MP_06.12.2022_167036577645.png
ELP_12MP_01.12.2022_166991655218.png,success,downloads/7/images/all_images256/ELP_12MP_01.12.2022_166991655218.png
success (98).jpg,success,downloads/4/train/success/success (98).jpg
istockphoto-1301565754-170667a.jpg,success,downloads/3/OK/istockphoto-1301565754-170667a.jpg
ELP_12MP_20.12.2022_167155918948.png,success,downloads/7/images/all_images256/ELP_12MP_20.12.2022_167155918948.png
ELP_12MP_29.11.2022_166975904780.png,success,downloads/7/images/all_images256/ELP_12MP_29.11.2022_166975904780.png
success (77).jpg,success,downloads/4/train/success/success (77).jpg
ELP_12MP_01.12.2022_166991331227.png,success,downloads/7/images/all_images256/ELP_12MP_01.12.2022_166991331227.png
ELP_12MP_05.01.2023_167292533572.png,success,downloads/7/images/all_images256/ELP_12MP_05.01.2023_167292533572.png
ELP_12MP_29.11.2022_166976125460.png,success,downloads/7/images/all_images256/ELP_12MP_29.11.2022_166976125460.png
ELP_12MP_06.12.2022_167036335163.png,success,downloads/7/images/all_images256/ELP_12MP_06.12.2022_167036335163.png
ELP_12MP_06.12.2022_167034377529.png,success,downloads/7/images/all_images256/ELP_12MP_06.12.2022_167034377529.png
0193_tg_jpeg.jpg,success,downloads/1/valid/0193_tg_jpeg.rf.95453c2c077fa37f73f0306dc1440877.jpg
0183_null_dataset_jpeg.jpg,success,downloads/1/train/0183_null_dataset_jpeg.rf.9485db202a442ac3894fd0cce10dd3ff.jpg
ELP_12MP_29.11.2022_166974264000.png,success,downloads/7/images/all_images256/ELP_12MP_29.11.2022_166974264000.png
ELP_12MP_13.01.2023_167362597151.png,success,downloads/7/images/all_images256/ELP_12MP_13.01.2023_167362597151.png
5cf59a0abb206b766710d395cf7f02db_jpg.jpg,success,downloads/1/train/5cf59a0abb206b766710d395cf7f02db_jpg.rf.3d929949eba2597c442ebeda696efa63.jpg
0267_null_dataset_jpeg.jpg,success,downloads/1/train/0267_null_dataset_jpeg.rf.947e94a8749606d0c0b89946db92b650.jpg
ELP_12MP_06.12.2022_167036050582.png,success,downloads/7/images/all_images256/ELP_12MP_06.12.2022_167036050582.png
Snmek obrazovky 2022-04-01 215354.jpg,success,downloads/3/OK/Snmek obrazovky 2022-04-01 215354.jpg
0245_tg_jpeg.jpg,success,downloads/1/train/0245_tg_jpeg.rf.f207ce69121c090d538119ef35f6fd7b.jpg
ELP_12MP_10.01.2023_167337500506.png,success,downloads/7/images/all_images256/ELP_12MP_10.01.2023_167337500506.png
ELP_12MP_21.12.2022_167159373136.png,success,downloads/7/images/all_images256/ELP_12MP_21.12.2022_167159373136.png
ELP_12MP_20.12.2022_167155941356.png,success,downloads/7/images/all_images256/ELP_12MP_20.12.2022_167155941356.png
success (128).jpg,success,downloads/4/valid/success/success (128).jpg
ELP_12MP_21.12.2022_167159401710.png,success,downloads/7/images/all_images256/ELP_12MP_21.12.2022_167159401710.png
ELP_12MP_29.11.2022_166975157968.png,success,downloads/7/images/all_images256/ELP_12MP_29.11.2022_166975157968.png
960x0.jpg,success,downloads/3/OK/960x0.jpg
success (20).jpg,success,downloads/4/train/success/success (20).jpg
ELP_12MP_13.01.2023_167362644428.png,success,downloads/7/images/all_images256/ELP_12MP_13.01.2023_167362644428.png
ELP_12MP_06.12.2022_167036825978.png,success,downloads/7/images/all_images256/ELP_12MP_06.12.2022_167036825978.png
0132_tg_jpeg.rf.f0c12bb809c91f2e62999e28a4189ac7.jpg,success,downloads/5/valid/0132_tg_jpeg.rf.f0c12bb809c91f2e62999e28a4189ac7.jpg
ELP_12MP_13.12.2022_167097045862.png,success,downloads/7/images/all_images256/ELP_12MP_13.12.2022_167097045862.png
0322_null_dataset_jpeg.rf.689c5f5a27d8b16c9b9246ab68d5d4f4.jpg,success,downloads/5/train/0322_null_dataset_jpeg.rf.689c5f5a27d8b16c9b9246ab68d5d4f4.jpg
ELP_12MP_06.12.2022_167033843402.png,success,downloads/7/images/all_images256/ELP_12MP_06.12.2022_167033843402.png
1226899_81_111236_gTOoP6wNM.jpg,success,downloads/3/OK/1226899_81_111236_gTOoP6wNM.jpg
0130_tg_jpeg.jpg,success,downloads/1/valid/0130_tg_jpeg.rf.86ddf3fda365ce14e4d6bb5418e4c125.jpg
ELP_12MP_29.11.2022_166974336168.png,success,downloads/7/images/all_images256/ELP_12MP_29.11.2022_166974336168.png
0435_null_dataset_jpeg.rf.404b793893fed8f29055065309c7d717.jpg,success,downloads/5/test/0435_null_dataset_jpeg.rf.404b793893fed8f29055065309c7d717.jpg
0494_null_dataset_jpeg.jpg,success,downloads/1/train/0494_null_dataset_jpeg.rf.9fb0301a7fccc427e685f4c163f327c7.jpg
ELP_12MP_11.01.2023_167344442879.png,success,downloads/7/images/all_images256/ELP_12MP_11.01.2023_167344442879.png
ELP_12MP_06.01.2023_167300837174.png,success,downloads/7/images/all_images256/ELP_12MP_06.01.2023_167300837174.png
ELP_12MP_02.12.2022_166999223640.png,success,downloads/7/images/all_images256/ELP_12MP_02.12.2022_166999223640.png
ELP_12MP_06.12.2022_167036849726.png,success,downloads/7/images/all_images256/ELP_12MP_06.12.2022_167036849726.png
ELP_12MP_05.01.2023_167292336533.png,success,downloads/7/images/all_images256/ELP_12MP_05.01.2023_167292336533.png
0422_null_dataset_jpeg.jpg,success,downloads/1/valid/0422_null_dataset_jpeg.rf.2978630d26864aa85d37d233e6e427de.jpg
0195_null_dataset_jpeg.jpg,success,downloads/1/train/0195_null_dataset_jpeg.rf.f65ac4b95c2ab79ae073d1f4648d44ef.jpg
success (36).jpg,success,downloads/4/train/success/success (36).jpg
ELP_12MP_06.12.2022_167034376541.png,success,downloads/7/images/all_images256/ELP_12MP_06.12.2022_167034376541.png
ELP_12MP_07.12.2022_167040107347.png,success,downloads/7/images/all_images256/ELP_12MP_07.12.2022_167040107347.png
ELP_12MP_13.01.2023_167362358396.png,success,downloads/7/images/all_images256/ELP_12MP_13.01.2023_167362358396.png
ELP_12MP_23.02.2023_167716525783.png,success,downloads/7/images/all_images256/ELP_12MP_23.02.2023_167716525783.png
Snmek obrazovky 2022-04-01 214300.jpg,success,downloads/3/OK/Snmek obrazovky 2022-04-01 214300.jpg
Snmek obrazovky 2022-04-01 213309.jpg,success,downloads/3/OK/Snmek obrazovky 2022-04-01 213309.jpg
ELP_12MP_06.12.2022_167035219046.png,success,downloads/7/images/all_images256/ELP_12MP_06.12.2022_167035219046.png
ELP_12MP_07.12.2022_167040733044.png,success,downloads/7/images/all_images256/ELP_12MP_07.12.2022_167040733044.png
0287_null_dataset_jpeg.rf.cdc1e4bf5d4070b01de7211d08ed7fb4.jpg,success,downloads/5/valid/0287_null_dataset_jpeg.rf.cdc1e4bf5d4070b01de7211d08ed7fb4.jpg
ELP_12MP_07.12.2022_167041926437.png,success,downloads/7/images/all_images256/ELP_12MP_07.12.2022_167041926437.png
e9a8evbwe0m81_jpg.rf.1a1433ce619f2acfa1087e54ac9442de.jpg,success,downloads/5/train/e9a8evbwe0m81_jpg.rf.1a1433ce619f2acfa1087e54ac9442de.jpg
success (9).jpg,success,downloads/4/train/success/success (9).jpg
ELP_12MP_06.12.2022_167035488538.png,success,downloads/7/images/all_images256/ELP_12MP_06.12.2022_167035488538.png
ELP_12MP_28.12.2022_167224318678.png,success,downloads/7/images/all_images256/ELP_12MP_28.12.2022_167224318678.png
0372_null_dataset_jpeg.jpg,success,downloads/1/valid/0372_null_dataset_jpeg.rf.3684ee21ec6969306edaf06745756671.jpg
ELP_12MP_29.11.2022_166974350945.png,success,downloads/7/images/all_images256/ELP_12MP_29.11.2022_166974350945.png
ELP_12MP_04.01.2023_167284983757.png,success,downloads/7/images/all_images256/ELP_12MP_04.01.2023_167284983757.png
print-in-place_jpg.rf.c9ced78a1812580a40bf9bb3be7ececc.jpg,success,downloads/5/train/print-in-place_jpg.rf.c9ced78a1812580a40bf9bb3be7ececc.jpg
Snmek obrazovky 2022-04-01 122805.jpg,success,downloads/3/OK/Snmek obrazovky 2022-04-01 122805.jpg
0485_null_dataset_jpeg.rf.0b0b6a43bb68e8cc344788aeaf5f079d.jpg,success,downloads/5/train/0485_null_dataset_jpeg.rf.0b0b6a43bb68e8cc344788aeaf5f079d.jpg
01s8lOzd24t1s3pHCdDtLUA-1-fit_lim-size_1050x_jpg.jpg,success,downloads/1/test/01s8lOzd24t1s3pHCdDtLUA-1-fit_lim-size_1050x_jpg.rf.04f406a80247130843ea02d4dadb9b20.jpg
ELP_12MP_06.12.2022_167035898413.png,success,downloads/7/images/all_images256/ELP_12MP_06.12.2022_167035898413.png
ELP_12MP_06.12.2022_167035825838.png,success,downloads/7/images/all_images256/ELP_12MP_06.12.2022_167035825838.png
success (61).jpg,success,downloads/4/train/success/success (61).jpg
ELP_12MP_13.01.2023_167362052401.png,success,downloads/7/images/all_images256/ELP_12MP_13.01.2023_167362052401.png
3d.jpg,success,downloads/3/OK/3d.jpg
ELP_12MP_13.01.2023_167362436402.png,success,downloads/7/images/all_images256/ELP_12MP_13.01.2023_167362436402.png
ELP_12MP_23.02.2023_167717017610.png,success,downloads/7/images/all_images256/ELP_12MP_23.02.2023_167717017610.png
ELP_12MP_11.01.2023_167344509105.png,success,downloads/7/images/all_images256/ELP_12MP_11.01.2023_167344509105.png
0246_tg_jpeg.rf.09e3eee99ea5e989acc895f9ad511e42.jpg,success,downloads/5/train/0246_tg_jpeg.rf.09e3eee99ea5e989acc895f9ad511e42.jpg
ELP_12MP_13.12.2022_167094504553.png,success,downloads/7/images/all_images256/ELP_12MP_13.12.2022_167094504553.png
0125_tg_jpeg.jpg,success,downloads/1/valid/0125_tg_jpeg.rf.6f7722c86280e9f53297df661537a355.jpg
success (16).jpg,success,downloads/4/train/success/success (16).jpg
Snmek-obrazovky-2022-04-01-211517_jpg.jpg,success,downloads/1/train/Snmek-obrazovky-2022-04-01-211517_jpg.rf.6c9a59188f0667b6197614cbb46b628d.jpg
fdm.jpg,success,downloads/3/OK/fdm.jpg
ELP_12MP_28.12.2022_167224374987.png,success,downloads/7/images/all_images256/ELP_12MP_28.12.2022_167224374987.png
ELP_12MP_05.01.2023_167292384817.png,success,downloads/7/images/all_images256/ELP_12MP_05.01.2023_167292384817.png
ELP_12MP_06.12.2022_167035428001.png,success,downloads/7/images/all_images256/ELP_12MP_06.12.2022_167035428001.png
3d-printed-files-scaled-1_jpg.jpg,success,downloads/1/train/3d-printed-files-scaled-1_jpg.rf.a64ef939b26f27d2df4f68eb9bedf6e2.jpg
ELP_12MP_07.12.2022_167041385564.png,success,downloads/7/images/all_images256/ELP_12MP_07.12.2022_167041385564.png
ELP_12MP_13.01.2023_167362388176.png,success,downloads/7/images/all_images256/ELP_12MP_13.01.2023_167362388176.png
0515_null_dataset_jpeg.rf.e6fc4f962030debe6efb29641c215092.jpg,success,downloads/5/test/0515_null_dataset_jpeg.rf.e6fc4f962030debe6efb29641c215092.jpg
ELP_12MP_10.01.2023_167337502703.png,success,downloads/7/images/all_images256/ELP_12MP_10.01.2023_167337502703.png
ELP_12MP_06.12.2022_167033683759.png,success,downloads/7/images/all_images256/ELP_12MP_06.12.2022_167033683759.png
ELP_12MP_06.12.2022_167036317511.png,success,downloads/7/images/all_images256/ELP_12MP_06.12.2022_167036317511.png
ELP_12MP_06.12.2022_167035459161.png,success,downloads/7/images/all_images256/ELP_12MP_06.12.2022_167035459161.png
ELP_12MP_07.12.2022_167044610426.png,success,downloads/7/images/all_images256/ELP_12MP_07.12.2022_167044610426.png
0513_null_dataset_jpeg.jpg,success,downloads/1/train/0513_null_dataset_jpeg.rf.57eb50a1e627e6f35944d9eee1c3118b.jpg
ELP_12MP_06.12.2022_167033681166.png,success,downloads/7/images/all_images256/ELP_12MP_06.12.2022_167033681166.png
Snmek obrazovky 2022-04-01 214316.jpg,success,downloads/3/OK/Snmek obrazovky 2022-04-01 214316.jpg
ELP_12MP_13.01.2023_167362350535.png,success,downloads/7/images/all_images256/ELP_12MP_13.01.2023_167362350535.png
ELP_12MP_20.12.2022_167155117354.png,success,downloads/7/images/all_images256/ELP_12MP_20.12.2022_167155117354.png
ELP_12MP_06.12.2022_167033843399.png,success,downloads/7/images/all_images256/ELP_12MP_06.12.2022_167033843399.png
0180_null_dataset_jpeg.rf.7448049c2d0308d4859bc27ccd1b2199.jpg,success,downloads/5/test/0180_null_dataset_jpeg.rf.7448049c2d0308d4859bc27ccd1b2199.jpg
0155_tg_jpeg.jpg,success,downloads/1/train/0155_tg_jpeg.rf.cc62b379dae4b5305297bfd8d9fb1e85.jpg
success (41).jpg,success,downloads/4/train/success/success (41).jpg
ELP_12MP_29.11.2022_166974247036.png,success,downloads/7/images/all_images256/ELP_12MP_29.11.2022_166974247036.png
0502_null_dataset_jpeg.rf.3f0ebcdf5fe99d9ab9b1494238cd3935.jpg,success,downloads/5/test/0502_null_dataset_jpeg.rf.3f0ebcdf5fe99d9ab9b1494238cd3935.jpg
ELP_12MP_20.12.2022_167155923466.png,success,downloads/7/images/all_images256/ELP_12MP_20.12.2022_167155923466.png
ELP_12MP_06.12.2022_167034383092.png,success,downloads/7/images/all_images256/ELP_12MP_06.12.2022_167034383092.png
ELP_12MP_20.12.2022_167155860577.png,success,downloads/7/images/all_images256/ELP_12MP_20.12.2022_167155860577.png
0410_null_dataset_jpeg.jpg,success,downloads/1/valid/0410_null_dataset_jpeg.rf.e1004f457de7c72cd0e5a9123fa4cbbe.jpg
ELP_12MP_05.01.2023_167292368317.png,success,downloads/7/images/all_images256/ELP_12MP_05.01.2023_167292368317.png
0232_tg_jpeg.rf.7bddd3e66506c0e4a338976c0365ee61.jpg,success,downloads/5/train/0232_tg_jpeg.rf.7bddd3e66506c0e4a338976c0365ee61.jpg
ELP_12MP_06.12.2022_167036036942.png,success,downloads/7/images/all_images256/ELP_12MP_06.12.2022_167036036942.png
ELP_12MP_01.12.2022_166991329052.png,success,downloads/7/images/all_images256/ELP_12MP_01.12.2022_166991329052.png
0267_null_dataset_jpeg.rf.248008f30b177b7e3806b4c54359b09b.jpg,success,downloads/5/train/0267_null_dataset_jpeg.rf.248008f30b177b7e3806b4c54359b09b.jpg
ELP_12MP_04.01.2023_167284503053.png,success,downloads/7/images/all_images256/ELP_12MP_04.01.2023_167284503053.png
0137_tg_jpeg.rf.b21e9dba490724a041eea9856192eb0d.jpg,success,downloads/5/valid/0137_tg_jpeg.rf.b21e9dba490724a041eea9856192eb0d.jpg
success (149).jpg,success,downloads/4/test/success/success (149).jpg
0584_null_dataset_jpeg.rf.e8811fe1990e2e716ae2e97607f9a162.jpg,success,downloads/5/valid/0584_null_dataset_jpeg.rf.e8811fe1990e2e716ae2e97607f9a162.jpg
2-Can-Bomb_jpg.rf.8f7075dbdcd578b4b3932161aa4a98e7.jpg,success,downloads/5/train/2-Can-Bomb_jpg.rf.8f7075dbdcd578b4b3932161aa4a98e7.jpg
ELP_12MP_07.12.2022_167040735147.png,success,downloads/7/images/all_images256/ELP_12MP_07.12.2022_167040735147.png
ELP_12MP_06.01.2023_167301950213.png,success,downloads/7/images/all_images256/ELP_12MP_06.01.2023_167301950213.png
ELP_12MP_07.12.2022_167041390431.png,success,downloads/7/images/all_images256/ELP_12MP_07.12.2022_167041390431.png
ELP_12MP_07.12.2022_167044526474.png,success,downloads/7/images/all_images256/ELP_12MP_07.12.2022_167044526474.png
ELP_12MP_01.12.2022_166992866404.png,success,downloads/7/images/all_images256/ELP_12MP_01.12.2022_166992866404.png
0069_tg_jpeg.jpg,success,downloads/1/train/0069_tg_jpeg.rf.0e86859a412ae1451e792d7ddf6c012c.jpg
success (57).jpg,success,downloads/4/train/success/success (57).jpg
ELP_12MP_08.12.2022_167052957831.png,success,downloads/7/images/all_images256/ELP_12MP_08.12.2022_167052957831.png
2rtlwsmpm1m81_jpg.rf.b257920571f113618550e8b058a7f8f6.jpg,success,downloads/5/train/2rtlwsmpm1m81_jpg.rf.b257920571f113618550e8b058a7f8f6.jpg
ELP_12MP_07.12.2022_167041948703.png,success,downloads/7/images/all_images256/ELP_12MP_07.12.2022_167041948703.png
0220_tg_jpeg.jpg,success,downloads/1/train/0220_tg_jpeg.rf.90580a95bd2690fca3d1f69313a2cd01.jpg
ELP_12MP_29.11.2022_166975160136.png,success,downloads/7/images/all_images256/ELP_12MP_29.11.2022_166975160136.png
ELP_12MP_13.12.2022_167096994944.png,success,downloads/7/images/all_images256/ELP_12MP_13.12.2022_167096994944.png
0342_tg_jpeg.jpg,success,downloads/1/train/0342_tg_jpeg.rf.4adfe63b725bed9d940e82ba572c4c0b.jpg
ELP_12MP_29.11.2022_166974327661.png,success,downloads/7/images/all_images256/ELP_12MP_29.11.2022_166974327661.png
ELP_12MP_01.12.2022_166992881499.png,success,downloads/7/images/all_images256/ELP_12MP_01.12.2022_166992881499.png
ELP_12MP_06.12.2022_167034378383.png,success,downloads/7/images/all_images256/ELP_12MP_06.12.2022_167034378383.png
ELP_12MP_23.02.2023_167716930315.png,success,downloads/7/images/all_images256/ELP_12MP_23.02.2023_167716930315.png
ELP_12MP_03.01.2023_167276676955.png,success,downloads/7/images/all_images256/ELP_12MP_03.01.2023_167276676955.png
0094_tg_jpeg.jpg,success,downloads/1/train/0094_tg_jpeg.rf.54462245a78c041a9c9be529de8dd600.jpg
0468_null_dataset_jpeg.jpg,success,downloads/1/train/0468_null_dataset_jpeg.rf.133dc765cd0434ea64d892c6335e95d1.jpg
ELP_12MP_07.12.2022_167042011996.png,success,downloads/7/images/all_images256/ELP_12MP_07.12.2022_167042011996.png
ELP_12MP_29.11.2022_166975870771.png,success,downloads/7/images/all_images256/ELP_12MP_29.11.2022_166975870771.png
ELP_12MP_20.12.2022_167155880911.png,success,downloads/7/images/all_images256/ELP_12MP_20.12.2022_167155880911.png
0297_tg_jpeg.rf.3889f3be3fd127bb423544e730b74d08.jpg,success,downloads/5/train/0297_tg_jpeg.rf.3889f3be3fd127bb423544e730b74d08.jpg
0248_null_dataset_jpeg.rf.2db4a362ba5aa9af5009675a6377fe8e.jpg,success,downloads/5/train/0248_null_dataset_jpeg.rf.2db4a362ba5aa9af5009675a6377fe8e.jpg
ELP_12MP_06.12.2022_167036742650.png,success,downloads/7/images/all_images256/ELP_12MP_06.12.2022_167036742650.png
ELP_12MP_02.12.2022_166999141309.png,success,downloads/7/images/all_images256/ELP_12MP_02.12.2022_166999141309.png
0338_null_dataset_jpeg.jpg,success,downloads/1/train/0338_null_dataset_jpeg.rf.68b7b8349b2f22b30e0c18900d3554f5.jpg
ELP_12MP_23.02.2023_167716453978.png,success,downloads/7/images/all_images256/ELP_12MP_23.02.2023_167716453978.png
ELP_12MP_13.01.2023_167362255263.png,success,downloads/7/images/all_images256/ELP_12MP_13.01.2023_167362255263.png
ELP_12MP_06.12.2022_167036344997.png,success,downloads/7/images/all_images256/ELP_12MP_06.12.2022_167036344997.png
ELP_12MP_05.01.2023_167292342677.png,success,downloads/7/images/all_images256/ELP_12MP_05.01.2023_167292342677.png
3d-printers_resize_md_jpg.rf.48ec985335845aaa6920929447311f03.jpg,success,downloads/5/train/3d-printers_resize_md_jpg.rf.48ec985335845aaa6920929447311f03.jpg
smoothed-out-pla-prints-austin-wilson-via-wired-210709.jpg,success,downloads/3/OK/smoothed-out-pla-prints-austin-wilson-via-wired-210709.jpg
ELP_12MP_23.02.2023_167716425811.png,success,downloads/7/images/all_images256/ELP_12MP_23.02.2023_167716425811.png
success (108).jpg,success,downloads/4/train/success/success (108).jpg
ELP_12MP_23.02.2023_167716475968.png,success,downloads/7/images/all_images256/ELP_12MP_23.02.2023_167716475968.png
ELP_12MP_23.02.2023_167716974033.png,success,downloads/7/images/all_images256/ELP_12MP_23.02.2023_167716974033.png
ELP_12MP_04.01.2023_167284515209.png,success,downloads/7/images/all_images256/ELP_12MP_04.01.2023_167284515209.png
ELP_12MP_06.12.2022_167035250256.png,success,downloads/7/images/all_images256/ELP_12MP_06.12.2022_167035250256.png
success (94).jpg,success,downloads/4/train/success/success (94).jpg
ELP_12MP_04.01.2023_167284528837.png,success,downloads/7/images/all_images256/ELP_12MP_04.01.2023_167284528837.png
Snmek-obrazovky-2022-04-01-212927_jpg.jpg,success,downloads/1/train/Snmek-obrazovky-2022-04-01-212927_jpg.rf.fb0b2d5a23ad41d684a7b421fc5b7630.jpg
Octopi_jpg.jpg,success,downloads/1/train/Octopi_jpg.rf.4a784e226ddcf9b1caaf034dd9989a7c.jpg
ELP_12MP_29.11.2022_166974864389.png,success,downloads/7/images/all_images256/ELP_12MP_29.11.2022_166974864389.png
ELP_12MP_07.12.2022_167040109023.png,success,downloads/7/images/all_images256/ELP_12MP_07.12.2022_167040109023.png
ELP_12MP_07.12.2022_167040355928.png,success,downloads/7/images/all_images256/ELP_12MP_07.12.2022_167040355928.png
ELP_12MP_11.01.2023_167344463297.png,success,downloads/7/images/all_images256/ELP_12MP_11.01.2023_167344463297.png
0475_null_dataset_jpeg.rf.24c2ec815bb6b1ae2c774b639936bd32.jpg,success,downloads/5/train/0475_null_dataset_jpeg.rf.24c2ec815bb6b1ae2c774b639936bd32.jpg
ELP_12MP_07.12.2022_167041002934.png,success,downloads/7/images/all_images256/ELP_12MP_07.12.2022_167041002934.png
0117_tg_jpeg.jpg,success,downloads/1/valid/0117_tg_jpeg.rf.c7f7bdea8ed9e57e39a7a46de882b27a.jpg
0456_null_dataset_jpeg.rf.941241c3c6fd01e73768a7f8e486ab78.jpg,success,downloads/5/train/0456_null_dataset_jpeg.rf.941241c3c6fd01e73768a7f8e486ab78.jpg
0494_null_dataset_jpeg.rf.1bcdccc64659101420f9db7ff8da095e.jpg,success,downloads/5/valid/0494_null_dataset_jpeg.rf.1bcdccc64659101420f9db7ff8da095e.jpg
ELP_12MP_06.12.2022_167035413445.png,success,downloads/7/images/all_images256/ELP_12MP_06.12.2022_167035413445.png
0444_null_dataset_jpeg.jpg,success,downloads/1/train/0444_null_dataset_jpeg.rf.58efed3f3d08d14900e10b00e30f97ad.jpg
ELP_12MP_11.01.2023_167344652541.png,success,downloads/7/images/all_images256/ELP_12MP_11.01.2023_167344652541.png
ELP_12MP_06.12.2022_167035873710.png,success,downloads/7/images/all_images256/ELP_12MP_06.12.2022_167035873710.png
ELP_12MP_06.12.2022_167035454732.png,success,downloads/7/images/all_images256/ELP_12MP_06.12.2022_167035454732.png
0231_null_dataset_jpeg.rf.b0d1468dcbba5a39eaf0f24d0c3078e6.jpg,success,downloads/5/valid/0231_null_dataset_jpeg.rf.b0d1468dcbba5a39eaf0f24d0c3078e6.jpg
ELP_12MP_23.02.2023_167716446145.png,success,downloads/7/images/all_images256/ELP_12MP_23.02.2023_167716446145.png
ELP_12MP_23.02.2023_167716542337.png,success,downloads/7/images/all_images256/ELP_12MP_23.02.2023_167716542337.png
0279_null_dataset_jpeg.jpg,success,downloads/1/valid/0279_null_dataset_jpeg.rf.8aa8e5bda9c2ce825ea1e67651e1de0d.jpg
0064_tg_jpeg.rf.3f94b67c52b02669c751d0295c1bdc6e.jpg,success,downloads/5/train/0064_tg_jpeg.rf.3f94b67c52b02669c751d0295c1bdc6e.jpg
ELP_12MP_20.12.2022_167155031999.png,success,downloads/7/images/all_images256/ELP_12MP_20.12.2022_167155031999.png
ELP_12MP_20.12.2022_167155927985.png,success,downloads/7/images/all_images256/ELP_12MP_20.12.2022_167155927985.png
0566_null_dataset_jpeg.rf.3b8dc9a1c8b0c01812c90093adad3a07.jpg,success,downloads/5/train/0566_null_dataset_jpeg.rf.3b8dc9a1c8b0c01812c90093adad3a07.jpg
success (124).jpg,success,downloads/4/valid/success/success (124).jpg
ELP_12MP_04.01.2023_167284860785.png,success,downloads/7/images/all_images256/ELP_12MP_04.01.2023_167284860785.png
0075_tg_jpeg.jpg,success,downloads/1/train/0075_tg_jpeg.rf.314fc717a5759eae1cbae9c4b783db15.jpg
0235_null_dataset_jpeg.rf.8944c9abf34dd5db0aacdf1852647ac6.jpg,success,downloads/5/test/0235_null_dataset_jpeg.rf.8944c9abf34dd5db0aacdf1852647ac6.jpg
01s8lOzd24t1s3pHCdDtLUA-8..v1569485513.jpg,success,downloads/3/OK/01s8lOzd24t1s3pHCdDtLUA-8..v1569485513.jpg
ELP_12MP_06.12.2022_167036648156.png,success,downloads/7/images/all_images256/ELP_12MP_06.12.2022_167036648156.png
0028_tg_jpeg.rf.e9f432dd22d890ea53fb92e24c711675.jpg,success,downloads/5/test/0028_tg_jpeg.rf.e9f432dd22d890ea53fb92e24c711675.jpg
ELP_12MP_05.01.2023_167294015034.png,success,downloads/7/images/all_images256/ELP_12MP_05.01.2023_167294015034.png
ELP_12MP_29.12.2022_167231933571.png,success,downloads/7/images/all_images256/ELP_12MP_29.12.2022_167231933571.png
0366_tg_jpeg.rf.739752abda7dd50d5da997926017324c.jpg,success,downloads/5/test/0366_tg_jpeg.rf.739752abda7dd50d5da997926017324c.jpg
ELP_12MP_06.12.2022_167036584453.png,success,downloads/7/images/all_images256/ELP_12MP_06.12.2022_167036584453.png
ELP_12MP_29.11.2022_166974858074.png,success,downloads/7/images/all_images256/ELP_12MP_29.11.2022_166974858074.png
Octopi.jpg,success,downloads/3/OK/Octopi.jpg
ELP_12MP_06.12.2022_167033650070.png,success,downloads/7/images/all_images256/ELP_12MP_06.12.2022_167033650070.png
ELP_12MP_05.01.2023_167291869375.png,success,downloads/7/images/all_images256/ELP_12MP_05.01.2023_167291869375.png
ELP_12MP_06.12.2022_167035255071.png,success,downloads/7/images/all_images256/ELP_12MP_06.12.2022_167035255071.png
ELP_12MP_10.01.2023_167338943036.png,success,downloads/7/images/all_images256/ELP_12MP_10.01.2023_167338943036.png
0300_tg_jpeg.jpg,success,downloads/1/train/0300_tg_jpeg.rf.7515c0c1e25de7007751d608673c1632.jpg
ELP_12MP_23.02.2023_167716045724.png,success,downloads/7/images/all_images256/ELP_12MP_23.02.2023_167716045724.png
ELP_12MP_06.12.2022_167036610507.png,success,downloads/7/images/all_images256/ELP_12MP_06.12.2022_167036610507.png
0033_tg_jpeg.rf.6279648fd50e1cb3fc8a1a81c917479e.jpg,success,downloads/5/train/0033_tg_jpeg.rf.6279648fd50e1cb3fc8a1a81c917479e.jpg
ELP_12MP_13.12.2022_167094666637.png,success,downloads/7/images/all_images256/ELP_12MP_13.12.2022_167094666637.png
ELP_12MP_06.12.2022_167035849507.png,success,downloads/7/images/all_images256/ELP_12MP_06.12.2022_167035849507.png
ELP_12MP_05.01.2023_167292528569.png,success,downloads/7/images/all_images256/ELP_12MP_05.01.2023_167292528569.png
0201_null_dataset_jpeg.jpg,success,downloads/1/train/0201_null_dataset_jpeg.rf.519e043d9743caa4ca89d304ba604ae5.jpg
0266_null_dataset_jpeg.rf.c8736c4287f91c0a466251bf4fd0c74d.jpg,success,downloads/5/train/0266_null_dataset_jpeg.rf.c8736c4287f91c0a466251bf4fd0c74d.jpg
ELP_12MP_07.12.2022_167040079856.png,success,downloads/7/images/all_images256/ELP_12MP_07.12.2022_167040079856.png
success (132).jpg,success,downloads/4/valid/success/success (132).jpg
0419_null_dataset_jpeg.rf.492c369a1d675137acb392bb034b642d.jpg,success,downloads/5/valid/0419_null_dataset_jpeg.rf.492c369a1d675137acb392bb034b642d.jpg
ELP_12MP_02.12.2022_166999192795.png,success,downloads/7/images/all_images256/ELP_12MP_02.12.2022_166999192795.png
ELP_12MP_02.12.2022_166999215642.png,success,downloads/7/images/all_images256/ELP_12MP_02.12.2022_166999215642.png
success (82).jpg,success,downloads/4/train/success/success (82).jpg
0457_null_dataset_jpeg.rf.35d1f4c78a9e6d0ebc5c2c4342747eec.jpg,success,downloads/5/train/0457_null_dataset_jpeg.rf.35d1f4c78a9e6d0ebc5c2c4342747eec.jpg
0102_jpeg.rf.fda8671293a6b22791eb7f0bc69f9413.jpg,success,downloads/5/test/0102_jpeg.rf.fda8671293a6b22791eb7f0bc69f9413.jpg
0212_tg_jpeg.jpg,success,downloads/1/train/0212_tg_jpeg.rf.2e805a47de01d251adce14d3d7fcf3ce.jpg
ELP_12MP_21.12.2022_167159400784.png,success,downloads/7/images/all_images256/ELP_12MP_21.12.2022_167159400784.png
0302_null_dataset_jpeg.jpg,success,downloads/1/train/0302_null_dataset_jpeg.rf.49f10aa928f33519ca4d745d344a383a.jpg
ELP_12MP_20.12.2022_167155887676.png,success,downloads/7/images/all_images256/ELP_12MP_20.12.2022_167155887676.png
ELP_12MP_11.01.2023_167344513837.png,success,downloads/7/images/all_images256/ELP_12MP_11.01.2023_167344513837.png
0216_null_dataset_jpeg.rf.71ebd9e3f628757a0508472b2631ddd1.jpg,success,downloads/5/train/0216_null_dataset_jpeg.rf.71ebd9e3f628757a0508472b2631ddd1.jpg
ELP_12MP_07.12.2022_167040344776.png,success,downloads/7/images/all_images256/ELP_12MP_07.12.2022_167040344776.png
ELP_12MP_07.12.2022_167041371369.png,success,downloads/7/images/all_images256/ELP_12MP_07.12.2022_167041371369.png
ELP_12MP_20.12.2022_167155964260.png,success,downloads/7/images/all_images256/ELP_12MP_20.12.2022_167155964260.png
ELP_12MP_07.12.2022_167040743577.png,success,downloads/7/images/all_images256/ELP_12MP_07.12.2022_167040743577.png
ELP_12MP_06.12.2022_167035395902.png,success,downloads/7/images/all_images256/ELP_12MP_06.12.2022_167035395902.png
ELP_12MP_11.01.2023_167344808849.png,success,downloads/7/images/all_images256/ELP_12MP_11.01.2023_167344808849.png
FD_jpg.jpg,success,downloads/1/test/FD_jpg.rf.cde8d20836046acb3719a3c0d224336d.jpg
ELP_12MP_05.01.2023_167292667952.png,success,downloads/7/images/all_images256/ELP_12MP_05.01.2023_167292667952.png
ELP_12MP_23.02.2023_167716878797.png,success,downloads/7/images/all_images256/ELP_12MP_23.02.2023_167716878797.png
ELP_12MP_05.01.2023_167294064356.png,success,downloads/7/images/all_images256/ELP_12MP_05.01.2023_167294064356.png
success (5).jpg,success,downloads/4/train/success/success (5).jpg
ELP_12MP_01.12.2022_166992899663.png,success,downloads/7/images/all_images256/ELP_12MP_01.12.2022_166992899663.png
ELP_12MP_05.01.2023_167294060619.png,success,downloads/7/images/all_images256/ELP_12MP_05.01.2023_167294060619.png
ELP_12MP_06.12.2022_167033663152.png,success,downloads/7/images/all_images256/ELP_12MP_06.12.2022_167033663152.png
ELP_12MP_07.12.2022_167044582165.png,success,downloads/7/images/all_images256/ELP_12MP_07.12.2022_167044582165.png
success (89).jpg,success,downloads/4/train/success/success (89).jpg
ELP_12MP_23.02.2023_167716050164.png,success,downloads/7/images/all_images256/ELP_12MP_23.02.2023_167716050164.png
ELP_12MP_05.01.2023_167294211716.png,success,downloads/7/images/all_images256/ELP_12MP_05.01.2023_167294211716.png
success (66).jpg,success,downloads/4/train/success/success (66).jpg
0303_tg_jpeg.jpg,success,downloads/1/train/0303_tg_jpeg.rf.3d514d5ba412ff8cea6c75c15ec23c0b.jpg
0239_null_dataset_jpeg.rf.7397bca3c296a8b40812699e2f6cf164.jpg,success,downloads/5/valid/0239_null_dataset_jpeg.rf.7397bca3c296a8b40812699e2f6cf164.jpg
pin_low-poly-yoda-3d-printing-25616.jpg,success,downloads/3/OK/pin_low-poly-yoda-3d-printing-25616.jpg
ELP_12MP_07.12.2022_167041387329.png,success,downloads/7/images/all_images256/ELP_12MP_07.12.2022_167041387329.png
ELP_12MP_07.12.2022_167044572533.png,success,downloads/7/images/all_images256/ELP_12MP_07.12.2022_167044572533.png
ELP_12MP_06.01.2023_167301627816.png,success,downloads/7/images/all_images256/ELP_12MP_06.01.2023_167301627816.png
ELP_12MP_23.02.2023_167716342255.png,success,downloads/7/images/all_images256/ELP_12MP_23.02.2023_167716342255.png
ELP_12MP_06.12.2022_167035234826.png,success,downloads/7/images/all_images256/ELP_12MP_06.12.2022_167035234826.png
0028_tg_jpeg.jpg,success,downloads/1/train/0028_tg_jpeg.rf.377e1bba2dceff262c06b8f161de1dbb.jpg
Snmek obrazovky 2022-04-01 215046.jpg,success,downloads/3/OK/Snmek obrazovky 2022-04-01 215046.jpg
ELP_12MP_06.12.2022_167036144183.png,success,downloads/7/images/all_images256/ELP_12MP_06.12.2022_167036144183.png
0143_null_dataset_jpeg.jpg,success,downloads/1/train/0143_null_dataset_jpeg.rf.4a556c7319404e2c39beae2875ef7f95.jpg
ELP_12MP_01.12.2022_166992884430.png,success,downloads/7/images/all_images256/ELP_12MP_01.12.2022_166992884430.png
0181_tg_jpeg.rf.1924ce4c7df61b260e9fe75c07f1ea60.jpg,success,downloads/5/train/0181_tg_jpeg.rf.1924ce4c7df61b260e9fe75c07f1ea60.jpg
ELP_12MP_23.02.2023_167717009674.png,success,downloads/7/images/all_images256/ELP_12MP_23.02.2023_167717009674.png
ELP_12MP_06.12.2022_167036639870.png,success,downloads/7/images/all_images256/ELP_12MP_06.12.2022_167036639870.png
0155_tg_jpeg.rf.b257314c63b09f41d57bff15d84ebbe2.jpg,success,downloads/5/valid/0155_tg_jpeg.rf.b257314c63b09f41d57bff15d84ebbe2.jpg
success (31).jpg,success,downloads/4/train/success/success (31).jpg
0211_tg_jpeg.jpg,success,downloads/1/train/0211_tg_jpeg.rf.3d99d72e0da5a0aa9157959e7accb4ad.jpg
ELP_12MP_11.01.2023_167344694575.png,success,downloads/7/images/all_images256/ELP_12MP_11.01.2023_167344694575.png
ELP_12MP_29.11.2022_166975921835.png,success,downloads/7/images/all_images256/ELP_12MP_29.11.2022_166975921835.png
success (139).jpg,success,downloads/4/valid/success/success (139).jpg
ELP_12MP_06.12.2022_167036865257.png,success,downloads/7/images/all_images256/ELP_12MP_06.12.2022_167036865257.png
ELP_12MP_06.12.2022_167036726818.png,success,downloads/7/images/all_images256/ELP_12MP_06.12.2022_167036726818.png
ELP_12MP_11.01.2023_167344476399.png,success,downloads/7/images/all_images256/ELP_12MP_11.01.2023_167344476399.png
Snmek obrazovky 2022-04-01 211803.jpg,success,downloads/3/OK/Snmek obrazovky 2022-04-01 211803.jpg
ELP_12MP_13.01.2023_167362471467.png,success,downloads/7/images/all_images256/ELP_12MP_13.01.2023_167362471467.png
ELP_12MP_07.12.2022_167040600763.png,success,downloads/7/images/all_images256/ELP_12MP_07.12.2022_167040600763.png
ELP_12MP_06.12.2022_167034360227.png,success,downloads/7/images/all_images256/ELP_12MP_06.12.2022_167034360227.png
ELP_12MP_06.12.2022_167035917226.png,success,downloads/7/images/all_images256/ELP_12MP_06.12.2022_167035917226.png
success (27).jpg,success,downloads/4/train/success/success (27).jpg
ELP_12MP_07.12.2022_167042006042.png,success,downloads/7/images/all_images256/ELP_12MP_07.12.2022_167042006042.png
ELP_12MP_29.11.2022_166976061736.png,success,downloads/7/images/all_images256/ELP_12MP_29.11.2022_166976061736.png
0448_null_dataset_jpeg.rf.29b86851273ed8f40e5d31f23a9c0e54.jpg,success,downloads/5/train/0448_null_dataset_jpeg.rf.29b86851273ed8f40e5d31f23a9c0e54.jpg
Snmek-obrazovky-2022-04-01-122829_jpg.jpg,success,downloads/1/train/Snmek-obrazovky-2022-04-01-122829_jpg.rf.6440a80f9fc08f6bbdc3c7c5bdc9e160.jpg
0066_tg_jpeg.rf.336c318d3ef8b7c03f7423e40cdbccf4.jpg,success,downloads/5/train/0066_tg_jpeg.rf.336c318d3ef8b7c03f7423e40cdbccf4.jpg
ELP_12MP_06.12.2022_167035612948.png,success,downloads/7/images/all_images256/ELP_12MP_06.12.2022_167035612948.png
ELP_12MP_06.12.2022_167036725450.png,success,downloads/7/images/all_images256/ELP_12MP_06.12.2022_167036725450.png
ELP_12MP_06.12.2022_167035425812.png,success,downloads/7/images/all_images256/ELP_12MP_06.12.2022_167035425812.png
ELP_12MP_05.01.2023_167292382151.png,success,downloads/7/images/all_images256/ELP_12MP_05.01.2023_167292382151.png
0076_tg_jpeg.jpg,success,downloads/1/valid/0076_tg_jpeg.rf.ba5bd391d42abc7f97111aa173e34f97.jpg
ELP_12MP_04.01.2023_167284511960.png,success,downloads/7/images/all_images256/ELP_12MP_04.01.2023_167284511960.png
ELP_12MP_08.12.2022_167053067743.png,success,downloads/7/images/all_images256/ELP_12MP_08.12.2022_167053067743.png
ELP_12MP_01.12.2022_166992906989.png,success,downloads/7/images/all_images256/ELP_12MP_01.12.2022_166992906989.png
ELP_12MP_06.12.2022_167034419781.png,success,downloads/7/images/all_images256/ELP_12MP_06.12.2022_167034419781.png
ELP_12MP_29.11.2022_166974302134.png,success,downloads/7/images/all_images256/ELP_12MP_29.11.2022_166974302134.png
ELP_12MP_23.02.2023_167716545198.png,success,downloads/7/images/all_images256/ELP_12MP_23.02.2023_167716545198.png
success (70).jpg,success,downloads/4/train/success/success (70).jpg
ELP_12MP_01.12.2022_166992858163.png,success,downloads/7/images/all_images256/ELP_12MP_01.12.2022_166992858163.png
ELP_12MP_20.12.2022_167155912226.png,success,downloads/7/images/all_images256/ELP_12MP_20.12.2022_167155912226.png
ELP_12MP_20.12.2022_167155014997.png,success,downloads/7/images/all_images256/ELP_12MP_20.12.2022_167155014997.png
0207_null_dataset_jpeg.jpg,success,downloads/1/train/0207_null_dataset_jpeg.rf.3e3da654734641afe4b4050f29cdce5e.jpg
ELP_12MP_06.12.2022_167036123736.png,success,downloads/7/images/all_images256/ELP_12MP_06.12.2022_167036123736.png
ELP_12MP_07.12.2022_167041980486.png,success,downloads/7/images/all_images256/ELP_12MP_07.12.2022_167041980486.png
ELP_12MP_29.11.2022_166975954138.png,success,downloads/7/images/all_images256/ELP_12MP_29.11.2022_166975954138.png
0454_null_dataset_jpeg.jpg,success,downloads/1/valid/0454_null_dataset_jpeg.rf.51ac799f0bd85bf1692b897d5d5af5e0.jpg
ELP_12MP_06.12.2022_167035490501.png,success,downloads/7/images/all_images256/ELP_12MP_06.12.2022_167035490501.png
ELP_12MP_01.12.2022_166992932379.png,success,downloads/7/images/all_images256/ELP_12MP_01.12.2022_166992932379.png
ELP_12MP_01.12.2022_166992868077.png,success,downloads/7/images/all_images256/ELP_12MP_01.12.2022_166992868077.png
0114_tg_jpeg.jpg,success,downloads/1/train/0114_tg_jpeg.rf.6d94fae7042432f68cfca3c5991033ac.jpg
ELP_12MP_05.01.2023_167293877351.png,success,downloads/7/images/all_images256/ELP_12MP_05.01.2023_167293877351.png
ELP_12MP_28.12.2022_167224389071.png,success,downloads/7/images/all_images256/ELP_12MP_28.12.2022_167224389071.png
ELP_12MP_04.01.2023_167284517323.png,success,downloads/7/images/all_images256/ELP_12MP_04.01.2023_167284517323.png
ELP_12MP_29.11.2022_166974253391.png,success,downloads/7/images/all_images256/ELP_12MP_29.11.2022_166974253391.png
ELP_12MP_07.12.2022_167044655069.png,success,downloads/7/images/all_images256/ELP_12MP_07.12.2022_167044655069.png
0097_tg_jpeg.jpg,success,downloads/1/train/0097_tg_jpeg.rf.66e324d0cdfc9e5a5eed2613a8d20b0b.jpg
ELP_12MP_06.12.2022_167036649789.png,success,downloads/7/images/all_images256/ELP_12MP_06.12.2022_167036649789.png
ELP_12MP_10.01.2023_167338328369.png,success,downloads/7/images/all_images256/ELP_12MP_10.01.2023_167338328369.png
0478_null_dataset_jpeg.jpg,success,downloads/1/train/0478_null_dataset_jpeg.rf.83ce3153414b8b4c8a1551d19cb9dc82.jpg
0190_tg_jpeg.rf.3548bedef93eb5087ebc186521c34e5c.jpg,success,downloads/5/train/0190_tg_jpeg.rf.3548bedef93eb5087ebc186521c34e5c.jpg
ELP_12MP_04.01.2023_167284635847.png,success,downloads/7/images/all_images256/ELP_12MP_04.01.2023_167284635847.png
ELP_12MP_06.12.2022_167035911332.png,success,downloads/7/images/all_images256/ELP_12MP_06.12.2022_167035911332.png
success (103).jpg,success,downloads/4/train/success/success (103).jpg
Snmek obrazovky 2022-04-01 221255.jpg,success,downloads/3/OK/Snmek obrazovky 2022-04-01 221255.jpg
ELP_12MP_11.01.2023_167343367525.png,success,downloads/7/images/all_images256/ELP_12MP_11.01.2023_167343367525.png
ELP_12MP_05.01.2023_167293875590.png,success,downloads/7/images/all_images256/ELP_12MP_05.01.2023_167293875590.png
ELP_12MP_10.01.2023_167337378318.png,success,downloads/7/images/all_images256/ELP_12MP_10.01.2023_167337378318.png
ELP_12MP_01.12.2022_166991320367.png,success,downloads/7/images/all_images256/ELP_12MP_01.12.2022_166991320367.png
0163_null_dataset_jpeg.rf.41aa088e5ba7d60dcb812156e54723d5.jpg,success,downloads/5/train/0163_null_dataset_jpeg.rf.41aa088e5ba7d60dcb812156e54723d5.jpg
ELP_12MP_07.12.2022_167040595266.png,success,downloads/7/images/all_images256/ELP_12MP_07.12.2022_167040595266.png
ELP_12MP_23.02.2023_167716442423.png,success,downloads/7/images/all_images256/ELP_12MP_23.02.2023_167716442423.png
0331_tg_jpeg.jpg,success,downloads/1/train/0331_tg_jpeg.rf.1d47b03cd0806d8ab2b371a78d96860c.jpg
ELP_12MP_06.01.2023_167300993062.png,success,downloads/7/images/all_images256/ELP_12MP_06.01.2023_167300993062.png
Snmek obrazovky 2022-04-01 221916.jpg,success,downloads/3/OK/Snmek obrazovky 2022-04-01 221916.jpg
ELP_12MP_20.12.2022_167155093423.png,success,downloads/7/images/all_images256/ELP_12MP_20.12.2022_167155093423.png
0253_tg_jpeg.jpg,success,downloads/1/train/0253_tg_jpeg.rf.5467346312897c7f266021bdb8cc26cc.jpg
success (154).jpg,success,downloads/4/test/success/success (154).jpg
ELP_12MP_06.12.2022_167036008029.png,success,downloads/7/images/all_images256/ELP_12MP_06.12.2022_167036008029.png
0515_null_dataset_jpeg.jpg,success,downloads/1/train/0515_null_dataset_jpeg.rf.37234f31c4387fe106b617c7bf76d066.jpg
Snmek-obrazovky-2022-04-01-213025_jpg.jpg,success,downloads/1/train/Snmek-obrazovky-2022-04-01-213025_jpg.rf.e578f76d46699bc682e00a3b3fc16f2b.jpg
ELP_12MP_06.12.2022_167033643863.png,success,downloads/7/images/all_images256/ELP_12MP_06.12.2022_167033643863.png
ELP_12MP_08.12.2022_167053051794.png,success,downloads/7/images/all_images256/ELP_12MP_08.12.2022_167053051794.png
ELP_12MP_11.01.2023_167344488720.png,success,downloads/7/images/all_images256/ELP_12MP_11.01.2023_167344488720.png
ELP_12MP_02.12.2022_166999553953.png,success,downloads/7/images/all_images256/ELP_12MP_02.12.2022_166999553953.png
ELP_12MP_13.12.2022_167094631669.png,success,downloads/7/images/all_images256/ELP_12MP_13.12.2022_167094631669.png
ELP_12MP_07.12.2022_167040611653.png,success,downloads/7/images/all_images256/ELP_12MP_07.12.2022_167040611653.png
ELP_12MP_07.12.2022_167040560774.png,success,downloads/7/images/all_images256/ELP_12MP_07.12.2022_167040560774.png
ELP_12MP_07.12.2022_167044621267.png,success,downloads/7/images/all_images256/ELP_12MP_07.12.2022_167044621267.png
0328_null_dataset_jpeg.jpg,success,downloads/1/train/0328_null_dataset_jpeg.rf.69a7b8df1b2e932772af958d349f8f98.jpg
ELP_12MP_29.11.2022_166975113034.png,success,downloads/7/images/all_images256/ELP_12MP_29.11.2022_166975113034.png
ELP_12MP_06.12.2022_167033689011.png,success,downloads/7/images/all_images256/ELP_12MP_06.12.2022_167033689011.png
ELP_12MP_13.01.2023_167362180091.png,success,downloads/7/images/all_images256/ELP_12MP_13.01.2023_167362180091.png
ELP_12MP_07.12.2022_167044651179.png,success,downloads/7/images/all_images256/ELP_12MP_07.12.2022_167044651179.png
ELP_12MP_29.11.2022_166975881328.png,success,downloads/7/images/all_images256/ELP_12MP_29.11.2022_166975881328.png
ELP_12MP_06.12.2022_167035591568.png,success,downloads/7/images/all_images256/ELP_12MP_06.12.2022_167035591568.png
ELP_12MP_06.12.2022_167036030415.png,success,downloads/7/images/all_images256/ELP_12MP_06.12.2022_167036030415.png
Snmek obrazovky 2022-04-01 215245.jpg,success,downloads/3/OK/Snmek obrazovky 2022-04-01 215245.jpg
ELP_12MP_07.12.2022_167040110689.png,success,downloads/7/images/all_images256/ELP_12MP_07.12.2022_167040110689.png
0396_null_dataset_jpeg.rf.0eebc187dbd3efd5ce094a8e8304a71a.jpg,success,downloads/5/valid/0396_null_dataset_jpeg.rf.0eebc187dbd3efd5ce094a8e8304a71a.jpg
0186_null_dataset_jpeg.rf.2fae5d29ecfdfc804a55c2fa757da026.jpg,success,downloads/5/train/0186_null_dataset_jpeg.rf.2fae5d29ecfdfc804a55c2fa757da026.jpg
0350_null_dataset_jpeg.jpg,success,downloads/1/valid/0350_null_dataset_jpeg.rf.308c0568689dbbc068e3355d21023320.jpg
ELP_12MP_23.02.2023_167716347884.png,success,downloads/7/images/all_images256/ELP_12MP_23.02.2023_167716347884.png
ELP_12MP_07.12.2022_167040757996.png,success,downloads/7/images/all_images256/ELP_12MP_07.12.2022_167040757996.png
ELP_12MP_13.01.2023_167362486818.png,success,downloads/7/images/all_images256/ELP_12MP_13.01.2023_167362486818.png
success (142).jpg,success,downloads/4/valid/success/success (142).jpg
Snmek obrazovky 2022-04-01 221645.jpg,success,downloads/3/OK/Snmek obrazovky 2022-04-01 221645.jpg
ELP_12MP_20.12.2022_167155120776.png,success,downloads/7/images/all_images256/ELP_12MP_20.12.2022_167155120776.png
ELP_12MP_06.12.2022_167036639865.png,success,downloads/7/images/all_images256/ELP_12MP_06.12.2022_167036639865.png
ELP_12MP_06.12.2022_167036662849.png,success,downloads/7/images/all_images256/ELP_12MP_06.12.2022_167036662849.png
ELP_12MP_10.01.2023_167338171111.png,success,downloads/7/images/all_images256/ELP_12MP_10.01.2023_167338171111.png
0034_tg_jpeg.jpg,success,downloads/1/train/0034_tg_jpeg.rf.6a9adc8bfbadd5e458c550d6efcca970.jpg
ELP_12MP_05.01.2023_167292622515.png,success,downloads/7/images/all_images256/ELP_12MP_05.01.2023_167292622515.png
0071_tg_jpeg.rf.09ca3854849752377935bd66c467f2b0.jpg,success,downloads/5/train/0071_tg_jpeg.rf.09ca3854849752377935bd66c467f2b0.jpg
0097_tg_jpeg.rf.122d317fc16fe954a1dc6950b195d638.jpg,success,downloads/5/train/0097_tg_jpeg.rf.122d317fc16fe954a1dc6950b195d638.jpg
ELP_12MP_23.02.2023_167716540624.png,success,downloads/7/images/all_images256/ELP_12MP_23.02.2023_167716540624.png
ELP_12MP_06.12.2022_167036708845.png,success,downloads/7/images/all_images256/ELP_12MP_06.12.2022_167036708845.png
ELP_12MP_29.11.2022_166976079583.png,success,downloads/7/images/all_images256/ELP_12MP_29.11.2022_166976079583.png
Snmek obrazovky 2022-04-01 212927.jpg,success,downloads/3/OK/Snmek obrazovky 2022-04-01 212927.jpg
ELP_12MP_01.12.2022_166991323040.png,success,downloads/7/images/all_images256/ELP_12MP_01.12.2022_166991323040.png
success (115).jpg,success,downloads/4/valid/success/success (115).jpg
0280_tg_jpeg.jpg,success,downloads/1/train/0280_tg_jpeg.rf.4c235a0b5d264b8d3f23a0c61e8ef1e2.jpg
ELP_12MP_20.12.2022_167156552645.png,success,downloads/7/images/all_images256/ELP_12MP_20.12.2022_167156552645.png
ELP_12MP_06.12.2022_167033660472.png,success,downloads/7/images/all_images256/ELP_12MP_06.12.2022_167033660472.png
3d-printer-hand_jpg.rf.9a608fce974d8a6c6b36ea52aa5fa755.jpg,success,downloads/5/valid/3d-printer-hand_jpg.rf.9a608fce974d8a6c6b36ea52aa5fa755.jpg
0253_null_dataset_jpeg.jpg,success,downloads/1/train/0253_null_dataset_jpeg.rf.8044525b190fff731eab8632029c93b6.jpg
3ah4sfvny2m81_jpg.rf.c773b6055e78c4cfda2c25acd37a9456.jpg,success,downloads/5/train/3ah4sfvny2m81_jpg.rf.c773b6055e78c4cfda2c25acd37a9456.jpg
ELP_12MP_23.02.2023_167716058511.png,success,downloads/7/images/all_images256/ELP_12MP_23.02.2023_167716058511.png
ELP_12MP_13.12.2022_167094518121.png,success,downloads/7/images/all_images256/ELP_12MP_13.12.2022_167094518121.png
ELP_12MP_13.12.2022_167097028751.png,success,downloads/7/images/all_images256/ELP_12MP_13.12.2022_167097028751.png
ELP_12MP_07.12.2022_167040361547.png,success,downloads/7/images/all_images256/ELP_12MP_07.12.2022_167040361547.png
e9a8evbwe0m81.jpg,success,downloads/3/OK/e9a8evbwe0m81.jpg
ELP_12MP_23.02.2023_167716334465.png,success,downloads/7/images/all_images256/ELP_12MP_23.02.2023_167716334465.png
ELP_12MP_13.01.2023_167362725489.png,success,downloads/7/images/all_images256/ELP_12MP_13.01.2023_167362725489.png
ELP_12MP_20.12.2022_167156558430.png,success,downloads/7/images/all_images256/ELP_12MP_20.12.2022_167156558430.png
ELP_12MP_29.11.2022_166975311464.png,success,downloads/7/images/all_images256/ELP_12MP_29.11.2022_166975311464.png
ELP_12MP_11.01.2023_167344453522.png,success,downloads/7/images/all_images256/ELP_12MP_11.01.2023_167344453522.png
0051_tg_jpeg.jpg,success,downloads/1/train/0051_tg_jpeg.rf.0a5e2c415306d7bde55332892190c017.jpg
0261_null_dataset_jpeg.jpg,success,downloads/1/train/0261_null_dataset_jpeg.rf.a509b82a29f11e5611d8b03c3cb69270.jpg
ELP_12MP_29.11.2022_166975162368.png,success,downloads/7/images/all_images256/ELP_12MP_29.11.2022_166975162368.png
success (2).jpg,success,downloads/4/train/success/success (2).jpg
ELP_12MP_08.12.2022_167052969372.png,success,downloads/7/images/all_images256/ELP_12MP_08.12.2022_167052969372.png
0218_tg_jpeg.jpg,success,downloads/1/train/0218_tg_jpeg.rf.43552892cbfdd3c8d9b9dd609d3e6c73.jpg
3D-printing-is-revolutionizing-education.jpg,success,downloads/3/OK/3D-printing-is-revolutionizing-education.jpg
success (85).jpg,success,downloads/4/train/success/success (85).jpg
ELP_12MP_04.01.2023_167284631570.png,success,downloads/7/images/all_images256/ELP_12MP_04.01.2023_167284631570.png
ELP_12MP_29.11.2022_166976092534.png,success,downloads/7/images/all_images256/ELP_12MP_29.11.2022_166976092534.png
ELP_12MP_06.12.2022_167033687566.png,success,downloads/7/images/all_images256/ELP_12MP_06.12.2022_167033687566.png
0032_tg_jpeg.rf.60b7b86ee064a873550a79221103bbcf.jpg,success,downloads/5/train/0032_tg_jpeg.rf.60b7b86ee064a873550a79221103bbcf.jpg
ELP_12MP_06.12.2022_167036758902.png,success,downloads/7/images/all_images256/ELP_12MP_06.12.2022_167036758902.png
ELP_12MP_04.01.2023_167284545507.png,success,downloads/7/images/all_images256/ELP_12MP_04.01.2023_167284545507.png
ELP_12MP_23.02.2023_167716048502.png,success,downloads/7/images/all_images256/ELP_12MP_23.02.2023_167716048502.png
ELP_12MP_07.12.2022_167042011461.png,success,downloads/7/images/all_images256/ELP_12MP_07.12.2022_167042011461.png
ELP_12MP_06.12.2022_167036607023.png,success,downloads/7/images/all_images256/ELP_12MP_06.12.2022_167036607023.png
success (135).jpg,success,downloads/4/valid/success/success (135).jpg
ELP_12MP_11.01.2023_167344079464.png,success,downloads/7/images/all_images256/ELP_12MP_11.01.2023_167344079464.png
0210_null_dataset_jpeg.rf.9f42a3ca14a897faa93a4ee579a6e577.jpg,success,downloads/5/train/0210_null_dataset_jpeg.rf.9f42a3ca14a897faa93a4ee579a6e577.jpg
ELP_12MP_29.11.2022_166974870993.png,success,downloads/7/images/all_images256/ELP_12MP_29.11.2022_166974870993.png
0587_null_dataset_jpeg.jpg,success,downloads/1/valid/0587_null_dataset_jpeg.rf.e65aea62b1325ad992b2342c62092052.jpg
ELP_12MP_08.12.2022_167053064842.png,success,downloads/7/images/all_images256/ELP_12MP_08.12.2022_167053064842.png
ELP_12MP_23.02.2023_167716219044.png,success,downloads/7/images/all_images256/ELP_12MP_23.02.2023_167716219044.png
0303_null_dataset_jpeg.rf.18a46954b3b02d4c41b1da530a8d5ec9.jpg,success,downloads/5/train/0303_null_dataset_jpeg.rf.18a46954b3b02d4c41b1da530a8d5ec9.jpg
0362_null_dataset_jpeg.jpg,success,downloads/1/train/0362_null_dataset_jpeg.rf.6d908d3a426859a09a4a72352ed4c97e.jpg
ELP_12MP_04.01.2023_167284627138.png,success,downloads/7/images/all_images256/ELP_12MP_04.01.2023_167284627138.png
ELP_12MP_29.11.2022_166974853637.png,success,downloads/7/images/all_images256/ELP_12MP_29.11.2022_166974853637.png
0143_tg_jpeg.jpg,success,downloads/1/train/0143_tg_jpeg.rf.3cc15200b93a65c661e9bb06e851dfc0.jpg
ELP_12MP_06.12.2022_167033668414.png,success,downloads/7/images/all_images256/ELP_12MP_06.12.2022_167033668414.png
0374_null_dataset_jpeg.jpg,success,downloads/1/train/0374_null_dataset_jpeg.rf.61a3043e842d815e6f5d610f99c59f89.jpg
ELP_12MP_01.12.2022_166991336711.png,success,downloads/7/images/all_images256/ELP_12MP_01.12.2022_166991336711.png
0527_null_dataset_jpeg.jpg,success,downloads/1/train/0527_null_dataset_jpeg.rf.ff8436789ef81594b8a3889d22734c08.jpg
0010_tg_jpeg.rf.88d681cfbb19be5ca9d7a306b2de4748.jpg,success,downloads/5/train/0010_tg_jpeg.rf.88d681cfbb19be5ca9d7a306b2de4748.jpg
0075_tg_jpeg.rf.52a55f9d55329692bee923c4305b2ba6.jpg,success,downloads/5/valid/0075_tg_jpeg.rf.52a55f9d55329692bee923c4305b2ba6.jpg
ELP_12MP_29.11.2022_166974289448.png,success,downloads/7/images/all_images256/ELP_12MP_29.11.2022_166974289448.png
ELP_12MP_29.11.2022_166975889819.png,success,downloads/7/images/all_images256/ELP_12MP_29.11.2022_166975889819.png
success (123).jpg,success,downloads/4/valid/success/success (123).jpg
1-20-4-_jpg.rf.48df13463f2c5272a23c3bcabc3ac7f5.jpg,success,downloads/5/valid/1-20-4-_jpg.rf.48df13463f2c5272a23c3bcabc3ac7f5.jpg
3d-printer-hand_jpg.jpg,success,downloads/1/train/3d-printer-hand_jpg.rf.fb5c3a0265f9fd72389be67bfeac21fd.jpg
ELP_12MP_03.01.2023_167276030294.png,success,downloads/7/images/all_images256/ELP_12MP_03.01.2023_167276030294.png
ELP_12MP_05.01.2023_167294033849.png,success,downloads/7/images/all_images256/ELP_12MP_05.01.2023_167294033849.png
ELP_12MP_06.12.2022_167035492895.png,success,downloads/7/images/all_images256/ELP_12MP_06.12.2022_167035492895.png
ELP_12MP_06.12.2022_167036579380.png,success,downloads/7/images/all_images256/ELP_12MP_06.12.2022_167036579380.png
ELP_12MP_06.12.2022_167035460395.png,success,downloads/7/images/all_images256/ELP_12MP_06.12.2022_167035460395.png
Snmek obrazovky 2022-04-01 215455.jpg,success,downloads/3/OK/Snmek obrazovky 2022-04-01 215455.jpg
bigstock-Automatic-Three-Dimensional-Pr-396383408_jpg.jpg,success,downloads/1/train/bigstock-Automatic-Three-Dimensional-Pr-396383408_jpg.rf.70b16d3cd173fb74cb68e47389e6698e.jpg
ELP_12MP_01.12.2022_166992938864.png,success,downloads/7/images/all_images256/ELP_12MP_01.12.2022_166992938864.png
ELP_12MP_06.01.2023_167300820719.png,success,downloads/7/images/all_images256/ELP_12MP_06.01.2023_167300820719.png
ELP_12MP_02.12.2022_166999566242.png,success,downloads/7/images/all_images256/ELP_12MP_02.12.2022_166999566242.png
3d-printing.jpg,success,downloads/3/OK/3d-printing.jpg
ELP_12MP_04.01.2023_167284859362.png,success,downloads/7/images/all_images256/ELP_12MP_04.01.2023_167284859362.png
0323_null_dataset_jpeg.rf.3f9269615cf632960dbe3a53c9eaeec9.jpg,success,downloads/5/valid/0323_null_dataset_jpeg.rf.3f9269615cf632960dbe3a53c9eaeec9.jpg
ELP_12MP_08.12.2022_167053064261.png,success,downloads/7/images/all_images256/ELP_12MP_08.12.2022_167053064261.png
ELP_12MP_20.12.2022_167155912231.png,success,downloads/7/images/all_images256/ELP_12MP_20.12.2022_167155912231.png
ELP_12MP_29.11.2022_166975943447.png,success,downloads/7/images/all_images256/ELP_12MP_29.11.2022_166975943447.png
0254_null_dataset_jpeg.rf.c24f4ed532215c520bfa4a2765c5ee97.jpg,success,downloads/5/valid/0254_null_dataset_jpeg.rf.c24f4ed532215c520bfa4a2765c5ee97.jpg
images_jpg.jpg,success,downloads/1/train/images_jpg.rf.fbe1869e6c90480e05912b0b961ddcf5.jpg
0246_tg_jpeg.jpg,success,downloads/1/train/0246_tg_jpeg.rf.44be757b4f0aa15ea591dbe58b661cd9.jpg
success (93).jpg,success,downloads/4/train/success/success (93).jpg
0193_null_dataset_jpeg.jpg,success,downloads/1/train/0193_null_dataset_jpeg.rf.00759c31aebd27d0b075ee03d4ae2338.jpg
Snmek obrazovky 2022-04-01 211425.jpg,success,downloads/3/OK/Snmek obrazovky 2022-04-01 211425.jpg
ELP_12MP_29.11.2022_166974338240.png,success,downloads/7/images/all_images256/ELP_12MP_29.11.2022_166974338240.png
ELP_12MP_13.12.2022_167096909341.png,success,downloads/7/images/all_images256/ELP_12MP_13.12.2022_167096909341.png
ELP_12MP_07.12.2022_167040577949.png,success,downloads/7/images/all_images256/ELP_12MP_07.12.2022_167040577949.png
ELP_12MP_21.12.2022_167159377121.png,success,downloads/7/images/all_images256/ELP_12MP_21.12.2022_167159377121.png
0189_tg_jpeg.rf.1658c89610a6b8f07ff0b76976865597.jpg,success,downloads/5/train/0189_tg_jpeg.rf.1658c89610a6b8f07ff0b76976865597.jpg
0466_null_dataset_jpeg.jpg,success,downloads/1/train/0466_null_dataset_jpeg.rf.faef408665ed35b8fc03000e519308b3.jpg
LAL_8195.jpeg,success,downloads/3/OK/LAL_8195.jpeg
0235_null_dataset_jpeg.jpg,success,downloads/1/valid/0235_null_dataset_jpeg.rf.3d96512be56025c3c64d67b22d54e022.jpg
ELP_12MP_23.02.2023_167716050953.png,success,downloads/7/images/all_images256/ELP_12MP_23.02.2023_167716050953.png
ELP_12MP_11.01.2023_167344686577.png,success,downloads/7/images/all_images256/ELP_12MP_11.01.2023_167344686577.png
ELP_12MP_06.12.2022_167035401554.png,success,downloads/7/images/all_images256/ELP_12MP_06.12.2022_167035401554.png
ELP_12MP_06.12.2022_167036756696.png,success,downloads/7/images/all_images256/ELP_12MP_06.12.2022_167036756696.png
ELP_12MP_06.12.2022_167035838984.png,success,downloads/7/images/all_images256/ELP_12MP_06.12.2022_167035838984.png
ELP_12MP_10.01.2023_167337365362.png,success,downloads/7/images/all_images256/ELP_12MP_10.01.2023_167337365362.png
ELP_12MP_29.11.2022_166975123241.png,success,downloads/7/images/all_images256/ELP_12MP_29.11.2022_166975123241.png
ELP_12MP_05.01.2023_167294228793.png,success,downloads/7/images/all_images256/ELP_12MP_05.01.2023_167294228793.png
1684421752662_png.rf.abaecc5e936303184a35cb3a4194ca89.jpg,success,downloads/5/test/1684421752662_png.rf.abaecc5e936303184a35cb3a4194ca89.jpg
0338_tg_jpeg.jpg,success,downloads/1/train/0338_tg_jpeg.rf.0591fcd9705e9b279c69ead8f2207335.jpg
0220_null_dataset_jpeg.rf.19cab9f2bc0a2ef1aed7c8d8e9a9158c.jpg,success,downloads/5/valid/0220_null_dataset_jpeg.rf.19cab9f2bc0a2ef1aed7c8d8e9a9158c.jpg
0242_tg_jpeg.rf.33a7854acd25bccfa64419fafde603df.jpg,success,downloads/5/train/0242_tg_jpeg.rf.33a7854acd25bccfa64419fafde603df.jpg
Snmek obrazovky 2022-04-01 213025.jpg,success,downloads/3/OK/Snmek obrazovky 2022-04-01 213025.jpg
ELP_12MP_06.12.2022_167036822718.png,success,downloads/7/images/all_images256/ELP_12MP_06.12.2022_167036822718.png
ELP_12MP_02.12.2022_166999212216.png,success,downloads/7/images/all_images256/ELP_12MP_02.12.2022_166999212216.png
0380_null_dataset_jpeg.jpg,success,downloads/1/train/0380_null_dataset_jpeg.rf.fac3c2f204fac99da0147cbdbdade172.jpg
ELP_12MP_06.12.2022_167036841283.png,success,downloads/7/images/all_images256/ELP_12MP_06.12.2022_167036841283.png
0166_null_dataset_jpeg.rf.4307942214bc0016641a88c523355afc.jpg,success,downloads/5/train/0166_null_dataset_jpeg.rf.4307942214bc0016641a88c523355afc.jpg
0411_null_dataset_jpeg.rf.83eb938d81651be2aff3de177d5607b8.jpg,success,downloads/5/train/0411_null_dataset_jpeg.rf.83eb938d81651be2aff3de177d5607b8.jpg
ELP_12MP_23.02.2023_167716544051.png,success,downloads/7/images/all_images256/ELP_12MP_23.02.2023_167716544051.png
0063_tg_jpeg.jpg,success,downloads/1/train/0063_tg_jpeg.rf.504241cc1008da2800dc6277db434e6c.jpg
ELP_12MP_05.01.2023_167292670640.png,success,downloads/7/images/all_images256/ELP_12MP_05.01.2023_167292670640.png
success (158).jpg,success,downloads/4/test/success/success (158).jpg
ELP_12MP_07.12.2022_167044623498.png,success,downloads/7/images/all_images256/ELP_12MP_07.12.2022_167044623498.png
ELP_12MP_20.12.2022_167156561893.png,success,downloads/7/images/all_images256/ELP_12MP_20.12.2022_167156561893.png
ELP_12MP_06.12.2022_167036765062.png,success,downloads/7/images/all_images256/ELP_12MP_06.12.2022_167036765062.png
0451_null_dataset_jpeg.rf.7c80ca4a48bbff474fc318082fbe40c1.jpg,success,downloads/5/test/0451_null_dataset_jpeg.rf.7c80ca4a48bbff474fc318082fbe40c1.jpg
ELP_12MP_13.12.2022_167094606011.png,success,downloads/7/images/all_images256/ELP_12MP_13.12.2022_167094606011.png
0129_tg_jpeg.rf.114ed681280f50c86bd25531c94a2a4e.jpg,success,downloads/5/train/0129_tg_jpeg.rf.114ed681280f50c86bd25531c94a2a4e.jpg
0399_null_dataset_jpeg.rf.0dcb32344cb8c35e6e88556e72dca850.jpg,success,downloads/5/train/0399_null_dataset_jpeg.rf.0dcb32344cb8c35e6e88556e72dca850.jpg
ELP_12MP_01.12.2022_166991328512.png,success,downloads/7/images/all_images256/ELP_12MP_01.12.2022_166991328512.png
tiny-3d-printed-castle-like-models-on-a-dlp-3d-pri-pinterest-190117.jpg,success,downloads/3/OK/tiny-3d-printed-castle-like-models-on-a-dlp-3d-pri-pinterest-190117.jpg
0336_null_dataset_jpeg.jpg,success,downloads/1/valid/0336_null_dataset_jpeg.rf.5066434d77d2eb20c65f613ace836aae.jpg
success (50).jpg,success,downloads/4/train/success/success (50).jpg
ELP_12MP_11.01.2023_167344675170.png,success,downloads/7/images/all_images256/ELP_12MP_11.01.2023_167344675170.png
ELP_12MP_07.12.2022_167040607754.png,success,downloads/7/images/all_images256/ELP_12MP_07.12.2022_167040607754.png
ELP_12MP_05.01.2023_167294028515.png,success,downloads/7/images/all_images256/ELP_12MP_05.01.2023_167294028515.png
3d-printers_resize_md.jpg,success,downloads/3/OK/3d-printers_resize_md.jpg
ELP_12MP_01.12.2022_166990882982.png,success,downloads/7/images/all_images256/ELP_12MP_01.12.2022_166990882982.png
0119_tg_jpeg.rf.33184860b0191e280bc5d40679ed6065.jpg,success,downloads/5/train/0119_tg_jpeg.rf.33184860b0191e280bc5d40679ed6065.jpg
ELP_12MP_06.12.2022_167035469429.png,success,downloads/7/images/all_images256/ELP_12MP_06.12.2022_167035469429.png
ELP_12MP_20.12.2022_167155847153.png,success,downloads/7/images/all_images256/ELP_12MP_20.12.2022_167155847153.png
ELP_12MP_06.12.2022_167035882834.png,success,downloads/7/images/all_images256/ELP_12MP_06.12.2022_167035882834.png
ELP_12MP_01.12.2022_166991301023.png,success,downloads/7/images/all_images256/ELP_12MP_01.12.2022_166991301023.png
ELP_12MP_23.02.2023_167716527496.png,success,downloads/7/images/all_images256/ELP_12MP_23.02.2023_167716527496.png
ELP_12MP_07.12.2022_167041994793.png,success,downloads/7/images/all_images256/ELP_12MP_07.12.2022_167041994793.png
0573_null_dataset_jpeg.jpg,success,downloads/1/valid/0573_null_dataset_jpeg.rf.2e0a18d96cf1fe42aeadd29a3ad34e17.jpg
ELP_12MP_06.12.2022_167036815003.png,success,downloads/7/images/all_images256/ELP_12MP_06.12.2022_167036815003.png
success (46).jpg,success,downloads/4/train/success/success (46).jpg
ELP_12MP_13.01.2023_167362509496.png,success,downloads/7/images/all_images256/ELP_12MP_13.01.2023_167362509496.png
ELP_12MP_02.12.2022_166999159668.png,success,downloads/7/images/all_images256/ELP_12MP_02.12.2022_166999159668.png
ELP_12MP_07.12.2022_167044548336.png,success,downloads/7/images/all_images256/ELP_12MP_07.12.2022_167044548336.png
ELP_12MP_06.12.2022_167035224612.png,success,downloads/7/images/all_images256/ELP_12MP_06.12.2022_167035224612.png
ELP_12MP_28.12.2022_167224367237.png,success,downloads/7/images/all_images256/ELP_12MP_28.12.2022_167224367237.png
FD_jpg.rf.3cbd6216bf3547f02a3157658e888ebd.jpg,success,downloads/5/train/FD_jpg.rf.3cbd6216bf3547f02a3157658e888ebd.jpg
ELP_12MP_07.12.2022_167044520908.png,success,downloads/7/images/all_images256/ELP_12MP_07.12.2022_167044520908.png
3D-printing-1-_jpg.rf.58c418a43833eccf7fb0b4383ac9a35f.jpg,success,downloads/5/valid/3D-printing-1-_jpg.rf.58c418a43833eccf7fb0b4383ac9a35f.jpg
ELP_12MP_29.11.2022_166976122745.png,success,downloads/7/images/all_images256/ELP_12MP_29.11.2022_166976122745.png
0396_null_dataset_jpeg.jpg,success,downloads/1/train/0396_null_dataset_jpeg.rf.9381097e3a6112ebb40cf95620156e1d.jpg
0397_null_dataset_jpeg.rf.08f0c596022233893b2f59271a564180.jpg,success,downloads/5/train/0397_null_dataset_jpeg.rf.08f0c596022233893b2f59271a564180.jpg
success (119).jpg,success,downloads/4/valid/success/success (119).jpg
ELP_12MP_11.01.2023_167343381896.png,success,downloads/7/images/all_images256/ELP_12MP_11.01.2023_167343381896.png
ELP_12MP_06.12.2022_167035487651.png,success,downloads/7/images/all_images256/ELP_12MP_06.12.2022_167035487651.png
ELP_12MP_13.12.2022_167097152029.png,success,downloads/7/images/all_images256/ELP_12MP_13.12.2022_167097152029.png
3d-printed-files-scaled-1_jpg.rf.37f49fc2f0e14b7ef2dedb86dbd61bdd.jpg,success,downloads/5/train/3d-printed-files-scaled-1_jpg.rf.37f49fc2f0e14b7ef2dedb86dbd61bdd.jpg
0171_null_dataset_jpeg.jpg,success,downloads/1/train/0171_null_dataset_jpeg.rf.18556aee255d3f23771c36f0d4f5e505.jpg
0366_tg_jpeg.jpg,success,downloads/1/train/0366_tg_jpeg.rf.4f70e89628225e9a02d4546f318f7242.jpg
Snmek obrazovky 2022-04-01 214414.jpg,success,downloads/3/OK/Snmek obrazovky 2022-04-01 214414.jpg
ELP_12MP_23.02.2023_167716545763.png,success,downloads/7/images/all_images256/ELP_12MP_23.02.2023_167716545763.png
ELP_12MP_23.02.2023_167716178173.png,success,downloads/7/images/all_images256/ELP_12MP_23.02.2023_167716178173.png
Snmek obrazovky 2022-04-01 221322.jpg,success,downloads/3/OK/Snmek obrazovky 2022-04-01 221322.jpg
ELP_12MP_13.01.2023_167362521118.png,success,downloads/7/images/all_images256/ELP_12MP_13.01.2023_167362521118.png
ELP_12MP_23.02.2023_167716803340.png,success,downloads/7/images/all_images256/ELP_12MP_23.02.2023_167716803340.png
0204_tg_jpeg.jpg,success,downloads/1/train/0204_tg_jpeg.rf.48b674cda4315ebaa539c19ccd3a7882.jpg
success (11).jpg,success,downloads/4/train/success/success (11).jpg
ELP_12MP_06.12.2022_167035240814.png,success,downloads/7/images/all_images256/ELP_12MP_06.12.2022_167035240814.png
0470_null_dataset_jpeg.jpg,success,downloads/1/train/0470_null_dataset_jpeg.rf.46c1e4d4796c3474279452fb5353fadd.jpg
ELP_12MP_29.12.2022_167231957535.png,success,downloads/7/images/all_images256/ELP_12MP_29.12.2022_167231957535.png
ELP_12MP_05.01.2023_167294060623.png,success,downloads/7/images/all_images256/ELP_12MP_05.01.2023_167294060623.png
ELP_12MP_07.12.2022_167040759214.png,success,downloads/7/images/all_images256/ELP_12MP_07.12.2022_167040759214.png
success (10).jpg,success,downloads/4/train/success/success (10).jpg
ELP_12MP_29.11.2022_166976121704.png,success,downloads/7/images/all_images256/ELP_12MP_29.11.2022_166976121704.png
ELP_12MP_07.12.2022_167040343093.png,success,downloads/7/images/all_images256/ELP_12MP_07.12.2022_167040343093.png
ELP_12MP_29.11.2022_166974344775.png,success,downloads/7/images/all_images256/ELP_12MP_29.11.2022_166974344775.png
ELP_12MP_02.12.2022_166999168843.png,success,downloads/7/images/all_images256/ELP_12MP_02.12.2022_166999168843.png
ELP_12MP_13.12.2022_167096969249.png,success,downloads/7/images/all_images256/ELP_12MP_13.12.2022_167096969249.png
0195_tg_jpeg.jpg,success,downloads/1/train/0195_tg_jpeg.rf.6489f183646495ed3d0bf14ce61ed3e8.jpg
ELP_12MP_02.12.2022_166999228207.png,success,downloads/7/images/all_images256/ELP_12MP_02.12.2022_166999228207.png
ELP_12MP_05.01.2023_167292536252.png,success,downloads/7/images/all_images256/ELP_12MP_05.01.2023_167292536252.png
3d-printing_jpg.jpg,success,downloads/1/train/3d-printing_jpg.rf.5cb5e79a19708932f5c03cb4c2a81d6e.jpg
Snmek obrazovky 2022-04-01 213357.jpg,success,downloads/3/OK/Snmek obrazovky 2022-04-01 213357.jpg
success (118).jpg,success,downloads/4/valid/success/success (118).jpg
0188_tg_jpeg.rf.63ec8a3a86cf7894ca2d65c665af23c4.jpg,success,downloads/5/train/0188_tg_jpeg.rf.63ec8a3a86cf7894ca2d65c665af23c4.jpg
ELP_12MP_07.12.2022_167040720072.png,success,downloads/7/images/all_images256/ELP_12MP_07.12.2022_167040720072.png
0430_null_dataset_jpeg.rf.a5c44a2378899e7994b95767d413bbd8.jpg,success,downloads/5/valid/0430_null_dataset_jpeg.rf.a5c44a2378899e7994b95767d413bbd8.jpg
ELP_12MP_06.12.2022_167036755589.png,success,downloads/7/images/all_images256/ELP_12MP_06.12.2022_167036755589.png
ELP_12MP_04.01.2023_167284548768.png,success,downloads/7/images/all_images256/ELP_12MP_04.01.2023_167284548768.png
0321_tg_jpeg.jpg,success,downloads/1/train/0321_tg_jpeg.rf.14f0d667ca0851a9a0002cdbcb3ff9ec.jpg
0414_null_dataset_jpeg.jpg,success,downloads/1/train/0414_null_dataset_jpeg.rf.5f7aef8821d09beb25b0e14226171d9f.jpg
success (47).jpg,success,downloads/4/train/success/success (47).jpg
ELP_12MP_06.12.2022_167035914891.png,success,downloads/7/images/all_images256/ELP_12MP_06.12.2022_167035914891.png
ELP_12MP_01.12.2022_166992950129.png,success,downloads/7/images/all_images256/ELP_12MP_01.12.2022_166992950129.png
ELP_12MP_06.12.2022_167036592287.png,success,downloads/7/images/all_images256/ELP_12MP_06.12.2022_167036592287.png
ELP_12MP_06.12.2022_167035239647.png,success,downloads/7/images/all_images256/ELP_12MP_06.12.2022_167035239647.png
0574_null_dataset_jpeg.rf.458aa1359d6a57a7834e5c1a6bcb8e84.jpg,success,downloads/5/train/0574_null_dataset_jpeg.rf.458aa1359d6a57a7834e5c1a6bcb8e84.jpg
ELP_12MP_06.12.2022_167033689016.png,success,downloads/7/images/all_images256/ELP_12MP_06.12.2022_167033689016.png
ELP_12MP_13.12.2022_167097149155.png,success,downloads/7/images/all_images256/ELP_12MP_13.12.2022_167097149155.png
ELP_12MP_06.12.2022_167035493350.png,success,downloads/7/images/all_images256/ELP_12MP_06.12.2022_167035493350.png
ELP_12MP_29.11.2022_166974334053.png,success,downloads/7/images/all_images256/ELP_12MP_29.11.2022_166974334053.png
0351_tg_jpeg.jpg,success,downloads/1/train/0351_tg_jpeg.rf.9ee4edfa51d668727fc161fb4030b510.jpg
ELP_12MP_02.12.2022_166999224777.png,success,downloads/7/images/all_images256/ELP_12MP_02.12.2022_166999224777.png
ELP_12MP_21.12.2022_167159398650.png,success,downloads/7/images/all_images256/ELP_12MP_21.12.2022_167159398650.png
0381_tg_jpeg.rf.ae4c3d3708c37a88a1159f7bbd2e8e15.jpg,success,downloads/5/train/0381_tg_jpeg.rf.ae4c3d3708c37a88a1159f7bbd2e8e15.jpg
0290_tg_jpeg.jpg,success,downloads/1/train/0290_tg_jpeg.rf.3d99bc7b43bada56623f8c4558a50310.jpg
success (51).jpg,success,downloads/4/train/success/success (51).jpg
ELP_12MP_06.12.2022_167034399874.png,success,downloads/7/images/all_images256/ELP_12MP_06.12.2022_167034399874.png
ELP_12MP_01.12.2022_166990882986.png,success,downloads/7/images/all_images256/ELP_12MP_01.12.2022_166990882986.png
ELP_12MP_06.12.2022_167036136842.png,success,downloads/7/images/all_images256/ELP_12MP_06.12.2022_167036136842.png
0477_null_dataset_jpeg.rf.3d5676f3f31fbb3620ff491593ff5e7f.jpg,success,downloads/5/valid/0477_null_dataset_jpeg.rf.3d5676f3f31fbb3620ff491593ff5e7f.jpg
0449_null_dataset_jpeg.rf.cabac9654eb6cec89769cff0c1d3f4d3.jpg,success,downloads/5/train/0449_null_dataset_jpeg.rf.cabac9654eb6cec89769cff0c1d3f4d3.jpg
0146_tg_jpeg.jpg,success,downloads/1/train/0146_tg_jpeg.rf.7a20c25fbf2c88c3f75d14ba86aa03cd.jpg
ELP_12MP_01.12.2022_166991158707.png,success,downloads/7/images/all_images256/ELP_12MP_01.12.2022_166991158707.png
ELP_12MP_20.12.2022_167155154806.png,success,downloads/7/images/all_images256/ELP_12MP_20.12.2022_167155154806.png
ELP_12MP_13.01.2023_167362561841.png,success,downloads/7/images/all_images256/ELP_12MP_13.01.2023_167362561841.png
0352_null_dataset_jpeg.jpg,success,downloads/1/train/0352_null_dataset_jpeg.rf.5142284ebd71ab1192a150a663635546.jpg
ELP_12MP_06.12.2022_167036808693.png,success,downloads/7/images/all_images256/ELP_12MP_06.12.2022_167036808693.png
ELP_12MP_29.11.2022_166975894130.png,success,downloads/7/images/all_images256/ELP_12MP_29.11.2022_166975894130.png
ELP_12MP_28.12.2022_167224320781.png,success,downloads/7/images/all_images256/ELP_12MP_28.12.2022_167224320781.png
0501_null_dataset_jpeg.jpg,success,downloads/1/train/0501_null_dataset_jpeg.rf.abe288c9da324c4953733843ebec2868.jpg
success (159).jpg,success,downloads/4/test/success/success (159).jpg
ELP_12MP_05.01.2023_167292529945.png,success,downloads/7/images/all_images256/ELP_12MP_05.01.2023_167292529945.png
ELP_12MP_02.12.2022_166999212212.png,success,downloads/7/images/all_images256/ELP_12MP_02.12.2022_166999212212.png
ELP_12MP_23.02.2023_167716981964.png,success,downloads/7/images/all_images256/ELP_12MP_23.02.2023_167716981964.png
0251_null_dataset_jpeg.jpg,success,downloads/1/train/0251_null_dataset_jpeg.rf.4f27652a3f9470d5a6dd52bdfa6e3293.jpg
ELP_12MP_29.11.2022_166975123245.png,success,downloads/7/images/all_images256/ELP_12MP_29.11.2022_166975123245.png
0402_null_dataset_jpeg.jpg,success,downloads/1/valid/0402_null_dataset_jpeg.rf.1c55465451e74ea714eb54d290427cff.jpg
ELP_12MP_06.12.2022_167036180702.png,success,downloads/7/images/all_images256/ELP_12MP_06.12.2022_167036180702.png
ELP_12MP_13.01.2023_167362656270.png,success,downloads/7/images/all_images256/ELP_12MP_13.01.2023_167362656270.png
0195_null_dataset_jpeg.rf.68c0cf8297749ca767533ad36070f0df.jpg,success,downloads/5/train/0195_null_dataset_jpeg.rf.68c0cf8297749ca767533ad36070f0df.jpg
ELP_12MP_08.01.2023_167318355128.png,success,downloads/7/images/all_images256/ELP_12MP_08.01.2023_167318355128.png
0351_tg_jpeg.rf.1ac487c6f05e2b5fdb8e7fb6b68527e7.jpg,success,downloads/5/train/0351_tg_jpeg.rf.1ac487c6f05e2b5fdb8e7fb6b68527e7.jpg
ELP_12MP_29.11.2022_166974338245.png,success,downloads/7/images/all_images256/ELP_12MP_29.11.2022_166974338245.png
Snmek obrazovky 2022-04-01 122720.jpg,success,downloads/3/OK/Snmek obrazovky 2022-04-01 122720.jpg
0252_tg_jpeg.rf.bb7e33ad50b4f0691f6f422b58506788.jpg,success,downloads/5/train/0252_tg_jpeg.rf.bb7e33ad50b4f0691f6f422b58506788.jpg
ELP_12MP_11.01.2023_167344656550.png,success,downloads/7/images/all_images256/ELP_12MP_11.01.2023_167344656550.png
ELP_12MP_08.12.2022_167053001371.png,success,downloads/7/images/all_images256/ELP_12MP_08.12.2022_167053001371.png
0117_tg_jpeg.rf.2cbd8577fe4d9cb95b5ad3179a31c9cb.jpg,success,downloads/5/train/0117_tg_jpeg.rf.2cbd8577fe4d9cb95b5ad3179a31c9cb.jpg
ELP_12MP_29.11.2022_166976071912.png,success,downloads/7/images/all_images256/ELP_12MP_29.11.2022_166976071912.png
0141_null_dataset_jpeg.jpg,success,downloads/1/train/0141_null_dataset_jpeg.rf.a1947dc72ff2d0567820c5d8419efc21.jpg
ELP_12MP_13.12.2022_167097151445.png,success,downloads/7/images/all_images256/ELP_12MP_13.12.2022_167097151445.png
success (92).jpg,success,downloads/4/train/success/success (92).jpg
ELP_12MP_06.12.2022_167035490506.png,success,downloads/7/images/all_images256/ELP_12MP_06.12.2022_167035490506.png
ELP_12MP_05.01.2023_167292401560.png,success,downloads/7/images/all_images256/ELP_12MP_05.01.2023_167292401560.png
ELP_12MP_06.12.2022_167035791878.png,success,downloads/7/images/all_images256/ELP_12MP_06.12.2022_167035791878.png
ELP_12MP_23.02.2023_167716969995.png,success,downloads/7/images/all_images256/ELP_12MP_23.02.2023_167716969995.png
ELP_12MP_05.01.2023_167292517302.png,success,downloads/7/images/all_images256/ELP_12MP_05.01.2023_167292517302.png
ELP_12MP_01.12.2022_166991318167.png,success,downloads/7/images/all_images256/ELP_12MP_01.12.2022_166991318167.png
0219_tg_jpeg.rf.786965c72190de14695edf43c2082769.jpg,success,downloads/5/valid/0219_tg_jpeg.rf.786965c72190de14695edf43c2082769.jpg
ELP_12MP_11.01.2023_167344676656.png,success,downloads/7/images/all_images256/ELP_12MP_11.01.2023_167344676656.png
3D-printer-4_jpg.rf.19c82db2cccc48ae7b80cfd1ec6cd3f4.jpg,success,downloads/5/train/3D-printer-4_jpg.rf.19c82db2cccc48ae7b80cfd1ec6cd3f4.jpg
ELP_12MP_06.12.2022_167033666159.png,success,downloads/7/images/all_images256/ELP_12MP_06.12.2022_167033666159.png
0199_null_dataset_jpeg.jpg,success,downloads/1/train/0199_null_dataset_jpeg.rf.7b9686714248a0fb58ff6d494f25a180.jpg
ELP_12MP_06.12.2022_167036643261.png,success,downloads/7/images/all_images256/ELP_12MP_06.12.2022_167036643261.png
ELP_12MP_07.12.2022_167042004444.png,success,downloads/7/images/all_images256/ELP_12MP_07.12.2022_167042004444.png
ELP_12MP_07.12.2022_167040563045.png,success,downloads/7/images/all_images256/ELP_12MP_07.12.2022_167040563045.png
3d-printing-technology.jpg,success,downloads/3/OK/3d-printing-technology.jpg
ELP_12MP_05.01.2023_167294210209.png,success,downloads/7/images/all_images256/ELP_12MP_05.01.2023_167294210209.png
ELP_12MP_10.01.2023_167338160422.png,success,downloads/7/images/all_images256/ELP_12MP_10.01.2023_167338160422.png
ELP_12MP_10.01.2023_167338169360.png,success,downloads/7/images/all_images256/ELP_12MP_10.01.2023_167338169360.png
ELP_12MP_03.01.2023_167276030290.png,success,downloads/7/images/all_images256/ELP_12MP_03.01.2023_167276030290.png
ELP_12MP_29.11.2022_166974363730.png,success,downloads/7/images/all_images256/ELP_12MP_29.11.2022_166974363730.png
ELP_12MP_13.01.2023_167362680353.png,success,downloads/7/images/all_images256/ELP_12MP_13.01.2023_167362680353.png
0189_null_dataset_jpeg.rf.90cbe3a35966fabb7b45350a30995ba5.jpg,success,downloads/5/train/0189_null_dataset_jpeg.rf.90cbe3a35966fabb7b45350a30995ba5.jpg
ELP_12MP_06.12.2022_167036842994.png,success,downloads/7/images/all_images256/ELP_12MP_06.12.2022_167036842994.png
ELP_12MP_11.01.2023_167343651064.png,success,downloads/7/images/all_images256/ELP_12MP_11.01.2023_167343651064.png
success (122).jpg,success,downloads/4/valid/success/success (122).jpg
ELP_12MP_13.12.2022_167096997431.png,success,downloads/7/images/all_images256/ELP_12MP_13.12.2022_167096997431.png
ELP_12MP_07.12.2022_167040078269.png,success,downloads/7/images/all_images256/ELP_12MP_07.12.2022_167040078269.png
Snmek obrazovky 2022-04-01 214613.jpg,success,downloads/3/OK/Snmek obrazovky 2022-04-01 214613.jpg
ELP_12MP_20.12.2022_167155910032.png,success,downloads/7/images/all_images256/ELP_12MP_20.12.2022_167155910032.png
ELP_12MP_07.12.2022_167041326906.png,success,downloads/7/images/all_images256/ELP_12MP_07.12.2022_167041326906.png
ELP_12MP_05.01.2023_167292352015.png,success,downloads/7/images/all_images256/ELP_12MP_05.01.2023_167292352015.png
ELP_12MP_06.12.2022_167033690546.png,success,downloads/7/images/all_images256/ELP_12MP_06.12.2022_167033690546.png
0029_tg_jpeg.rf.b27646b00a798a54740838467c507d4d.jpg,success,downloads/5/valid/0029_tg_jpeg.rf.b27646b00a798a54740838467c507d4d.jpg
0263_tg_jpeg.rf.bba622858ecfe00b278b376007c339b8.jpg,success,downloads/5/test/0263_tg_jpeg.rf.bba622858ecfe00b278b376007c339b8.jpg
ELP_12MP_13.12.2022_167096924638.png,success,downloads/7/images/all_images256/ELP_12MP_13.12.2022_167096924638.png
0212_null_dataset_jpeg.rf.08c498d3b542bed2d9d241f2ff3e6c1e.jpg,success,downloads/5/train/0212_null_dataset_jpeg.rf.08c498d3b542bed2d9d241f2ff3e6c1e.jpg
0066_tg_jpeg.jpg,success,downloads/1/train/0066_tg_jpeg.rf.7f44cb3b9c48d1215323d3dcdc8f207c.jpg
ELP_12MP_06.12.2022_167035239652.png,success,downloads/7/images/all_images256/ELP_12MP_06.12.2022_167035239652.png
ELP_12MP_23.02.2023_167716051719.png,success,downloads/7/images/all_images256/ELP_12MP_23.02.2023_167716051719.png
ELP_12MP_07.12.2022_167040628822.png,success,downloads/7/images/all_images256/ELP_12MP_07.12.2022_167040628822.png
success (134).jpg,success,downloads/4/valid/success/success (134).jpg
ELP_12MP_07.12.2022_167040746645.png,success,downloads/7/images/all_images256/ELP_12MP_07.12.2022_167040746645.png
ELP_12MP_23.02.2023_167716755724.png,success,downloads/7/images/all_images256/ELP_12MP_23.02.2023_167716755724.png
success (84).jpg,success,downloads/4/train/success/success (84).jpg
ELP_12MP_06.01.2023_167300799568.png,success,downloads/7/images/all_images256/ELP_12MP_06.01.2023_167300799568.png
ELP_12MP_01.12.2022_166991318749.png,success,downloads/7/images/all_images256/ELP_12MP_01.12.2022_166991318749.png
ELP_12MP_06.12.2022_167035231959.png,success,downloads/7/images/all_images256/ELP_12MP_06.12.2022_167035231959.png
0456_null_dataset_jpeg.jpg,success,downloads/1/train/0456_null_dataset_jpeg.rf.071f6f0e5d1ce16abd18a2a24d13182d.jpg
ELP_12MP_13.01.2023_167362653282.png,success,downloads/7/images/all_images256/ELP_12MP_13.01.2023_167362653282.png
0205_null_dataset_jpeg.jpg,success,downloads/1/train/0205_null_dataset_jpeg.rf.409252b6242e3908749b3dd92e28106a.jpg
0189_tg_jpeg.jpg,success,downloads/1/train/0189_tg_jpeg.rf.110820babad92fe4cd874ce69b386f0c.jpg
ELP_12MP_23.02.2023_167716055741.png,success,downloads/7/images/all_images256/ELP_12MP_23.02.2023_167716055741.png
success (3).jpg,success,downloads/4/train/success/success (3).jpg
ELP_12MP_06.12.2022_167035236039.png,success,downloads/7/images/all_images256/ELP_12MP_06.12.2022_167035236039.png
ELP_12MP_06.12.2022_167036641516.png,success,downloads/7/images/all_images256/ELP_12MP_06.12.2022_167036641516.png
ELP_12MP_28.12.2022_167224394186.png,success,downloads/7/images/all_images256/ELP_12MP_28.12.2022_167224394186.png
ELP_12MP_06.12.2022_167036372329.png,success,downloads/7/images/all_images256/ELP_12MP_06.12.2022_167036372329.png
success (114).jpg,success,downloads/4/train/success/success (114).jpg
ELP_12MP_05.01.2023_167294053598.png,success,downloads/7/images/all_images256/ELP_12MP_05.01.2023_167294053598.png
ELP_12MP_13.12.2022_167094584324.png,success,downloads/7/images/all_images256/ELP_12MP_13.12.2022_167094584324.png
ELP_12MP_11.01.2023_167344605080.png,success,downloads/7/images/all_images256/ELP_12MP_11.01.2023_167344605080.png
ELP_12MP_06.12.2022_167036169799.png,success,downloads/7/images/all_images256/ELP_12MP_06.12.2022_167036169799.png
0165_null_dataset_jpeg.jpg,success,downloads/1/train/0165_null_dataset_jpeg.rf.8fe9fbdeae0ebbc99c51b726bff6209f.jpg
ELP_12MP_20.12.2022_167155178733.png,success,downloads/7/images/all_images256/ELP_12MP_20.12.2022_167155178733.png
ELP_12MP_01.12.2022_166992873240.png,success,downloads/7/images/all_images256/ELP_12MP_01.12.2022_166992873240.png
0073_tg_jpeg.jpg,success,downloads/1/train/0073_tg_jpeg.rf.0d6d575b24ac7def656c0905b5c25d33.jpg
3D-printing-1-_jpg.jpg,success,downloads/1/test/3D-printing-1-_jpg.rf.4a1954a30b750d645439f525e289a85f.jpg
ELP_12MP_07.12.2022_167041030476.png,success,downloads/7/images/all_images256/ELP_12MP_07.12.2022_167041030476.png
ELP_12MP_11.01.2023_167344641601.png,success,downloads/7/images/all_images256/ELP_12MP_11.01.2023_167344641601.png
0238_null_dataset_jpeg.rf.1c013a0e5d5d28e15a0a9ec073c41e20.jpg,success,downloads/5/train/0238_null_dataset_jpeg.rf.1c013a0e5d5d28e15a0a9ec073c41e20.jpg
ELP_12MP_05.01.2023_167292635045.png,success,downloads/7/images/all_images256/ELP_12MP_05.01.2023_167292635045.png
ELP_12MP_21.12.2022_167159378348.png,success,downloads/7/images/all_images256/ELP_12MP_21.12.2022_167159378348.png
0237_null_dataset_jpeg.jpg,success,downloads/1/train/0237_null_dataset_jpeg.rf.5774c41ebc80e4021b4b58083f76fb7a.jpg
ELP_12MP_03.01.2023_167276035936.png,success,downloads/7/images/all_images256/ELP_12MP_03.01.2023_167276035936.png
0227_null_dataset_jpeg.rf.085da94a9bde9911fc016decd27c591d.jpg,success,downloads/5/train/0227_null_dataset_jpeg.rf.085da94a9bde9911fc016decd27c591d.jpg
ELP_12MP_06.12.2022_167035415320.png,success,downloads/7/images/all_images256/ELP_12MP_06.12.2022_167035415320.png
0464_null_dataset_jpeg.jpg,success,downloads/1/train/0464_null_dataset_jpeg.rf.7c80017e4443c7215a5628679e4c81e6.jpg
0583_null_dataset_jpeg.rf.1596d4d0863312228b3c10b23da5ade6.jpg,success,downloads/5/test/0583_null_dataset_jpeg.rf.1596d4d0863312228b3c10b23da5ade6.jpg
0342_null_dataset_jpeg.rf.87b71e4eaa7a2fbbab82a9eb3aa3f2a3.jpg,success,downloads/5/train/0342_null_dataset_jpeg.rf.87b71e4eaa7a2fbbab82a9eb3aa3f2a3.jpg
ELP_12MP_20.12.2022_167155120772.png,success,downloads/7/images/all_images256/ELP_12MP_20.12.2022_167155120772.png
success (143).jpg,success,downloads/4/valid/success/success (143).jpg
images.jpg,success,downloads/3/OK/images.jpg
ELP_12MP_06.12.2022_167035437354.png,success,downloads/7/images/all_images256/ELP_12MP_06.12.2022_167035437354.png
ELP_12MP_23.02.2023_167716546906.png,success,downloads/7/images/all_images256/ELP_12MP_23.02.2023_167716546906.png
ELP_12MP_23.02.2023_167716546912.png,success,downloads/7/images/all_images256/ELP_12MP_23.02.2023_167716546912.png
ELP_12MP_20.12.2022_167155876404.png,success,downloads/7/images/all_images256/ELP_12MP_20.12.2022_167155876404.png
0567_null_dataset_jpeg.jpg,success,downloads/1/train/0567_null_dataset_jpeg.rf.8614e9858960f34a50ea898ca482f1fa.jpg
ELP_12MP_13.01.2023_167362409320.png,success,downloads/7/images/all_images256/ELP_12MP_13.01.2023_167362409320.png
ELP_12MP_06.12.2022_167036757809.png,success,downloads/7/images/all_images256/ELP_12MP_06.12.2022_167036757809.png
istockphoto-1301565754-170667a_jpg.rf.75d7c58d02a79d10b2a9589593f543b1.jpg,success,downloads/5/train/istockphoto-1301565754-170667a_jpg.rf.75d7c58d02a79d10b2a9589593f543b1.jpg
ELP_12MP_13.01.2023_167362395352.png,success,downloads/7/images/all_images256/ELP_12MP_13.01.2023_167362395352.png
ELP_12MP_23.02.2023_167716527491.png,success,downloads/7/images/all_images256/ELP_12MP_23.02.2023_167716527491.png
ELP_12MP_07.12.2022_167040359209.png,success,downloads/7/images/all_images256/ELP_12MP_07.12.2022_167040359209.png
0226_tg_jpeg.rf.e322095170ebabfe9cc4911d0af4c85d.jpg,success,downloads/5/test/0226_tg_jpeg.rf.e322095170ebabfe9cc4911d0af4c85d.jpg
ELP_12MP_20.12.2022_167156559304.png,success,downloads/7/images/all_images256/ELP_12MP_20.12.2022_167156559304.png
success (155).jpg,success,downloads/4/test/success/success (155).jpg
ELP_12MP_07.12.2022_167041355685.png,success,downloads/7/images/all_images256/ELP_12MP_07.12.2022_167041355685.png
ELP_12MP_23.02.2023_167716783572.png,success,downloads/7/images/all_images256/ELP_12MP_23.02.2023_167716783572.png
ELP_12MP_05.01.2023_167292411573.png,success,downloads/7/images/all_images256/ELP_12MP_05.01.2023_167292411573.png
0322_null_dataset_jpeg.jpg,success,downloads/1/valid/0322_null_dataset_jpeg.rf.da04ad2587608a85669d366ffd9be137.jpg
0571_null_dataset_jpeg.jpg,success,downloads/1/valid/0571_null_dataset_jpeg.rf.3f24723414a78415b8c560a13821dbf9.jpg
3D-Printing-Is-Changing-the-Global-Manufacturing-Landscape_jpg.jpg,success,downloads/1/train/3D-Printing-Is-Changing-the-Global-Manufacturing-Landscape_jpg.rf.fb727f40436237256ebadfea6a1690c7.jpg
ELP_12MP_06.12.2022_167034343362.png,success,downloads/7/images/all_images256/ELP_12MP_06.12.2022_167034343362.png
ELP_12MP_28.12.2022_167224354759.png,success,downloads/7/images/all_images256/ELP_12MP_28.12.2022_167224354759.png
ELP_12MP_07.12.2022_167040765115.png,success,downloads/7/images/all_images256/ELP_12MP_07.12.2022_167040765115.png
0573_null_dataset_jpeg.rf.9971c14fd5cae878a693f0827e975bf7.jpg,success,downloads/5/valid/0573_null_dataset_jpeg.rf.9971c14fd5cae878a693f0827e975bf7.jpg
0472_null_dataset_jpeg.jpg,success,downloads/1/train/0472_null_dataset_jpeg.rf.803c20fedca4e7c9a4287334ba654e81.jpg
ELP_12MP_06.12.2022_167035911336.png,success,downloads/7/images/all_images256/ELP_12MP_06.12.2022_167035911336.png
ELP_12MP_04.01.2023_167284635843.png,success,downloads/7/images/all_images256/ELP_12MP_04.01.2023_167284635843.png
success (102).jpg,success,downloads/4/train/success/success (102).jpg
ELP_12MP_05.01.2023_167293883216.png,success,downloads/7/images/all_images256/ELP_12MP_05.01.2023_167293883216.png
0056_tg_jpeg.rf.66b898525f992a5d28bd738e1516e6dc.jpg,success,downloads/5/train/0056_tg_jpeg.rf.66b898525f992a5d28bd738e1516e6dc.jpg
0209_tg_jpeg.rf.11b2398bb1dc6d2690dec9db0cd2ce08.jpg,success,downloads/5/train/0209_tg_jpeg.rf.11b2398bb1dc6d2690dec9db0cd2ce08.jpg
ELP_12MP_20.12.2022_167155967119.png,success,downloads/7/images/all_images256/ELP_12MP_20.12.2022_167155967119.png
ELP_12MP_20.12.2022_167156541013.png,success,downloads/7/images/all_images256/ELP_12MP_20.12.2022_167156541013.png
ELP_12MP_11.01.2023_167344691965.png,success,downloads/7/images/all_images256/ELP_12MP_11.01.2023_167344691965.png
ELP_12MP_20.12.2022_167155934555.png,success,downloads/7/images/all_images256/ELP_12MP_20.12.2022_167155934555.png
0300_null_dataset_jpeg.rf.0239dcf4a233be6bf30a9429ccfb8595.jpg,success,downloads/5/train/0300_null_dataset_jpeg.rf.0239dcf4a233be6bf30a9429ccfb8595.jpg
Snmek obrazovky 2022-04-01 215137.jpg,success,downloads/3/OK/Snmek obrazovky 2022-04-01 215137.jpg
ELP_12MP_06.12.2022_167034408662.png,success,downloads/7/images/all_images256/ELP_12MP_06.12.2022_167034408662.png
0297_null_dataset_jpeg.jpg,success,downloads/1/train/0297_null_dataset_jpeg.rf.3f2162d06b6d1ee6ebfd4401dfc3eadf.jpg
ELP_12MP_06.12.2022_167036169148.png,success,downloads/7/images/all_images256/ELP_12MP_06.12.2022_167036169148.png
ELP_12MP_11.01.2023_167344792505.png,success,downloads/7/images/all_images256/ELP_12MP_11.01.2023_167344792505.png
0299_tg_jpeg.jpg,success,downloads/1/train/0299_tg_jpeg.rf.0b0c6d0136c87b30a16da3348007c36a.jpg
ELP_12MP_13.12.2022_167094559964.png,success,downloads/7/images/all_images256/ELP_12MP_13.12.2022_167094559964.png
ELP_12MP_06.12.2022_167035251895.png,success,downloads/7/images/all_images256/ELP_12MP_06.12.2022_167035251895.png
ELP_12MP_06.12.2022_167035626632.png,success,downloads/7/images/all_images256/ELP_12MP_06.12.2022_167035626632.png
ELP_12MP_06.01.2023_167301589589.png,success,downloads/7/images/all_images256/ELP_12MP_06.01.2023_167301589589.png
ELP_12MP_10.01.2023_167337507023.png,success,downloads/7/images/all_images256/ELP_12MP_10.01.2023_167337507023.png
ELP_12MP_06.12.2022_167035904935.png,success,downloads/7/images/all_images256/ELP_12MP_06.12.2022_167035904935.png
01s8lOzd24t1s3pHCdDtLUA-8-v1569485513_jpg.rf.cbf1fbff8a90f7fcfa1029b673ccc61f.jpg,success,downloads/5/test/01s8lOzd24t1s3pHCdDtLUA-8-v1569485513_jpg.rf.cbf1fbff8a90f7fcfa1029b673ccc61f.jpg
ELP_12MP_13.12.2022_167096909346.png,success,downloads/7/images/all_images256/ELP_12MP_13.12.2022_167096909346.png
ELP_12MP_01.12.2022_166992863126.png,success,downloads/7/images/all_images256/ELP_12MP_01.12.2022_166992863126.png
ELP_12MP_06.12.2022_167036734968.png,success,downloads/7/images/all_images256/ELP_12MP_06.12.2022_167036734968.png
0430_null_dataset_jpeg.jpg,success,downloads/1/train/0430_null_dataset_jpeg.rf.f4467de37426219cf04ab548d435d8a7.jpg
ELP_12MP_01.12.2022_166991320362.png,success,downloads/7/images/all_images256/ELP_12MP_01.12.2022_166991320362.png
ELP_12MP_01.12.2022_166990925093.png,success,downloads/7/images/all_images256/ELP_12MP_01.12.2022_166990925093.png
0031_tg_jpeg.jpg,success,downloads/1/train/0031_tg_jpeg.rf.01a806cde3511d51b629685ce7b554e9.jpg
ELP_12MP_02.12.2022_166999221355.png,success,downloads/7/images/all_images256/ELP_12MP_02.12.2022_166999221355.png
0567_null_dataset_jpeg.rf.5b0e2fff5735f3dde8bedf230b32eb57.jpg,success,downloads/5/train/0567_null_dataset_jpeg.rf.5b0e2fff5735f3dde8bedf230b32eb57.jpg
success (71).jpg,success,downloads/4/train/success/success (71).jpg
ELP_12MP_28.12.2022_167224385698.png,success,downloads/7/images/all_images256/ELP_12MP_28.12.2022_167224385698.png
0360_null_dataset_jpeg.jpg,success,downloads/1/train/0360_null_dataset_jpeg.rf.f68dbb37e9ec9a9d534550d328efa514.jpg
ELP_12MP_01.12.2022_166990922529.png,success,downloads/7/images/all_images256/ELP_12MP_01.12.2022_166990922529.png
ELP_12MP_20.12.2022_167155954713.png,success,downloads/7/images/all_images256/ELP_12MP_20.12.2022_167155954713.png
ELP_12MP_29.11.2022_166975958276.png,success,downloads/7/images/all_images256/ELP_12MP_29.11.2022_166975958276.png
ELP_12MP_28.12.2022_167224387514.png,success,downloads/7/images/all_images256/ELP_12MP_28.12.2022_167224387514.png
ELP_12MP_01.12.2022_166992922436.png,success,downloads/7/images/all_images256/ELP_12MP_01.12.2022_166992922436.png
ELP_12MP_23.02.2023_167716544057.png,success,downloads/7/images/all_images256/ELP_12MP_23.02.2023_167716544057.png
ELP_12MP_05.01.2023_167292534902.png,success,downloads/7/images/all_images256/ELP_12MP_05.01.2023_167292534902.png
ELP_12MP_06.12.2022_167033699373.png,success,downloads/7/images/all_images256/ELP_12MP_06.12.2022_167033699373.png
printing-device-for-plastic_jpg.rf.27030ee3df7f8e727b2eaab72377d583.jpg,success,downloads/5/train/printing-device-for-plastic_jpg.rf.27030ee3df7f8e727b2eaab72377d583.jpg
ELP_12MP_13.12.2022_167096938399.png,success,downloads/7/images/all_images256/ELP_12MP_13.12.2022_167096938399.png
0554_null_dataset_jpeg.rf.c0bfaf64dcb42f51bdfee0844386fa1f.jpg,success,downloads/5/test/0554_null_dataset_jpeg.rf.c0bfaf64dcb42f51bdfee0844386fa1f.jpg
ELP_12MP_07.12.2022_167040097668.png,success,downloads/7/images/all_images256/ELP_12MP_07.12.2022_167040097668.png
0145_tg_jpeg.rf.28a2ae34b0455f268aeb13cf10d52684.jpg,success,downloads/5/train/0145_tg_jpeg.rf.28a2ae34b0455f268aeb13cf10d52684.jpg
ELP_12MP_29.11.2022_166975151389.png,success,downloads/7/images/all_images256/ELP_12MP_29.11.2022_166975151389.png
Snmek obrazovky 2022-04-01 221708.jpg,success,downloads/3/OK/Snmek obrazovky 2022-04-01 221708.jpg
success (26).jpg,success,downloads/4/train/success/success (26).jpg
ELP_12MP_07.12.2022_167042006046.png,success,downloads/7/images/all_images256/ELP_12MP_07.12.2022_167042006046.png
ELP_12MP_01.12.2022_166992915503.png,success,downloads/7/images/all_images256/ELP_12MP_01.12.2022_166992915503.png
ELP_12MP_04.01.2023_167284856526.png,success,downloads/7/images/all_images256/ELP_12MP_04.01.2023_167284856526.png
ELP_12MP_06.12.2022_167034360223.png,success,downloads/7/images/all_images256/ELP_12MP_06.12.2022_167034360223.png
0256_tg_jpeg.jpg,success,downloads/1/train/0256_tg_jpeg.rf.1084fa6a748ca73d3e57f8c79ff7ac9f.jpg
ELP_12MP_13.01.2023_167362585333.png,success,downloads/7/images/all_images256/ELP_12MP_13.01.2023_167362585333.png
ELP_12MP_06.12.2022_167033694045.png,success,downloads/7/images/all_images256/ELP_12MP_06.12.2022_167033694045.png
ELP_12MP_23.02.2023_167716242709.png,success,downloads/7/images/all_images256/ELP_12MP_23.02.2023_167716242709.png
success (138).jpg,success,downloads/4/valid/success/success (138).jpg
smoothed-out-pla-prints-austin-wilson-via-wired-210709_jpg.jpg,success,downloads/1/train/smoothed-out-pla-prints-austin-wilson-via-wired-210709_jpg.rf.42fe4ea3151cc292f9aaaf3eb983f179.jpg
0217_tg_jpeg.rf.0d1a62a03a42ee27d411c65d860bc6fb.jpg,success,downloads/5/train/0217_tg_jpeg.rf.0d1a62a03a42ee27d411c65d860bc6fb.jpg
ELP_12MP_07.12.2022_167044599025.png,success,downloads/7/images/all_images256/ELP_12MP_07.12.2022_167044599025.png
ELP_12MP_07.12.2022_167044651183.png,success,downloads/7/images/all_images256/ELP_12MP_07.12.2022_167044651183.png
ELP_12MP_23.02.2023_167716966092.png,success,downloads/7/images/all_images256/ELP_12MP_23.02.2023_167716966092.png
0318_null_dataset_jpeg.jpg,success,downloads/1/train/0318_null_dataset_jpeg.rf.f2e4cf810f0ea15d04cfd3e66816b2db.jpg
ELP_12MP_06.12.2022_167035913124.png,success,downloads/7/images/all_images256/ELP_12MP_06.12.2022_167035913124.png
ELP_12MP_13.12.2022_167096926776.png,success,downloads/7/images/all_images256/ELP_12MP_13.12.2022_167096926776.png
ELP_12MP_02.12.2022_166999521244.png,success,downloads/7/images/all_images256/ELP_12MP_02.12.2022_166999521244.png
0044_tg_jpeg.rf.3e1762d793e11aba7a8d44f28a220e59.jpg,success,downloads/5/train/0044_tg_jpeg.rf.3e1762d793e11aba7a8d44f28a220e59.jpg
Snmek obrazovky 2022-04-01 214823.jpg,success,downloads/3/OK/Snmek obrazovky 2022-04-01 214823.jpg
ELP_12MP_10.01.2023_167338681080.png,success,downloads/7/images/all_images256/ELP_12MP_10.01.2023_167338681080.png
success (30).jpg,success,downloads/4/train/success/success (30).jpg
ELP_12MP_13.01.2023_167362614848.png,success,downloads/7/images/all_images256/ELP_12MP_13.01.2023_167362614848.png
0226_tg_jpeg.jpg,success,downloads/1/train/0226_tg_jpeg.rf.4cc2bfbc2347591c3cf2be52f3587824.jpg
bigstock-Automatic-Three-Dimensional-Pr-396383408_jpg.rf.2796cd12b3dd4d18590742c9fbe277a8.jpg,success,downloads/5/train/bigstock-Automatic-Three-Dimensional-Pr-396383408_jpg.rf.2796cd12b3dd4d18590742c9fbe277a8.jpg
ELP_12MP_06.12.2022_167033741334.png,success,downloads/7/images/all_images256/ELP_12MP_06.12.2022_167033741334.png
0448_null_dataset_jpeg.jpg,success,downloads/1/valid/0448_null_dataset_jpeg.rf.dd511f6adb576c3122c927b5fa2a9be6.jpg
ELP_12MP_04.01.2023_167284500060.png,success,downloads/7/images/all_images256/ELP_12MP_04.01.2023_167284500060.png
0367_null_dataset_jpeg.rf.22abe476fedc0579bc9617c425a3506e.jpg,success,downloads/5/train/0367_null_dataset_jpeg.rf.22abe476fedc0579bc9617c425a3506e.jpg
0191_null_dataset_jpeg.jpg,success,downloads/1/train/0191_null_dataset_jpeg.rf.6aaf6ec5e420d4741c7f09dfd518e337.jpg
ELP_12MP_13.01.2023_167362722493.png,success,downloads/7/images/all_images256/ELP_12MP_13.01.2023_167362722493.png
ELP_12MP_02.12.2022_166999196221.png,success,downloads/7/images/all_images256/ELP_12MP_02.12.2022_166999196221.png
success (88).jpg,success,downloads/4/train/success/success (88).jpg
mechanical_3D_print_jpg.jpg,success,downloads/1/train/mechanical_3D_print_jpg.rf.f479bada2fe7b8c78bf40e397d0027e3.jpg
success (67).jpg,success,downloads/4/train/success/success (67).jpg
ELP_12MP_05.01.2023_167292514973.png,success,downloads/7/images/all_images256/ELP_12MP_05.01.2023_167292514973.png
print-in-place.jpg,success,downloads/3/OK/print-in-place.jpg
